HIOS ID,HIOS INPUTTED INSURANCE COMPANY NAME,STATE,"HHS RISK ADJUSTMENT TRANSFER AMOUNT (INDIVIDUAL MARKET, INCLUDING CATASTROPHIC)_2014",7.4Membermonths2HealthInsuranceINDIVIDUALTotalasof3/31/15_2014,1.1Directpremiumwritten2HealthInsuranceINDIVIDUALTotalasof3/31/15_2014,2.16Totalincurredclaims2HealthInsuranceINDIVIDUALTotalasof3/31/15_2014,"HHS RISK ADJUSTMENT TRANSFER AMOUNT (INDIVIDUAL MARKET, INCLUDING CATASTROPHIC)_2015",7.4Membermonths2HealthInsuranceINDIVIDUALTotalasof3/31/15_2015,1.1Directpremiumwritten2HealthInsuranceINDIVIDUALTotalasof3/31/15_2015,2.16Totalincurredclaims2HealthInsuranceINDIVIDUALTotalasof3/31/15_2015,"HHS RISK ADJUSTMENT TRANSFER AMOUNT (INDIVIDUAL MARKET, INCLUDING CATASTROPHIC)",7.4Membermonths2HealthInsuranceINDIVIDUALTotalasof3/31/15,1.1Directpremiumwritten2HealthInsuranceINDIVIDUALTotalasof3/31/15,2.16Totalincurredclaims2HealthInsuranceINDIVIDUALTotalasof3/31/15
10091,PacificSource Health Plans,OR,3133280.74,127744,29970266,49756526.96,6385295.65,230438,105005537,105532273,5351707.64,324858,131730201,122381020
10191,"Freelancers CO-OP of New Jersey, Inc.",NJ,9029800.73,32684,16019597,25023388,-38582686.31,,,,3930303.89,169481,71999367,88281556
10207,"CareFirst BlueChoice, Inc.",VA,-6283212.33,258022,73447699.25,70625508.48,-4690047.91,199582,60304876,28198872,-106521339.3,792947,247229762,108535836
10842,Celtic Insurance Company,PA,-6140.62,776,165919,315843.4295,-2443.12,560,334836.84,324277.52,,772,360384.8,312232.35
10940,"Health Net Health Plan of Oregon, Inc.",OR,2794804.37,38452,11359633,19496468,3408186.75,56561,11993627.34,11147992.22,-6276507.5,141477,39691002.07,37233255.36
10958,UnitedHealthcare Ins Co of River Valley,TN,,1668,689451.78,547207.82,,4821,2245406.86,1630747.4,,6660,3200237.21,2614594.4
11082,Aetna Life Insurance Company,AK,-52362.57,10131,3278758.81,2492398.44,-34550.55,,,,-4894494.13,49187,13994688.41,10996857.35
11104,Federated Mutual Insurance Company,IN,,17,10833.64,1163.2,,36,16829.38,20911.53467,-10129.47,21,9466.38,32301.31482
11177,MetroPlus Health Plan,NY,-54033594.1,399516,144984418,77121222.22,-30578616.79,2916902,856845692,1134323885,40053163.35,2648394,983115944,1143858370
11269,Blue Cross Blue Shield of Wyoming,WY,6093726.2,124364,53463568,56230763,1438732.96,777909,264335190,220628830,-11353357.47,526619,188178972,161015713
11555,New Health Ventures Inc.,CO,99152.72,921,486058,826272,173278.24,166,68321,29103,256671.44,4938,1686889.08,2092136.6
11593,HPHC Insurance Company Inc.,ME,578793.75,1796,658845,1569550.341,208585.27,8077,1784005.94,1254218.05,-106659.16,6183,1351592.12,1182334.65
12028,Innovation Health Insurance Company,VA,-10851778.45,250797,77956385.43,65164565.2,-9421914.58,941870,313395095.8,251590989.9,23234667.9,906565,336684023.9,288594174.3
13433,Federated Mutual Insurance Company,VA,,6,8766,27.2,,3060,300025.67,254744.52,,19,283.91,-60339.71
13535,UnitedHealthcare Insurance Company,GA,,565,373157.79,778206.44,,15247,6050468.51,8094148.912,-131960.47,3794,1389158.73,743344.81
13537,Coventry Health and Life,DE,3410.6,16121,3677153,2861580.77,,93291,35918919.04,31853805.4,789659.17,56861,24941307.12,22355443.86
13667,HealthPlus of Michigan,MI,-855252.76,25005,6708260,7981593,-4076070.63,138388,36796777.05,35785272.13,-5073958.4,94007,28906770.34,26696904.84
13939,Time Insurance Company,AL,-35409.21,11799,3245622,4465455,-223260.2,33167,12165663,11503977,-2330312.51,48824,18375620,16605362
13953,"Horizon Healthcare of New Jersey, Inc.",NJ,,40718,27443593,30102066,-945.51,237567,63129854,64799269,-3779277.3,295687,87331622,87114965.56
14026,Time Insurance Company,MO,2064658.36,186785,42701638,44326434,3559221.84,263617,92779598,98734595,-16261579.31,431250,145327081,155618578
14030,Aetna Life Insurance Company,LA,,1243,566848.84,503613.04,,17260,5939058.05,13692385.66,,5603,1499865.65,3624000.93
14162,UnitedHealthcare Life Insurance Company,MO,1388382.82,25008,9686371.36,11088178.65,1543008.5,,,,6317313.74,127045,49116665.34,60039482.23
14468,"Coventry Health Care of Delaware, Inc.",MD,,924,348499,292024.3,,18268,7453747,7254775.728,,3307,841052.42,544300.5391
14650,Time Insurance Company,OH,2104210.85,102450,25170821,29893962,2988966.3,255090,59195738,53108065,5900733.25,274816,77199778,78396996
15287,Blue Cross & Blue Shield of Rhode Island,RI,570729.73,413678,147318626,143930445,9680258.57,6478135,2068327690,2620797653,36348043.52,4887859,1823781516,1870843246
15411,"Humana Health Plan, Inc.",KY,1152387.48,301919,59580665.13,64919042.08,3404519.29,212523,53701829,66859475,-25030909.74,581185,178637637,214467979
15438,Coventry Health Care of Nebraska Inc.,NE,1102852.31,45293,12389748.67,13137899.13,-13630630.99,105901,37454117.04,36403961.6,2005.97,145100,48929244.58,57938583.53
15980,Humana Insurance Company,FL,483961.79,340137,61957108.45,44168143.43,-279.3,543379,273822437,328425555,36425250.15,632759,312164428,442082699
16204,"Coordinated Health Mutual, Inc.",OH,-1262069.95,19320,7108247,6902111,-3985495.69,127889,47145922,35682494.16,,101808,40831530.21,30979764.37
16322,"UPMC Health Options, Inc.",PA,-3587.19,7694,2395450,4487507.78,-3105783.44,288,121830,45897.57,-4071093.14,31334,9350089,4877603
16481,"UPMC Health Network, Inc.",PA,541631.59,5614,2581779,3855640.91,,35287,12501291,13278499,-208979.24,34440,12961373,11787125
16621,Celtic Insurance Company,MT,-586.8,7,6996,4669.235288,,21,12143,50480,261.36,18,14227,106132
16698,Prominence HealthFirst,NV,542628,41120,20905855,20058272,3206374.59,92215,28174228,18870456,-25420942.91,214156,67496921,48820392
17210,Aetna Life Insurance Company,NY,14975558.9,57833,31466911.09,60811431.43,9153245.87,368674,169150496,230112614,-8972947.64,332132,179557227,209916524
17341,UnitedHealthcare Life Insurance Company,FL,6516021.26,63489,28607461.86,41159963.06,10189460.6,391924,154749651,148032955.5,8841541.49,301003,132150829,128120377
17808,Humana Insurance Company,SC,24910.64,14566,3970049.62,4017044.401,16975.57,20210,8327280.45,12051717.3,1604316.11,65010,22453450.1,21889130.32
18029,Independent Health Benefits Corporation,NY,6203465.48,37626,16703292,18421973,7655906.8,80011,26352276.29,29268855.53,-13518890.18,174907,63005698.43,59951019.03
18126,MOLINA HEALTHCARE OF CALIFORNIA,CA,-9072047.23,71865,20990525,8163374,-25983024.62,291585,88246618.16,84564349.17,-2023576.08,215594,72803015,76863811.74
18167,Molina Healthcare of Utah,UT,311802.19,2085,544533,907059,-2854734.71,1279,597072,444341,-528674.34,5315,2435314,681987
18350,Hawaii Medical Service Association,HI,10430372.28,207688,58730826,70996892,15467100.5,324022,105458417.2,77700405.68,-31760032.8,577236,202395529.6,194599036.8
18389,Pekin Life Insurance Company,IL,,114,2258,5045,,4,836,,,9,1672,139.69
18581,Community Health Plan of Washington,WA,11449602.2,30774,13542943,30333327,6748059.74,94081,35127892,33194265,-3617941.82,150442,47954634,37425734
18628,Aetna Health Inc. (a FL corp.),FL,-525058.02,404615,93742793.82,71993704.55,-28025200.75,1752758,534928354.9,554088580.7,-4108462.62,1195467,462009094.1,493023312
18699,UnitedHealthcare Insurance Company,WA,,773,283645.8,424179.57,,2914,1417059.83,1293575.05,,2632,1333475.87,986947.18
18973,Coventry Health Care of Iowa Inc.,IA,-9236606.28,363736,90284473.3,115208838,-10780079.07,688066,207545372,151069668,,1173969,336200238,289964646
19068,Time Insurance Company,PA,1461479.59,98176,23727543,27582910,3948940.01,72061,20742943,16440299.79,-30547269.78,240950,62410719.39,35066545.2
19298,Aetna Health Inc. (a PA corp.),NV,,61,17805.95,13086.15,-1143730.03,16,7848.96,336.07,,36,16065.16,3424.3
19503,Time Insurance Company,KY,1786736.84,44888,8834919,13511722,1187533.23,192418,71644539,117238425,-2492656.84,118846,50094649.49,89426654
19524,Time Insurance Company,NE,654497.47,80452,20516492,20058502,6667658.89,215901,88373512,114331132,1171732.92,205276,99789965,110544386
19636,"HMO Louisiana, Inc.",LA,-12245987.34,337975,124336446,107922906,-30654005.69,1291544,482068666,469929005,-53397058.27,1592335,573518907,502166813
19722,"Molina Health Care of New Mexico, Inc.",NM,685619.88,18034,5506419,4244028,-265619.48,111408,40754310,43521941.03,-2126520.47,73278,28482808.38,32281883
19898,"AvMed, Inc.",FL,1215541.75,114237,28608236,23869035,-148477.46,203446,73953771.2,54159873.28,-15288511.46,302623,104064767.5,93856037.79
19913,Freedom Life Insurance,LA,72093.27,208,71333,249639,235529.13,213,839592,-651223.12,,294,260338.4,483952.3
19968,Humana Insurance Company,KS,97760.97,65146,11305627.63,9476517.522,129998.03,135389,63734606.67,72589175.31,,139056,67756337.21,77814790.83
20126,HealthSpan Integrated Care,OH,-9566203.9,90538,28554723,27408056,-4273438.02,308670,91329533,125172066,16511893.78,299732,101291469,136715595.7
20129,"Health Alliance Medical Plans, Inc.",IL,2597374.35,200255,61942668,64550679,-1326442.96,72932,16190660,18398259,-31798539.87,622659,135621047,141993410
20173,HealthPartners Insurance Company,WI,,82,46000,79000,,217,95471.01,39432.29,,131,79083.63,7449.92
20393,McLaren Health Plan,MI,-275686.71,80642,19128950,19770500.93,3123625.29,491563,129662987,153472918,-7611069.39,202446,72185965,75936508
20472,"Colorado Health Insurance Cooperative, Inc.",CO,-4393875.95,144312,53792423.77,67902479.91,-41180913.97,670981,214100821.7,226180077.9,21010173.45,527754,189994704.6,195001710.1
20507,Optima Health Plan,VA,19660297.48,199052,70503942,103007596,42170520.55,793293,227165202,207890018,-14760.32,718574,225227066,198347078
20523,Aetna Health of California Inc.,CA,,4418,2247068.97,3347533.76,,105258,36172211.59,57228856.87,122433.72,28330,5643355.52,4911117.86
20544,Time Insurance Company,GA,4104599.26,165411,39635958,44495926,10590785.72,248033,72076866.85,70634494.88,-32450558.97,421778,143009162.6,102535993.5
20895,Humana Insurance Company,NV,1873080.72,30780,7371670.17,12724866.64,1431529.89,254595,78083137,92377528.02,4400630.58,103181,19611642,57707747.49
21663,Celtic Insurance Company,FL,143355.7,138,174155,432959.3592,193747.7,994,38528,34416,,788,46641,33548
22013,Regence BlueCross BlueShield of Utah,UT,524047.97,405320,53408218,51268997,1629776.02,485275,153265045.8,124845466.8,-19679828.24,524977,187980194.5,148120335.6
22369,Aetna Life Insurance Company,SC,,21234,5094293.65,4037360.15,,56185,13457110,7964463,,66843,19144269.69,12300433.32
22444,Geisinger Health Plan,PA,1759834.57,219034,74406248.22,109587873.8,11417706.62,960435,230141545.1,262184110.3,75959121.33,825944,254400868.6,434295724
22732,UnitedHealthcare Ins Co of River Valley,AR,,188,72465.86,51003.59,,358,142305.26,59814.41,,294,124470.32,17973.05
23029,Madison National Life,AZ,,14965,2097652,1019927,,154506,45750926,72189787,30568.28,26411,9003556,8825749
23307,"Humana Health Plan, Inc.",AZ,-351373.9,32208,8637428.75,14286146.19,856409.75,143355,78693115,105293849,11418310.79,116214,86269350,83903892
23371,Kaiser Foundation Healthplan of the NW,WA,2144483.77,61981,24686911,20741164,1500350.01,99053,37180019.76,30801493.11,367444.85,264556,102461360.6,118798880.5
23458,Cigna Health and Life Insurance Company,NJ,,18,3382,-11676,,,,,,12,,10724.25
23468,Humana Insurance Company,OK,-107296.38,6085,1661454.27,1743140.996,74763.49,20042,11455459.35,10559244.15,,19975,11403154.84,10237930.92
23489,UnitedHealthcare Insurance Company,PA,,3954,1761380.53,2071919.42,,23387,8127670.65,7114111.22,-617987.08,22659,9954488.68,11091264.04
23603,PacificSource Health Plans,MT,506533.42,92912,26110449,35304377.4,-805324.98,50553,17631287,17023375,-8236558.77,277467,85278716,80939920.07
23620,UnitedHealthcare Insurance Company,MD,,3219,1680029.72,1316539.32,,23018,10363196,10382746.45,747453.25,21069,8881249,9818764.263
23671,"UnitedHealthcare of Kentucky, Ltd.",KY,,608,198645.88,126464.84,,319,87921.25,27455.87,,938,202254.52,158438.91
23841,Aetna Life Insurance Company,FL,20415906.73,409905,152776589.5,175865983.9,-2790586.53,11485974,3682739521,4792483100,59463978.57,7787815,2648723458,2656789701
24251,"Optimum Choice, Inc.",VA,,898,432328.68,302838.26,,,,,-248705.2,3994,1418806.48,1116925.2
24588,Federated Mutual Insurance Company,NC,,12,5628,1638.12,,12,679.22,24030.80201,-8489.27,12,8493.61,56527.30093
24675,"Blue Cross and Blue Shield of Massachusetts, Inc. ***",MA,,3430,3059745,4057978,,61178,15883638.09,10385016.78,-1071172.33,45693,11213653.76,8871499.43
24775,Celtic Insurance Company,GA,7411.32,59,45278,44767.75976,1983.9,173,92388.66,96595.45,,109,36766.7,18917.99
24867,Time Insurance Company,MT,617238.69,109492,24731561,26212712,1231200.88,,,,19685102.97,273751,94484110.77,187327999.3
25768,"Group Health Options, Inc.",WA,-1364790.9,166734,52360996,43701177,84523.22,482538,169320298,166089425.7,-25322894.3,515079,193570640.1,205709363.6
25896,Wellmark Health Plan of Iowa,IA,-2547979.51,81794,14314445,11937232,-4391485.66,93058,27829594,39416864,-6343423.56,158592,52559407,49958703
25978,UnitedHealthcare Insurance Company,VA,,2971,1515240.68,1064726.15,,,,,-1964185.4,16186,5732502,2569708.45
26002,SelectHealth,ID,5450923.74,205994,56856522,108593032,9855840.04,2659756,792882593,1082562250,-3929579.78,552745,167251940,185011072
26420,"Oxford Health Plans (NY), Inc.",NY,51416066.7,218868,136455382.8,182681607.2,75516356.91,2535110,803165836,1033752425,24939398.79,2156818,846364917,973600832
26539,"SHA, LLC DBA FirstCare Health Plans",TX,2143995.88,21362,6901426.81,12310190.48,1137907.19,94212,31591227.41,26237396.03,-1545137.86,95298,36399127,29085428
26661,Coventry Health & Life Insurance Co.,WV,,23174,3895195,3205857.43,,47854,20020663,26184833.69,8228830,62314,28535161,44274744
26781,All Savers Insurance Company,MS,,81,21505.09,36210.92,,93,26179.03,81052.54473,-8892.08,36,23796.63,29609.53858
27248,"Community Health Choice, Inc.",TX,798055.22,,658651,1918781.1,-36084527.66,8849,5334473.55,20176352.38,6356361.63,5865,4309686.4,19951863.47
27401,Trustmark Life Insurance Company,MO,,364,49428.01,35114.38,-53584.07,161,29123.33,10482.32,,168,25654.5,39024.61
27439,Time Insurance Company,MN,388993.92,133134,31599168,30816363,1018837.12,297884,117073563,118616160.3,6027710.92,333572,132647006,132308391
27619,Arches Mutual Insurance Company,UT,-3623028.92,149879,39571614,56233518.96,-13206183.16,30665,8559182,9790442,-35510815.31,413276,139777767,128350976
27651,"Gundersen Health Plan, Inc.",IA,-19844.29,382,237279,431160,160860.73,1312,41041,198363,-247811.02,1528,8436,220925
27833,Celtic Insurance Company,IL,15156.6,4359,1074419,805083.773,-76.03,3534,1423220,2103218,-674631.16,11181,4537475,3729342
27990,Aetna Life Insurance Company,NV,-401883.36,54879,13597160.88,10124188.23,-7118682.16,,,,-3803967.28,151409,49873980.35,49411387.54
28020,Time Insurance Company,TX,8299930.29,400601,105435637,127581498,13466856.6,154159,53436933,33378968,-125970565.3,1338209,416288416,213949014
28162,AultCare Insurance Company,OH,-174769.08,96734,27420415,25291402.49,-246739.17,248398,80536607.95,68980935.36,-7286899.98,294890,113626086.8,108891922.4
28218,Time Insurance Company,ID,192936.56,11748,2983605,2713434,137386.95,55506,15960199.94,12734732.13,167256.82,41018,12756227.3,10187764.01
29125,Tufts Associated Health Maintenance Org***,MA,,159433,79468831,77040674,,497784,171533872,159298734,-34476293.74,934102,328338278,317862401
29176,Time Insurance Company,OK,847618.04,80503,19947901,20888391,2221935.85,114458,26371990,30111944,9379089.11,204035,64154934,88989988
29211,Time Insurance Company,NV,3410103.71,66012,20755690,38993094,9178690.86,85368,26388328.34,32700323.22,-10432560.76,208756,73674052.39,56146377.61
29241,Priority Health Insurance Company (PHIC),MI,1869040.06,260064,50424136,51433723,37908.56,552202,200189096,218920708,24185349.06,496278,203678116,210651995
29418,Celtic Insurance Company,TX,7716.9,55,82181,135728.7391,6632.38,502,228812.07,154543.27,,356,191287.91,150470.31
29462,"Oxford Health Insurance, Inc. **",CT,,10175,6277323.63,5081898.85,,11749,3156976,5057888,-6574515.53,86364,26986002,25756225
29497,Aetna Life Insurance Company,DE,-357373.55,37213,7707729.93,5261689.08,-1832345.1,138751,41906992.59,49664673.44,19133063.67,107490,38473280.96,55122389.97
29698,Priority Health,MI,1058987.28,69861,28906595,33191899,-27447894.51,223887,67521634,63807149,3104066.63,305578,104992337,121102498
29941,Time Insurance Company,WY,36704.98,58833,18222132,23249945,1254913.51,216324,56230235,81455972,-8100585.26,187122,58410739,71355707
30552,UnitedHealthcare Ins Co of River Valley,GA,,880,338908.4,299427.22,,2558,2307543,2184281,,2994,2164115,2138372
30609,"Memorial Hermann Health Insurance Company, Inc.",TX,-11442.15,74,28543,54726,142237.3,155,39144,16718.6,,75,18322.07,473.93
30613,Humana Insurance Company,MO,-545487.55,36575,8745971.2,9764057.32,-188325.95,27649,8397232.7,6850854.38,-4726063.8,117781,39705280.01,30622053.42
30751,Blue Cross and Blue Shield of Montana,MT,-4280629.18,450309,143510696,181347286.3,-4708322.25,3470273,1188746061,1144224614,-1588085.51,2637265,1022259090,1117504369
30991,Time Insurance Company,AR,-2043.49,25130,7106472,10477266,-668914.23,76759,38717010.52,35813462.65,-4884013.82,100534,56389098.33,47160600.06
31112,UnitedHealthcare of the Mid-Atlantic Inc.,MD,,2383,866823.51,936203.27,-1146080.38,2064,1070968.11,846268.33,565945.16,7966,3982764.68,5709415.61
31195,Sanford Health Plan,SD,-802074.46,62624,19477603,21757491.62,201919.38,294886,101545360,116800407,6391520.32,203893,78456145,97466924
31234,CeltiCare Health Plan of MA***,MA,,2472,1090739.163,264952.4377,,10571,3888454.02,3007970.06,-943059.23,13025,5337829.33,3723701.95
31274,Highmark Blue Cross Blue Shield West Virginia,WV,128655.69,374909,136496369.6,161435614,-71601.45,2282806,743404018.1,688877488.6,22279438.04,2325167,841526146.6,857737862.5
31434,Time Insurance Company,LA,323444.34,26302,8515155,7871239,-317760.3,25466,10039493,8782096,-576660.23,115024,40929119,32923621
31552,Aetna Life Insurance Company,TN,-116538.47,29871,7433918.94,6290052.82,-112658.65,78795,30954934.21,34339711.12,9810171.94,105899,41460173.05,59142396.25
31616,Medica Insurance Company,MN,-11637872.8,271330,62080064.95,48327689.36,-5042829.16,555866,174623320.2,233970780.9,-5337903.73,633417,240394690,259904231.6
31779,UnitedHealthcare Insurance Company***,MA,,1789,1074757.88,1260387.32,,11225,4721469.34,8614071.95,368431.18,11570,5593409.77,5380630.1
31808,American Progressive Life & Health Insurance Company of New York,NY,660761.45,14440,1880668.1,2815111.513,,52893,10922316.9,11120538.07,1652.45,24433,4799724.78,2746896.52
32225,Montana Health Cooperative,MT,3157443.9,115466,37692890,53910617,4282446.27,,,,-15087320.89,391975,146174600.2,134541654.3
32237,Humana Insurance Company,NC,-458922.56,37196,7419397.65,5361900.222,-520970.75,163550,52492039.02,39126115.86,-491903.28,104620,37744931.8,31022210.14
32378,Aetna Life Insurance Company,IN,,962,364727.03,257350.01,,5900,2624740.62,2069099.3,-583807.56,3535,1406937,1111295.2
32536,ATRIO Health Plans,OR,5124.77,132,61342.29,93380.44,-163736.68,93,54953.8,44764.35,,208,82580.69,32754.04
32898,Aetna Health Inc. (a PA corp.),MO,,30,3016,11.72,,12,18039,20933,,12,,6335
33232,UnitedHealthcare Ins Co of River Valley,OH,,572,234186.12,135284.85,,1665,818143.05,953204.31,,1478,762593.07,877995.29
33577,"Coventry Health Care of West Virginia, Inc.",WV,-107392.55,4211,437776.18,973399.31,-435.24,3228,1222730.18,2854907.905,617069.84,4163,1665613.5,3116413.943
33670,"Rocky Mountain Hospital and Medical Service, Inc., dba Anthem Blue Cross and Blue Shield",NV,,263643,69653710,50786215.42,-4821040.08,281235,110447203,132747617,-20854745.86,708187,278013094,309518181
33734,John Alden Life Insurance Company,KY,,1094,240116,957758,,2028,421461,432622,-520.68,1735,366124,106303
33906,Aetna Life Insurance Company,PA,-67222.42,542601,107410604,98689530.82,-9332073.48,1020298,297745092.3,253014028.1,6598201.98,1383489,478743071.9,425408047.3
34102,"Group Health Plan, Inc.",MN,-2650.5,51252,12629000,15951000,-4257609.45,273179,112500247.5,110455976.4,8036080.89,145399,65575264.58,82529442.7
34368,Celtic Insurance Company,KS,3792.7,75,24456,13235.1784,4300.78,1657,150911.86,125088.95,,43,13359.1,32334.74
34446,UnitedHealthcare Ins Co of River Valley,IL,,1800,747975.75,307176.16,,10292,3189781,4324035,173446.74,6944,2475206,3616725
34484,"Health New England, Inc. ***",MA,,26658,10392418,10507054,,120726,26708066,24317228.3,-3684258.43,132265,32195573,32947426
34541,BridgeSpan Health Company,UT,-938474.23,27049,6509773,11549848,-2946127.55,83136,36503435.74,32574554.69,,90527,35018393.48,34312397.12
34673,Aetna Life Insurance Company,WA,,216,80459.49,41364.93,,356,128379.22,38490.31,,341,143906.32,52986.13
34996,Nevada Health CO-OP,NV,-3289885.24,157901,49833390.46,62806959.22,5244157.68,507146,143754585.8,143169176.9,-3220691.27,483242,157523774.4,170119783.1
35065,Coordinated Care Corporation Indiana,IN,-323051.82,6286,2896018.487,1946143.986,-8064367.37,22876,9807595,8941213,-2983496.65,36673,17269187,13356316
35305,Trustmark Life Insurance Company,CA,,1478,126043.26,48046.62014,-165775.07,778,423520.1,166012.12,,576,355903.57,263041.09
35443,Celtic Insurance Company,MI,-633,3,28334,-39.03903322,,12,4451.16,19587.4,,60,19323.44,11398.47
35670,Coventry Health & Life Co.,IL,-2604833.08,64001,16645122,13080518.26,-644379.33,175060,102949591.4,111681758.5,,174601,106889163.9,113798385.4
35992,Time Insurance Company,WV,-57844.83,10232,2979189,1941942,382756.67,12200,5515047.53,4722514.692,-3011163.79,40538,11973670.85,8934064.584
36046,Harvard Pilgrim Health Care Inc. ***,MA,,115286,60568181,59975447.18,,439258,194807925.7,183674757.7,-1673116.38,610498,272887365.9,278027677.8
36677,All Savers Insurance Company,MD,272660.9,2215,660327.37,1553516.26,596980.74,5476,3167887.19,3646002.74,,6330,3691236.16,4654679.44
37001,Humana Insurance Company,GA,2184957.04,28543,7751973.47,8576659.711,1622203.69,190900,75887448,42445398,-9261635.02,108233,42411050,37863365
37651,Health Alliance Plan (HAP),MI,5267035.16,50283,21341078,26220361,3869249.1,84352,36491283,35727199.9,-9974637.2,216688,97491963,88410665
37833,Unity Health Plans Insurance Corporation,WI,7490116.39,101128,34056627,41162595,5592708.14,24,31253.3,60705.37639,-61352776.51,362407,91945285.89,28330339.32
38166,"Security Health Plan of Wisconsin, Inc.",WI,-4769092.74,291458,136470890,159303095,-10390482.3,3442073,1157687890,1574761849,143941804.7,2245359,895686097.9,1304791602
38234,Aetna Life Insurance Company,VA,7863949.4,177329,49757615.84,53645894.85,4680612.75,309590,86715627.11,103606226.8,14625747.47,474810,155071646.7,176573466.6
38344,Premera Blue Cross Blue Shield of Alaska,AK,5782175.12,146645,66855354,90720294,12358455.76,489641,160889855.3,130505937.4,-34109342.06,676015,212195171.4,213750194.7
38499,"UnitedHealthcare of Louisiana, Inc.",LA,,28,13644.49,6788.66,-16112496.42,24,6046.396,39685.40603,-6490.76,24,8094.9,37684.86729
38596,Time Insurance Company,AK,-922848.49,21876,6660334,6996763,-2908793.99,11737,4028987.04,3811020.9,-2438597.21,93420,34930483.84,36656823.82
38712,Tufts Insurance Company***,MA,,5487,3550449,6839015,,53021,20259503,20052655,241239.17,52250,20264605,22509348
38752,Aetna Life Insurance Company,WI,,32,6688.06,8703.7,,,274939,113657.9426,,13,16438,7819
38835,Federated Mutual Insurance Company,GA,,91,52560.4,204532.76,,171,112639.71,159460.77,,183,109675.26,30986.21
38927,Aetna Health of Utah Inc.,UT,-1640855.99,142404,27872977.89,26503726.2,-3519378.66,563748,216153196,210816361,13846054.57,299362,128580316,201954105.8
38949,Keystone Health Plan West,PA,223700.41,68099,26891563,27681855,63115.8,139552,44433569,69065181,-4206700.98,282010,102585338,109001581
39060,Time Insurance Company,CO,9288648.71,251449,67039154,85312278,6541514.95,458023,142090442.7,118565881.9,-39102743.29,684153,206541369.6,195031076.9
39159,Aetna Life Insurance Company,CT,2822391.74,394978,98469600.06,92307381.1,-621770.44,2462520,782721397,1073087950,109756214.5,1239218,543956372,745732721
39364,Medica Insurance Company,ND,,18289,3887599.05,2289058.85,,13561,4164328,5832931,2895968.79,59016,18741688,22905902
39481,UnitedHealthcare Life Insurance Company,SC,-774807.83,25194,9310950.57,9333526.57,-414394.03,58566,13465931.75,12713287.44,-9159037.15,124255,40067897.67,49551786.7
39996,Time Insurance Company,SC,2251531.6,60944,16908068,21420145,5534568.01,281509,62826201,68324502,1694890.09,175655,60524893,58819381
40025,Cigna Health and Life Insurance Company,CA,17743436.54,104223,40220929,71930149,5953639.83,572020,174208086,176193563,8404038.14,428302,147326961,148065533
40047,"Molina Healthcare of Michigan, Inc.",MI,6332.08,502,164785,112191,-489545.74,2381,841575.83,325591.797,-20589.96,751,302696.34,323644.53
40064,HealthNow New York,NY,-9077.56,48638,20517394.2,22887793,3626.81,48422,13765542,8974418,4371278.82,207287,59055404,49024969
40220,"UnitedHealthcare of Texas, Inc.",TX,,96,86581.68,181760.23,,314,88014.12,25073.73,,359,157221.8,121102.88
40308,Group Hospitalization and Medical Services Inc.,VA,4207942.09,218549,71180668.95,65937328.2,11441513.48,659275,197237281.5,232319618.5,16722536.07,723050,254149725.1,284157223.9
40411,Cigna Health and Life Insurance Company,NC,1069804.73,5704,2238018,3813691,596150.26,31587,9953281,9656285,66070.22,28030,9684500.24,8602133.78
40442,Freedom Life Insurance,FL,34088.7,14676,3968126,3457885,544782.95,21655,7515934.4,7944636.962,-3009733.85,64803,21777720.83,25095970.38
40448,Standard Security Life,IL,,358,110389,35600,,4047,1238526.13,903335.91,,573,274228.72,262485.1
40586,"Bluegrass Family Health, Inc.",KY,,82,28409,53958,,16,3344,715.5,,61,11704,6052.45
40702,"UnitedHealthcare of Arizona, Inc.",AZ,,208,145502.6,186764.29,,857,175437,148699,-334.95,672,153692,46148
40733,Aetna Life Insurance Company,CA,,63292,20902313.32,13984397.1,,260828,93890790.37,70425596.8,-13600470.61,213297,78325737.4,55555485.78
40778,John Alden Life Insurance Company,TN,,2749,743697,409453,,7917,2593474.69,3610832.45,-189796.85,6740,2596462.56,3918316.96
40788,Scott and White Health Plan,TX,1029126.45,29650,8581439,11188278.01,-13412865.64,69211,33123546,29973645.85,-12163004.94,115691,54044384,38787697
41014,"Cigna HealthCare of New Jersey, Inc.",NJ,365525.19,231,185602,1715047,817727.44,15402,7049384.53,17799756.45,570276.74,886,472973,1924278
41047,Buckeye Community Health Plan,OH,-154350.05,7133,2518182.674,2129377.596,-6141372.01,39475,14906016.34,19732630.09,4086573.63,34387,14667975.92,18567660.21
41094,"Hometown Health Plan, Inc.",NV,,,,,-64141.23,54902,14782117,15350630,-1118038.8,,,
41240,John Alden Life Insurance Company,FL,,3453,1287342,1027365,,,,,-2281060.6,14999,6474663.42,5564449.936
41304,Neighborhood Health Plan***,MA,,293889,104081193,100685485.5,,829731,231648599,261842374,-59023683.88,1287943,402547882,378221551
41614,"Coventry Health Care of the Carolinas, Inc.",SC,-3828066.52,306629,86779779.41,96820132.31,-3234564.95,1180859,346011949.3,348902504.4,7611488.99,1094601,369339159.2,371252404.8
41842,UnitedHealthcare Insurance Company,DC,,502,367061.23,-13596163.6,,618,383538.33,575948.434,1232207.56,3645,2310915.78,4211427.08
41895,Consumers Mutual Insurance of Michigan,MI,122480.23,2011,765761,1646935.31,-7071364.84,8373,1949729.12,682849.79,-835974.11,6968,1928281.34,751358.68
42204,All Savers Insurance Company,FL,,138,53914.6,25262.61,,130,35789,47401,,197,107908,69815
42260,Time Insurance Company,NH,5242904.85,45329,17603025,24069996,6151610.42,310475,143149170.8,191255324.2,33816665.08,182766,86717709.36,135265407.2
42277,Time Insurance Company,WA,789160.16,77117,18539402,22075328,1137459.68,401015,161272546.6,107590270.4,-15553342.32,189265,71467522,55171149
42529,"UnitedHealthcare of Illinois, Inc.",IL,,21,7232.25,10151.15,,24,7499.47,14294.53467,62245.22,18,10223.65,131897.0355
43129,UnitedHealthcare Life Insurance Company,UT,43110.39,7350,1533659,1057078.33,47918.32,1095,502491.4581,956826.1536,3858801.53,18280,7975509.354,11152575.95
43198,CoOportunity Health,NE,-3258008.03,319601,95231501.03,196290044.8,-10205123.79,544809,189594963,211322829,4289951.73,1227501,479156919,558511625
43499,Medical Mutual of Ohio,IN,,,-22130,,,1,1961,34183,-3364.41,5,9305,7966
43802,"UnitedHealthcare of Georgia, Inc.",GA,,178,134296.41,43101.27,9760768.12,873,348635.46,588424.27,,601,246038.94,179638.37
43839,UnitedHealthcare Insurance Company,FL,,60049,34642096.64,42186280.01,,335837,102415296.7,52321436.15,-29664686.35,363623,109508323.2,71522097
43861,"UnitedHealthcare of Washington, Inc.",WA,,107,49001.31,42943.77,,,6850,,-52067.55,161,80789,298
44007,Celtic Insurance Company,NC,7337.57,23,53485,2778.496346,8222.85,127740,33153017.92,25205733.12,41466.11,191,39627.09,4340745.04
44113,"Empire HealthChoice Assurance, Inc.",NY,,13522,-778157,91269.054,,12,14551.92,3803.39,,2,2425.32,1224.8
44197,Celtic Insurance Company,WI,-4592.6,24,30142,5496.429375,,172,72532,289093,-175.68,77,17370,17386
44526,Time Insurance Company,UT,105136.13,17950,3083177,3013031,214883.2,86198,30799902.73,25580582.55,,46303,16672494.51,11777595.34
44580,Humana Insurance Company,AL,-983926.61,71319,18905173.34,20499199.8,-3473430.83,226746,61802512,67622713,-16511893.77,192607,67825946,69226372
44648,Regence Blue Shield of Idaho,ID,371605.98,359158,42153596,31134872,1002953.94,282386,83798266,61347073.43,,430308,123207107.1,110084940.9
44965,"Humana Health Benefit Plan of Louisiana, Inc.",LA,482642.43,264141,66514201.37,61711537.45,-2526804.46,786748,279998282.6,199535627.3,-72347372.76,672732,250931437,176484919.6
45002,UnitedHealthcare Life Insurance Company,MI,-743360.22,28706,8580932.4,10001658.77,358625.01,96868,30600743.92,28845822.95,7409434.09,115368,44235179.47,57912751.19
45127,Capital Advantage Assurance Company,PA,395776.73,112518,24451444,15627145,6863660.42,356422,113565491.5,77868258.46,-14547161.39,258853,86748330.08,72354210.28
45404,UnitedHealthcare Life Insurance Company,PA,798351.41,27177,6453709.23,9246442.03,1720000.53,54482,25232898,25529506,,87434,35311313,41879227
45495,Peach State Health Plan,GA,-3689629.38,45349,14938432.09,9247521.498,-13768906.67,158525,62672128.89,41910124.08,3089884,166372,64799800.39,56386610.27
45521,Time Insurance Company,MS,1041309.44,29792,9310169,10012692,-67176.42,,,,-2721557.27,121338,36391880.64,31886953.97
45786,Molina Healthcare of Texas,TX,722999.82,12642,4804046,4692447,-4116190.69,408507,131907279,288203286,5075983.13,66448,16275889.84,33228323.73
45920,"UnitedHealthcare of Ohio, Inc.",KY,,350,129781.03,80792.11,,16986,4390892.19,4106034.29,,578,247057.16,481194.16
46224,"Community First Health Plans, Inc.",TX,88351.39,189,94239,212235,694470.34,1474,615416,729492,248195.33,434,156971,646924
46275,"Humana Medical Plan of Michigan, Inc.",MI,-25129449.51,269299,68045829.77,54511335.35,-10842830.41,,,,-4607851.23,689079,162839066.1,162168216.6
46621,UnitedHealthcare Insurance Company,MT,,48,60043.96,18348.4,,,,,-17276.58,197,70551,59310
46958,Humana Insurance Company,UT,2574546.01,418934,45384523.25,46358514.91,3170521.45,278361,81043959,154031972,2728291.54,442788,143125602,217509208
47342,Health Tradition Health Plan,WI,-626288.42,37196,17100722,20523312,-4413566.24,266447,105615989.3,102925934.9,6982868.71,180601,75960581.7,92861603.89
47579,Chinese Community Health Plan,CA,-16711278.79,141014,60268718.32,29949706.93,-28712244.96,445529,155309681.9,138406445.2,-30666000.99,594218,201069020.1,181304314.1
47783,"Coventry Health Care of Georgia, Inc.",GA,-3608858.91,495746,82403790,67802115.7,-58546619.35,382268,104696740,60925783.81,-64443832.93,1006534,290420274,265216613
47823,Freedom Life Insurance,WY,-913.16,1665,432861,570993,18632.31,6793,2037537,6603686,306657.04,4057,1327125,2016748
48069,UnitedHealthcare Life Insurance Company,TN,140988.67,5206,2183321.52,2462986.41,315512.89,27086,12920412.57,14534404.08,2483964.33,27478,13602441.52,18958398.21
48161,Aetna Life Insurance Company,MO,,21388,5272812.84,4227374.61,,1470,644960,723057.5167,-704433.24,69838,27658787,29372014.62
48396,Anthem Health Plans of ME(Anthem BCBS),ME,363457.73,220640,78176738.09,75661991.76,-3917017.08,,,,-76682881.13,909425,286172536.5,170268481.5
48421,John Alden Life Insurance Company,WV,,1816,513721,288234,,4768,2305123.88,2296010.41,,5143,2145394.14,1362827.56
48569,Standard Security Life,IA,,35,8619,598,,32,28404,22046,,18,11192,26300
48788,Inter-County Hospital Plan,PA,,1266,61719,70633,,2906,958431.34,462786.99,,242,166157.31,24287.02
48834,"Oxford Health Plans (NJ), Inc.",NJ,10751310.08,58243,30857609.88,41148735.29,18952235,254073,73999375,91876946,3959354.51,332025,103553369,116478163
48963,Humana Insurance Company,MS,1064234.77,390056,152150993.7,149026273.2,13191678.23,7358067,2764613657,2568707977,49496966.88,7425788,2934404826,2952584864
49021,Coventry Health & Life Insurance Company,NV,-1015221.06,43511,6276352,5081278.55,,94349,51681556.7,81121203.77,53596343.52,85642,52549728.11,94329280.26
49116,UHC of California,CA,,5622,2881887.45,3398138.4,,,,,598698.13,36058,13439969,16127021
49221,John Alden Life Insurance Company,MO,,10684,2430469,1316404,,3453,986130.31,517386,-3546966.8,33015,9044258,5807818
49290,Celtic Insurance Company,WY,-16001.9,29,33478,134.4865763,-7210.87,128,40386.17,8992.64,,84,38795.55,38713.45
49375,Cigna Health and Life Insurance Company,CO,10208969.51,73019,29192161,43386898,10417522.17,9312,4856198.49,4363185.98,-38452436.14,306002,100285626.4,40778856.15
49532,"BlueChoice HealthPlan of South Carolina, Inc.",SC,1402397.69,159284,42995084,38950555,3622506.76,275330,92073345,102635610,1925800.26,440156,179542056,213806409
49650,UnitedHealthcare Insurance Company,CT,,1934,998138.95,-896855.92,1159270.36,1277,687072.76,577429.05,52744.83,10875,4979278,4054261
49669,Madison National Life,MT,,12652,1995921,1855172,,216,117157.12,104418.16,3445308.96,25688,11788231.83,16251510.63
49714,UnitedHealthcare Insurance Company,WY,,232,144098.8,161034.69,,521,186913.12,156641.77,,632,192158.6,435338.14
49771,John Alden Life Insurance Company,AL,,352,143720,28213,,266,158056.23,100043,,629,398287.55,234093.9
49900,John Alden Life Insurance Company,MS,,1360,425371,145769,,8505,2661666.91,2139771.392,-7953.72,3908,1359755.98,734010.32
50102,Time Insurance Company,VA,3281469.92,72327,17863786,23497534,4298069.65,179483,84242801,80346158,-4722553.93,184270,87727564,79753862
50138,Aetna Health Inc. (a NY corp.),NY,,13383,17078769.31,1853167.04,,204238,95596346.48,94063469.84,-745863.3,176948,80188268.15,100808441.7
50313,John Alden Life Insurance Company,GA,,8512,2261645,566719,,28987,8721639,9746356,-1825261.64,28489,9015097,9548927
50442,Standard Security Life,IN,,50,1397,1208,,15,15074.32,18276.06935,8490.39,9,5313.89,18842.43364
50491,Cigna Health and Life Insurance Company,GA,3395529.35,20959,8089063,16033152,3938467.33,,,,-280650.18,109504,37615447.14,63306860.86
50498,John Alden Life Insurance Company,OH,,8221,2072607,993048,,,,,1946788.76,26154,11939257.43,12795652.03
50727,Humana Insurance Company,VA,178764.83,22045,6157572.23,8852020.059,43710.21,56804,21773912.09,16382088.94,3575498.87,81114,33529779.49,40321097.82
50735,Medical Associates Health Plans,IA,,12,16023,30588,,74,22035,161599,8247.75,35,-252,71487
50816,"Physicians Health Plan of Northern Indiana, Inc.",IN,-4011882.59,140344,43942528,47020160,-7085738.88,116325,35385364,44730192,13226705.35,441483,185914936,217985745
51474,Pekin Life Insurance Company,IA,,,-1154,5657,,12,22,,,6,,
51485,Health Net Life Insurance Company,AZ,469.35,383387,114439203,190164372,26294064.75,77,2405.05,32968.3,-89736583.12,1502872,620268164.7,577451535.6
51820,Coventry Health and Life Insurance Co.,IA,,24,11844,1828.41,,96,17209.51,35744.76,,22,22322.3,47147.36
51826,John Alden Life Insurance Company,AR,,742,283794,89560,,1809,667368,1367339,1025644.49,2670,1104887,2557657
51889,UnitedHealthcare Insurance Company,NH,,69,47865.34,4203.67,,20,23555.87,3973.01,,141,71742.2,16379.7
52156,John Alden Life Insurance Company,ID,,429,106701,5292,,352,288404,1939512,2555962.42,554,500896,3219243
52664,"Summa Insurance Company, Inc.",OH,-360679.09,71873,23175839,22986321,35681.99,175956,70833855.12,76193125.79,-3573506.68,237778,99132164.92,124276058.4
52697,"Molina Healthcare of Wisconsin, Inc.",WI,4461487.73,33299,15462249,20675214,-4595003.52,,,,-8997296.89,166740,60784741.38,66960068.74
52710,Fallon Health & Life Assurance Company***,MA,,367,235029.5205,346141,,,,,3947860.4,1487,680660.69,5600820.99
52744,"Presbyterian Insurance Company, Inc.",NM,,29,23167,59059.33561,,375,117036.56,66840.45,,39,23976.15,7231.07
52899,"UPMC Health Plan, Inc.",PA,2322777.07,25507,10354990,14876225.81,197264.42,120352,30878843.46,25117387.64,,132159,39196669.11,40936206.3
53135,UnitedHealthcare Life Insurance Company,AR,71131.67,2567,870399.72,1047720.59,-280355.58,,,,-1109860.03,8316,2429496.97,997826.41
53189,WINhealth Partners,WY,-6063477.37,89500,46238921,55870252,-2626798.16,299911,110824255.3,109717536.7,4425402.77,447772,187345850,194070737.8
53357,Aetna Life Insurance Company,ME,,2112,747484.53,606396.93,,7471,4981886.02,4654320.68,,6822,4713848.61,4244556.35
53524,Coventry Health and Life,OK,-322539.29,52740,10161093,8321225.91,-200398.31,187043,57736325.1,33021025.18,-12354890.24,127728,44046851.51,27395497.21
53732,BridgeSpan Health Company,WA,6256017.45,30344,12723891,17699706,3046204.15,105,25975.82,16675.03,-8516682.29,145994,35531324,27961319.73
53789,Keystone Health Plan Central,PA,238390.33,12894,3961366,4682943,298016.86,45191,19640713,23502144,9237924.35,63567,23367811,33489709
53799,Freedom Life Insurance,TX,212352.03,9495,2302145,3971315,808134.93,33447,10045141.52,15860896.66,-300893.24,29116,9133722.57,10832316.79
54172,"Molina Healthcare of Florida, Inc.",FL,664162.18,6429,2382576,3070584,-218903904.1,41,14481,5097.443295,-2957260.83,30978,6021758,5248426
54235,"UnitedHealthcare of New York, Inc.",NY,4787190.35,62352,38450874.59,41822158.1,10564737.15,324884,115427342.7,148306395.3,2856187.95,396976,134121060.4,193390442.4
54297,UnitedHealthcare Ins Co of New York,NY,,3852,1340811.1,3373064.67,-7577.79,15331,5107939.55,4578883.32,-1690229.4,15496,6390599.57,4246815.26
54332,"UnitedHealthcare of North Carolina, Inc",NC,,1371,851252.04,923393.68,-15787937.71,7077,2060581.79,1537350.79,-959823.85,7809,2738518.56,2428831.42
54362,Cigna Health and Life Insurance Company,SC,447060.31,1182,467127,1252436,437792.66,3128,1710491.76,1118015.09,,4441,2404001.31,2452882.65
54822,Freedom Life Insurance,KS,-230.08,1062,193454,302598,12212.08,507,183545.82,43557.35,,930,224413.35,86911.49
55105,Time Insurance Company,ND,-409032.49,35604,9507912,7578242,-162737.22,151336,55822683.76,78554433,6096822.55,126994,57371368.64,71751937.82
55957,"First Priority Life Insurance Company, Inc.",PA,585146.21,335976,105525704,128600880,-3237217.38,953930,281305981.7,373952212.7,36327886.59,1348917,472330276.7,605952712.2
56184,"MVP Health Plan, Inc.",NY,11938998.21,364461,127650637,129234736.3,25548029.99,1857597,542138872.7,597086526.7,29716531.05,1672386,566217459.2,551785277.1
56503,"Florida Health Care Plan, Inc.",FL,4718787.44,43790,18256065.08,22655624.43,2314125.36,184612,82028492.09,100707483.6,37956637,187422,94501412.12,139375944.9
56610,"UnitedHealthcare Plan of the River Valley, Inc.",IA,,1351,541263.93,213353.63,,2949,1146442.41,576681.84,,5156,1975678.7,1473969.81
56682,Hawaii Medical Assurance Association,HI,,,,,,1258611,398670798.6,394678419.4,464269.47,,,
56707,Providence Health Plan,OR,2963920.51,143417,41152791,46363481,-4161991.69,2010,972773.15,574155.03,-11876109.92,428878,165680680.4,168842762.7
56726,UnitedHealthcare Insurance Company,OH,,5787,3022644.73,2752242.21,,65695,27024135.59,21847286.23,-418099.6,42488,18882951.75,15509827.5
56764,"Humana Medical Plan of Utah, Inc.",UT,-9861880.07,119232,23750751.72,24774017.66,-12348265.88,306744,99853831.58,114469208.1,18670711.32,248712,97591741.46,113987929.2
56971,John Alden Life Insurance Company,MN,-46632.1,7946,1732269,1793096,-93357.87,34379,15798432,9261911.26,,22406,11793485.08,8641799.62
57020,John Alden Life Insurance Company,IL,,9135,2898110,2057822,,25083,8892903.68,10284776.67,-3588674.3,37599,16443289.8,12811120.52
57165,"Affinity Health Plan, Inc.",NY,-2141766.08,23258,10718293.95,9224831,-24567668.78,80734,21936657.94,17308858.94,2420350.88,133442,48085206.12,43289792.82
57173,"Presbyterian Health Plan, Inc.",NM,-2442724.87,239794,70489796.54,56088935.8,-2390195.41,98433,29722210.17,40129573.55,2463235.36,718276,232911774.6,236793828.3
57601,Anthem Health Plans of NH(Anthem BCBS),NH,,214340,71643123,49031339.24,,869392,370877634.4,351976595.8,36682245.97,734880,358456700.6,390195765.3
57637,Medica Insurance Company,WI,,12941,2668847.69,1645106.38,,165451,45094200.14,55453253.69,-2303279.85,34703,9963149.44,10049247.84
57845,Medica Health Plans of Wisconsin,WI,-2323453.55,33965,21219228.85,14752671.73,-2183267.46,304972,36091117.17,47593149.03,1967946.16,216590,25777038.09,26458059.81
57860,UnitedHealthcare Insurance Company,SC,,2797,1549433.2,1348914.69,,,,,-1946142.2,18468,4478146,3079833
58239,"UnitedHealthcare Plan of the River Valley, Inc.",IL,,115,68261.06,24415.27,,2133,804160.83,1476307.62,,293,86943.05,3121174.22
58288,"Humana Health Plan, Inc.",IL,614409.67,14469,5807766.545,9015660.135,730433.28,150566,32572721,25970854,-5105680.26,75653,19984930.07,16416733.2
58326,"MercyCare HMO, Inc.",WI,553470.57,7914,3483939.53,5994594.09,686857.72,,,,5195337.43,51585,20194133,37603137
58483,John Alden Life Insurance Company,TX,,13294,4920462,2632535,,108034,32834737,28529176,2404013.29,66614,20781599,22173053.56
58564,Physicians Plus Insurance Corporation,WI,556347.7,41406,10327768,11704591,175983.58,,,,-2226287.05,131640,55625036.89,56903966.62
58594,"Meridian Health Plan of Michigan, Inc.",MI,-23501.09,127,47732,2868.02,45009.16,248,53139,120337,-3506.92,136,39627,73144
58707,"Freelancers Insurance Company, Inc.",NY,-426177.2,279338,103951558,100310066.9,,111,196528.25,635771.117,-160888837.2,1270638,428301633.3,250002700.6
58819,John Alden Life Insurance Company,PA,,5795,1634836,611247,,26924,9158641.07,11430095.72,-329364.82,19761,7698364.02,10145325.44
58840,Aetna Health Inc. (a TX corp.),TX,,483,165433.42,146041.45,,777,192338.79,119228.74,,770,227117.34,79327.89
59025,Harvard Pilgrim Health Care of NE,NH,,168,237043,122555.0797,-1229943.19,1491,692887,886379,-181137.46,1505,661210,512178
59036,"UnitedHealthcare of Colorado, Inc.",CO,,1532,848497.44,1163737.92,,11204,4087279.69,2760050.122,-1145321.71,7751,2880064.18,2328469.831
59096,Standard Security Life,AZ,,2131,346061,307990,,,,,,3019,1895256.09,1119818.11
59129,Trustmark Life Insurance Company,OR,,437,39301.69,15152.59349,-17648.46,270,141579.44,58426.79,,99,48744.24,27557.55
59158,UnitedHealthcare Insurance Company,WI,,3113,1736417.03,961523.73,,,,,11236007.43,22604,8117349.57,19828725.11
59311,Madison National Life,IL,,275,52150,4778,,158,75514.52,53235.14,,181,66527.07,14635.22
59763,Tufts Health Public Plans Inc. ***,MA,,21869,6979196,3306650,,102501,55064189.41,62996690.7,5932308.11,96007,50763996.72,58879212.87
59765,BridgeSpan Health Company,ID,574321.44,4960,1425086,2866986,-37955.58,10511,5800173,8315467.52,-14819.28,15670,7035331.83,6227139.75
59809,UnitedHealthcare Life Insurance Company,AL,,51,50860.34,90867.33,-805865.4,181,103401.8,12905.09,,172,89196.52,49001.37
59830,HealthPlus Insurance Company,MI,-3647377.54,244364,55921142,59101063,-4117248.29,592588,304248807,331241353,,539291,290846328,339128386
59977,John Alden Life Insurance Company,NC,-115565.12,5325,1528569,870690,-138633.22,12516,4569217.03,4965220.65,-1048438.16,17224,7435683.86,5513011.15
60067,Celtic Insurance Company,SC,-15590.17,37,33103,-343.8900013,-15341.23,322,180964,1301182,107216.79,83,21969,578338
60156,"HMO Colorado, Inc., dba HMO Nevada",NV,-4049114.37,72009,24105673.82,18526521.51,-8860894.35,260198,93504165.99,86563583.55,-5023772.82,254456,99697787.66,95569087.51
60299,Time Insurance Company,TN,191793.01,87553,22731865,24601539,746097.06,145243,34215000,40862000,-17682308.21,228405,66448788,61361000
60536,"Avera Health Plans, Inc.",SD,-1014430.34,109609,39298032.76,57305594.51,3672370.39,412840,152207789,216307264.6,48470286.14,410914,162154869,236325046
60597,PacificSource Health Plans,ID,663249.2,92174,18851283,19724797.9,600458.28,115591,26968684.88,29837423,-16539135,192341,52833255.37,41266848
60612,"Kaiser Foundation Health Plan, Inc.",HI,-10430372.26,185604,47878943,49630666,-15467100.5,287296,87409483,83733862,-29417473.49,463323,144825293,145144714
60761,Meritus Health Partners,AZ,2073821.34,26839,6768244,14641929,-48452998.55,122296,36162384,52480931.91,4481331.95,94536,38051414.26,56105698.15
60769,Federated Mutual Insurance Company,MN,,469,218512.13,325550.86,,1564,654047.07,501682,,1130,455169.76,299533.04
60829,Physicians Health Plan,MI,-76724.32,443,220134,117623,-347998.34,1635,400687.79,84137.48,-127253.89,1316,448212.65,457501.75
61021,UnitedHealthcare Insurance Company,DE,,486,244000.03,142067.59,,2218,899910.21,547940.29,,1880,836967.9,442372.79
61175,Aetna Health of Utah Inc.,ID,-24771.68,721,149524,195892.95,-16255.24,1023,223213,152912,-5238.21,694,154212,441620
61273,Freedom Life Insurance,AR,-3621.42,870,212338,138336,-5029.01,1284,787174.58,1357190.9,,1102,761705.5,671662.31
61430,Coventry Health and Life,KS,-10156545.5,604296,120717982,136996020.5,-18755986.82,1596397,519788391,452587896.8,-58286413.44,1508670,525672869.2,443706331.6
61644,Aetna Life Insurance Company,NC,-240838.67,62142,11364162.23,9280166.74,-715751.32,197146,81792203.05,116989596.1,3944039.65,141757,69928875.78,82290333.81
61671,Aetna Health Inc. (a PA corp.),NC,,115,30422.87,157869.36,,96,14461,,,78,-2218,
61724,UnitedHealthcare Life Insurance Company,OH,1149383.33,8881,3625969.39,5007633.02,2965356.57,14440,2243847,1580270,1897726.68,55987,22776443,25842938.9
61794,UnitedHealthcare Life Insurance Company,MS,,494,477425.83,487165.34,-448183.32,3275,1498719.36,2149910.87,,4715,2295597.16,2683968.02
61836,Coordinated Care Corporation,WA,-24258945.68,232541,71555581.14,34938041.98,-34636348.44,416880,161499087,176497659.2,-44218095.76,724618,289943882.2,331945630.2
62141,Celtic Insurance Company,AR,-8621410.48,343956,140041687.7,125826699.3,-10893205.76,2827355,798433547.1,727386476.9,-112203006.2,2554014,866170700,721852379.9
62210,"South Dakota State Medical Holding Company, Inc.",SD,112428.12,56085,15590124,12717543,-2809177.34,223233,76503090,112773266,856571.75,167472,70946387,76292134
62294,Humana Insurance Company,MI,884115.01,101756,18662585.78,14364555.98,-356523.02,187810,58621412,25640382,-5606340.68,191885,59043046,40847971
62352,Celtic Insurance Company,OH,-6348.32,43,76032,12412.93075,-11014.35,142,104727.72,177893.1,,302,147059.13,174092.43
62505,Celtic Insurance Company,OK,-7794.93,240,92814,25942.78674,-5294.26,561,230269.61,60378.7,,427,181872.9,49049
62560,"UPMC Health Coverage, Inc.",PA,2366387.54,16156,6460358,18564092.16,-11718.3,260103,110547996,91511228.51,,88455,43841427.3,35806196.16
62637,John Alden Life Insurance Company,AK,,1557,564086,210481,,11908,4425413,6759424,1169118.87,5370,2334374,4529617
62662,Time Insurance Company,FL,11930582.36,298430,84718475,120565819,35074237.06,1471589,545121264,646659307,102587361.7,1035653,461204220,554404207
63312,Colorado Choice Health Plans,CO,-4578461.04,63856,23273256,29458165,1562462.46,336079,141591436.3,146082350.7,9062010.42,238885,98100479.05,126432931.6
63342,Independence American Ins Co,MT,,506,120674,49020,,401,197729.86,44840.81,,575,238592.18,92732.39
63474,BridgeSpan Health Company,OR,16568.71,196,91491,69693,-143117.09,399,260782.68,197148.41,,404,219277.13,221924.36
63509,Allegian Insurance Company,TX,,1512,304314,357956,-170079.29,2645,1057632.37,416438.84,,2780,1166064.03,782782.61
63631,UnitedHealthcare Insurance Company,MI,,1983,915051.35,666444.5,,,,,4214131.36,9477,4535201.7,11151553.61
64146,UnitedHealthcare Ins Co of River Valley,SC,,2187,881543.74,611793.83,,50883,15292961.66,20542930.91,,9151,2323436,762431.4
64198,Time Insurance Company,CA,19393416.27,351232,104985608,197653699,63308434.85,630940,170872680.9,215887269.2,-5211297.35,1322261,409160383.5,470210509
64206,John Alden Life Insurance Company,MT,,7356,1790461,1432390,,12865,4870781.62,4513915.877,1493121.7,23925,9338183.26,10831794.73
64353,MOLINA HEALTHCARE OF OHIO,OH,180648.95,1610,841621,864513,1592334.51,4317,1553035,3564937,1770732.37,7748,2939706,6442194
64844,Aetna Health Inc. (a PA corp.),PA,-1144736.65,187327,61051891.6,51999516.87,-25852344.53,39,52201.84,121937.2446,-38502143.79,618327,183790764.4,141268908.9
65598,Coventry Health Care Of Kansas Inc,KS,-5910292.03,124536,29541695.56,37457719.59,-1458451.11,145701,52260167.58,95892226.31,7301644.58,314319,120222071.1,161371093
65635,MAMSI Life and Health Insurance Company,MD,,1970,896891.25,936038.37,,13076,3446377.59,2092053.89,-458879.82,9264,2776951.37,2037936.88
65779,Aetna Health of Utah Inc.,NV,-1158344.59,12700,2307869,1288034.99,,107468,37917125.09,39362987.49,1093298.18,29277,13289139.06,15290479.52
65847,Medica Health Plans of Wisconsin,MN,130710.53,32699,10691860.88,11093060,7678426.35,36698,12785277.03,10256028.67,-7044744.34,133414,51205144.74,44699309.22
65907,"Moda Health Plan, Inc.",WA,3727521.87,93203,33616324,42377538,6134914.63,211926,106424294.1,112604550,8489.31,360037,196967953,219853610
66083,"Humana Health Plan of Ohio, Inc.",OH,-6379256.85,127142,38643605.76,47386987.32,-1928407.65,233318,76838688.38,87467271.39,-10457177.89,409511,150890234.9,165069135.7
66105,Humana Insurance Company,AZ,1164384.91,180110,31945882.48,27091713.83,689053.89,90880,35996954,46141581,1238103.55,336710,115375928,117857758
66143,Federated Mutual Insurance Company,IL,,12,14551.92,8568.05,,52,58753.32,18546.07,,31,27722.21,6667.64
66413,"UnitedHealthcare of Utah, Inc.",UT,,30,12290.4,76818.63,,36,25614.06,1742.34,,24,13931.94,1550.52
66516,Aetna Health Inc. (a PA corp.),MD,,615,227440.62,417725.3,,2200,994457.07,635770.73,,1475,675973.77,390778.15
66663,United Healthcare Life Insurance Company,VA,428044.47,8062,2907863.63,4495865.09,2658704.33,37231,14784988.32,18449770.37,4297345.9,37979,16815742.47,24991003.68
66699,"Denver Health Medical Plan, Inc.",CO,2412384.6,5526,1886324,4647051,2379976.29,2990,1073974.54,1283535.093,-2249966.76,24978,10015117.31,12039165.51
66837,Coventry Health and Life Insurance Co.,SD,-331736.57,21300,3233903,5499257.76,,55370,29584232.87,34509322.89,1397440.88,46899,27745515.97,34016030.85
66842,Community Health Alliance Mutual Insurance Company,TN,259947.44,1938,745600,1355877.292,-25536300.68,7895,3230043.86,2202185.69,,6772,2904954.25,1660442.12
66946,Aetna Life Insurance Company,OK,178252.53,19077,5513790.47,7573350.23,-37821.69,69307,21101584.96,14683496.19,-4923899.31,75300,27246865.02,22211052.61
66966,Capital Health Plan,FL,,,,,,377602,118212881,132898521.8,34289.95,,,
67088,John Alden Life Insurance Company,OK,,2907,904964,446500,,486,154888.51,211868.3915,-421842.76,9451,3479436.75,2613640.46
67129,Aetna Life Insurance Company,OH,-225186.77,76066,21993243.17,18301411.54,-16376734.46,409710,93736793,139654977.4,9901556.2,217218,60980911.78,88094557.05
67183,"Total Health Care USA, Inc.",MI,-1099668.46,118609,33847648,26440698,1882988.25,150570,56191661.79,43181616.75,9941477.55,362361,140820333.2,148106488.9
67190,Aetna Health Inc. (a PA corp.),DE,,138,77729.2,323311.26,-743159.52,608,237862.13,74051.1,,335,139592.97,108625.6
67202,"Louisiana Health Cooperative, Inc.",LA,-7456986.26,110861,5190257,56988875.59,-8658833.22,,,,11059909.41,69051,31017932.99,50345949.62
67243,"Vantage Health Plan, Inc.",LA,-416149.3,80242,33314451,29302045.98,-261974.85,189964,76546973,82818832,-19781114.37,348875,143377159.5,163481023.8
67577,Alliance Health and Life Insurance Company,MI,1895578.59,113796,26377099,24127739,4463306.2,63041,22905020,23492364,-20562221.68,277514,90190870,70533385
67580,John Alden Life Insurance Company,IA,,2843,864182,518108,,9384,2131433.75,1542374.93,,7817,1938508.43,1088224.095
67807,Time Insurance Company,IL,4193476.5,195256,50670223,53969345,5250022.24,511698,213700381,278020361,2324973.19,499129,249405995,294749497
67879,UnitedHealthcare Insurance Company,CO,,27168,13529598.43,14539004.6,,365755,144781224,266079574,30080696.33,148572,64402634,131526282
68184,Time Insurance Company,IA,-338678.1,47208,13237477,13766098,-244924.54,310694,141690627,212669755,10483559.33,148133,86666275,105268457
68259,"UnitedHealthcare of Alabama, Inc.",AL,,24,9505.08,364.77,-8989541.02,28,187369,4024,-4840.86,20,-17138,51614
68303,Humana Insurance Company,IL,8268175.79,337863,81473162.42,84036077.38,4859821.84,562121,175730854.8,170561451.5,2187611.73,983046,347839204.3,383004577.2
68307,Celtic Insurance Company,NV,-8625.15,302,161831,238991.539,-10494.15,91739,21116576,33499438,90156.55,748,253479,468218
68398,"UnitedHealthcare of Florida, Inc.",FL,,8953,5326480.94,6733998.3,14572435.15,48,35147.8,43528.96,5010932.12,73034,31070203.21,45624557.28
68541,Coventry Health and Life,MD,,39643,4557931,3778298.23,,51450,21204925.8,22200055.13,-1255163.33,66356,30442418.01,27912439.39
69347,UnitedHealthcare Insurance Company,NC,,4295,2437777.47,2297875.26,,18886,7425714.26,6383004.59,904689.42,34017,12912117.97,12629904
69364,Asuris Northwest Health,WA,1425226.46,46293,15696661,16360933,1091276.01,183008,59806820.06,62772402.77,6921051.63,168249,61416390.01,66394656.85
69443,UnitedHealthcare Insurance Company,TN,,3087,1504762.63,1154277.21,,19084,9615388.77,8685449.61,,15932,7545206.71,5549825.71
69461,UnitedHealthcare Insurance Company,AL,,784,345343.28,213507.56,,4600,1972578.68,1133510.71,922.26,3013,1277647.86,730562.83
69842,UnitedHealthcare Insurance Company,LA,,10105,3714685.67,2746353.57,,45570,16368775.92,26210136.49,-1689164.64,58140,20711331,24252853.01
70111,Celtic Insurance Company,TN,-3104.66,22,5985,660.5709356,,18,15253.3,17190.80201,-1334.54,12,4657.56,24225.98611
70194,Highmark Health Insurance Company,PA,42359592.09,374925,150328937.3,258954771,51852279.7,6204216,2399215803,2407327473,464434259.9,7012969,2855099437,3072017634
70239,Health Choice Insurance Co.,AZ,-243631.04,4697,1812900.71,3639322.68,-5999819.7,255,54741,87077,-1608171.62,24135,3829284,4414942
70373,"Gundersen Health Plan Minnesota, Inc.",MN,32683.14,79,28451,160346,-17274.78,,,,,72,22879.34,24386.13
70525,"QCA Health Plan, Inc.",AR,-5943287.09,157507,43191534.2,46343131.76,6656762.38,985484,217477958,165992563.8,,441046,190445438.3,139200562.5
70619,UnitedHealthcare Life Insurance Company,TX,767008.61,23287,9707488.98,13214239.54,5956388.28,,,,-3411685.14,127109,35693594,35830308
70767,Aetna Life Insurance Company,MD,,40223,8178450.31,7261502.09,,497891,238338961,448394923,11336832.52,110620,51983771,62971090
71122,Time Insurance Company,KS,174538.76,52020,13997862,17997167,838285.82,155023,70273738.3,24778424.54,-24844080.41,154960,70383906.83,35832049.9
71179,"Oxford Health Plans (CT), Inc. **",CT,,1336,975602.14,911348.93,,8862,3334637.81,3792328.45,-301887.1,10687,4310405.41,3423991.3
71268,CoOportunity Health,IA,7585020.87,202033,77581782.78,146939182.5,-1753954.62,534111,181263174.2,148064739.2,43292191.96,879410,370760496.5,420520351.5
71281,Regence BlueCross BlueShield Of Oregon,WA,1956765.45,39006,11282241,18378882,1286238.74,231548,60196665.78,44044679.38,-2944845.74,137234,38957988.65,28694534.48
71287,Kaiser Foundation Healthplan of the NW,OR,12000350.41,213219,66432191,79561707,13259754.64,507606,109802000,100347000,-55107410.5,667739,188789000,150979000
71837,"Sendero Health Plans, inc.",TX,-1992571.72,36372,11017658,9210273.545,-4376813.02,10766,4919770.76,6071183.427,-532477.48,134469,51736741.92,57226267.41
72208,John Alden Life Insurance Company,WY,,4031,1290963,885947,,,,,-59528.99,15054,8175571.48,9872189.995
72375,"Optimum Choice, Inc.",MD,,1761,1079426.06,679792.29,,,,,425818.57,12585,6212695.1,8948337.27
72547,Aetna Life Insurance Company,IL,125878.03,91336,26015250.74,22909464.09,-670691.43,168861,52262152.79,50920827.36,35950670.67,276448,125142353.1,156932333.4
72564,"Evergreen Health Cooperative, Inc.",MD,-360466.32,4194,1725306,2251799.65,-3443885.2,78619,55169518,32466576,4665798.89,21744,9103900,13548366
72796,Freedom Life Insurance,GA,-212.84,1253,243914,43543,370.93,1479,882196.92,638634.77,,1878,1039674.74,479654.69
72850,UnitedHealthcare Insurance Company,IN,,1149,694697.79,469168.13,,7637,3105679,5626276,1027304.78,6669,2992995,5399617
72982,The Health Plan of the Upper Ohio Valley,WV,36581.6,1101,152551,379669,-15242.9,805,388784.23,482796.42,,710,352415.25,187828.16
73102,UnitedHealthcare Insurance Company,NE,,520,255441.55,143599.6,,3229,740957,602404,48327.14,2435,610525,558316
73331,"Minuteman Health, Inc.***",MA,,13931,3466522.18,1202727.288,,78262,19409194.68,12798652.92,-6121430.71,51289,17194438.38,9795494.66
73714,Standard Security Life,SC,,1694,356670,125684,,217406,65677880.61,54041189.78,-64.1,3432,1257596.17,1435338.08
73751,Medica Health Plans,ND,-807481.69,19468,5948961.29,5644879.94,-825246.58,18,7065,3756.56,-3066401.15,77542,27965799.21,27667235.53
73836,"Moda Health Plan, Inc.",AK,-4806964.11,78624,33550284,46525522,-9415111.19,3091,355126,76279.06723,-32866201.1,356225,79054583,57362792.41
73893,John Alden Life Insurance Company,AZ,,4129,1333099,290994,,402278,135578668,184280106.4,-136719.12,15258,4283638,5521538.184
73987,Aetna Health Inc. (a PA corp.),DC,,44,22061.26,62500.78,,7037,3126280.33,2756796.21,,36,7773.16,-3252.26
74222,UnitedHealthcare Insurance Company,NV,,602,347286.54,461145.5,,1504,754995.49,928849.03,939139.28,3267,1781624.24,1860916.19
74289,Oscar Insurance Corporation,NY,-8073821.58,150231,58141826.09,69112720.36,-30977083.32,1147557,335404567.6,396706517,23973511.28,568737,185523115.2,227329575.8
74313,Paramount Insurance Company,OH,-389493.94,15159,6194037,6711129,-580499.95,51,18184,123278.5283,-9882852.36,85598,24338285,23590509
74320,Humana Health Plan,CO,4731745.94,205949,47543279.95,55236205.29,6064407.53,514810,194054519,175053351,5450054.61,461658,189953360.2,176708427.7
74571,Time Insurance Company,OR,855887.67,71109,18256208,20481654,2081868.31,255521,98165560.27,102318346.9,2548765.78,188376,84411697.33,76242300.81
74684,Celtic Insurance Company**,CT,-376.51,566,146313,78932.17738,,622,271920.09,145388.03,,690,262311.32,164780.13
74980,"Avera Health Plans, Inc.",IA,-46538.07,448,207067,307296.15,435753.94,38982,23793093.93,36376276.41,-52359.96,1029,413436.08,469815.97
75091,"ConnectiCare, Inc. **",CT,-115248.13,6108,2748338,2504000,-1899004.88,46145,14749675.81,16108348.77,-1058410.43,35903,12108813.3,10161339.15
75605,Blue Cross Blue Shield of New Mexico,NM,6258751.86,473250,132385147,160136586.3,14139955.41,2736915,895993865,681419303,-53862013.99,2083374,732748701.6,608224981.5
75729,Geisinger Quality Options,PA,490533.38,136674,34989246.05,37581147.08,1142253.34,193986,61543183.63,65114183.23,-22957774.05,381552,136955596.5,107135236.3
75753,"Optimum Choice, Inc.",DC,,146,96830.42,41721.66,,234,123422.76,89339.32,,516,252454.8,88570.71
75841,Celtic Insurance Company,NH,57417.02,2004,475088,448717.7208,110166,2194,1022172.57,749367.48,,4549,2085892.22,1906880.46
75849,Freedom Life Insurance,AZ,1902.67,80,26614,127192,168620.34,9743,1666568.13,1429357.23,,54,19026.47,9359.45
76089,Coventry Health and Life Insurance Co.,FL,,79654,13570204,11566437.26,,65551,24627126,29021855,-2794252.54,151321,63697696,58699592
76179,Celtic Insurance Company,IN,-7885.97,39,50963,16460.11399,-8090.12,660,301790.92,573395.47,,177,46426.49,3922.19
76275,Aetna Health Inc. (a PA corp.),OK,,152,62449.89,36056.35,,7547,2045560.4,1150528.64,,258,104974.72,96648.02
76668,"Coventry Health Care of Kansas, Inc.",OK,-1090288.81,33807,8385981,8788108.8,-49715.88,82544,36465371.67,35046006.27,-4446832.83,114249,52425442,47458058.03
76680,"HMO Colorado, Inc., dba HMO Nevada",CO,261875.8,139712,49887492.56,54875780.77,29925.42,525833,250472344,323221752,74118152.98,496254,244714245,328272799
76871,Standard Security Life,NC,,374,99285,90366,,608,230550.67,44873.47,,529,207411.18,97718.76
76962,"ConnectiCare Benefits, Inc. **",CT,-6289036.98,302364,145886000,127959000,4456584.71,1110889,481493023.5,549283125.5,-6728057.44,2717429,1038344661,1055850578
77060,UnitedHealthcare Insurance Company,WV,,629,376802.06,539608.89,,2701,1400243.25,996189.3,,3848,1987823.29,1007559.33
77144,Time Insurance Company,SD,215435.96,8018,3014587,3532897,-21716.99,14956,4317884,2129192.42,-1474611.65,42348,11597704,7390148.76
77150,"Health First Insurance, Inc.",FL,-723613.84,44014,16295450.67,16609133.14,700760.1,99351,40411166.72,40149485.54,1792502.93,170681,73112102.12,67802664.04
77263,"Oxford Health Insurance, Inc.",NJ,32851467.14,135146,73111581.68,103775430.1,44955766,590554,211691538.8,269160627.4,,786805,287761626.9,388035590.7
77422,Aetna Life Insurance Company,DC,-45424.71,19134,3784199.41,2750090.09,-254043.25,52337,15966797,20919459,1808456.1,58273,21293460,20013979
77514,Neighborhood Health Plan of Rhode Island,RI,-570729.75,11408,4044489.86,1975782.139,-8608201.54,44469,16818343,23889040,-770019.98,65045,23576429,25404651
77552,CareSource,OH,-2165055.8,250740,84336554,70915065.26,-16752738.98,940354,259367562.6,233200810.6,-49061684.16,1018921,352928824.6,302397410.9
77606,"AmeriHealth HMO, Inc.",NJ,-24464783.28,258158,105618835,86780918.26,-4859744.69,1553522,627863417.5,680168155.8,117279775.3,1363121,609751133.1,678988028.2
77931,Health Alliance Midwest Inc.,NE,62479.01,1373,451741,436265,14477.63,1806,652604.11,342126.26,,4208,1273463.31,1134335.28
77969,Regence BlueCross BlueShield of Oregon,OR,4080269.2,368323,75631577,79709375,5024567.08,1019070,290413107,366301108.4,11963363.34,849414,286519235.8,305279675.4
78079,GHMSI,DC,1803989.23,91636,31714766.26,32975261,3510581.06,414794,127889882.8,183230368.4,-11963347.32,334517,123126850,161305248.2
78124,"Excellus Health Plan, Inc.",NY,33519366.16,309097,121544742,145165193.2,44746473.2,1329937,388444221.1,358677256.3,-26403372.35,1510064,551320906.2,520906806.4
78575,Coventry Health and Life,TN,-57779.81,10611,1847813,1809844.7,,27269,7749880,9761451,-358787.81,24262,6991090,6324078
78611,Aetna Health Inc. (a PA corp.),AZ,,269,127815.98,119110.44,,700,283446.31,172189.06,,577,218499.87,182329.89
78960,John Alden Life Insurance Company,DE,,342,96820,41071,,213,77160.93,10643.8,163520.87,469,145066.28,80807.96
79022,Aetna Health of Utah Inc.,WY,-50038.73,1683,407310,114751.87,-78269.7,4244,1430023.97,2386267.14,316788.43,3878,1449222.67,2421683
79475,Compcare Health Serv Ins Co(Anthem BCBS),WI,-5890042.47,367520,129839861.8,127342878.3,9974580.81,2028437,563366273,783660741,-3948818.13,2028674,710450871,793783820.4
79509,Humana Insurance Company,CO,1264744.68,195438,42583478.25,31808594.15,664060.25,470448,168011577,210195605,-6653749.71,430439,177443910,186950728
79636,Coventry Health and Life Insurance Co.,NE,58981.49,53498,7767775,6639457.5,48490.02,63391,20472680.63,11338993.88,-9939903.66,109311,35356283.7,23613412.35
79763,Land of Lincoln Mutual Health Insurance Company,IL,816860.44,30733,11019957,19901363.37,-22604098.38,30269,12999817.05,17521253.33,1045021.61,136824,55416702.41,64006939.2
79828,Pekin Life Insurance Company,IN,,12,-23465,4154,,12,2575.92,,,4,858.64,
79881,"UnitedHealthcare of New England, Inc.",RI,,2469,1004880.32,744221.72,-1072057.02,13459,3338127.27,2110928.25,,11085,2826000.95,1493400.755
79888,"HealthPartners, Inc.",MN,2384614.4,22057,9438000,13356000,31708.01,61548,25264201,23545272,-5128307.73,124731,43127168,40676281
79970,John Alden Life Insurance Company,MI,,11153,2424175,1637389,,27231,11517067,10912977,-213248.62,32710,13619735,13443639
80049,UnitedHealthcare Insurance Company,AK,,48,34628.88,1236.58,,63,46308.04,46241.06,,98,90867.45,120023.12
80148,Federated Mutual Insurance Company,PA,,12,2315.92,,,355,102243,15973,2785.91,11,5610,
80180,"UnitedHealthcare of Wisconsin, Inc.",WI,,452,226702.45,168672.41,,1733,466916,352432,-7206.53,1324,379541,378717
80431,Freedom Life Insurance,SC,-599.88,2469,458787,378926,-7622.19,5867,3904718,7432948,,4290,2768339,6046304
80473,Group Health Cooperative,WA,890216.02,428008,148391467.6,123818071.4,-9944277,6595736,2458601688,2480964788,150165052.9,5019015,2240222009,2208536078
80698,John Alden Life Insurance Company,NE,,4014,1111782,870915,,5539,2106567,2571812,-717206.52,13889,5578645,5479908
80779,"Neighborhood Health Partnership, Inc.",FL,,10782,6051415.12,6242101.24,,113702,37209008.31,40856750.46,-415576.63,79134,27809359.49,27429005.53
80863,Time Insurance Company,AZ,5883719.72,147996,34843805,56760689,11878587.57,,,,-27966031.41,377890,113446077.7,121328677.1
81068,Aetna Life Insurance Company,MI,-299479.55,72567,17555621.12,13181088.99,-1395523.24,234400,54021852,56735020,2957250.22,180687,49085799,46371400
81392,UnitedHealthcare Insurance Company,AR,,1964,867370.93,548758.92,,7959,3526468.74,2392772.56,,8232,3630950.63,3739603.56
81413,Network Health Plan,WI,17211.06,18001,3010754,1918512.432,294393.41,79,30351.07,19892.23,4943888.94,41820,17737283.49,25380039.56
81914,"Coventry Health Care of Delaware, Inc.",DE,-427183.66,10111,3606911,2716606.48,,17049,6337200.43,7551443.03,-819920.79,55822,19215156.59,18384841.95
81941,Aetna Health Inc. (a LA corp.),LA,-2764603.7,149620,27002700,25513962.18,-9447131.62,247339,87519010.48,115945179.4,2695562.98,293115,120501551.9,135014690.8
81966,Humana Insurance Company,NE,,6,1287.24,-117952.07,,,,-16.66,,6,2017.25,42.66
81974,Wisconsin Physicians Svc Insurance Corp,WI,9253503.82,415053,129521835,159237537,5160942.97,1994245,542184203.8,550886744.5,-9848840.41,1953448,595957605.8,620150404.6
82011,UnitedHealthcare Insurance Company,AZ,,10904,5036335.1,4047839,,28955,9384377,9045705.67,-3640352.33,66684,22471555,21669276.86
82120,Humana Insurance Company,TN,275162.36,297853,65549030.12,69602919.01,618404.6,78033,19335941,15910959.15,34870822.7,650019,257424034,366576845
82209,Freedom Life Insurance,OK,-853.44,990,262911,916664,19738.01,2897,558542,464989,,2542,490382,1233461
82483,North Shore-LIJ Insurance Company Inc,NY,434621.91,91082,38127866,42091418,2282312.43,377613,102774924.9,96883579.81,13434434.68,392267,127153733.8,130694505.8
82506,Freedom Life Insurance,IL,59844.74,4321,968052,1273399,26867.72,5221,2104764.82,1365577.773,-2270393.89,10071,4238879,1642364.558
82569,"Boston Medical Center Health Plan, Inc. ***",MA,,24050,6284033,2332226.708,,313928,114358725,146607291.6,4335937.83,87370,35614469,37111942
82595,Madison National Life,TX,,1731,367694,411649,,6049,2884114.13,3251346.46,,3659,1960006.23,2336722.65
82795,Capital Advantage Insurance Company CAIC,PA,3395486.14,21237,10303087,18200535,,129455,68889815,68596735,,130483,68420466,75916404
82824,Aetna Health Inc. (a GA corp.),GA,,3607,1861258.73,2757745.26,,29548,9219535.85,7865754.38,-1407174.88,24391,8459027.85,7486055.48
82884,Aetna Health Inc. (a NJ corp.),NJ,,20390,10003719.74,10066725.2,,47868,15266749,15460626,1224227.52,127132,43319182,46154706.49
83198,"Sierra Health and Life Ins Company, Inc.",NV,6879575.41,308590,58679798.88,58742830.01,4132272.63,692644,220132355,284277498,31581487.09,574755,215666455,273525098
83396,The Health Plan of the Upper Ohio Valley,OH,37488.57,1552,239056,463714,-74715.6,7897,2054294.03,2303668.84,,1564,616563.09,967546.65
83761,Alliant Health Plans,GA,2745962.25,68272,29758360,37314070,4679043.57,330905,144478467,261705910,49750020.05,323186,152485135.2,230087842
83808,Coventry Health and Life,MS,-132911.3,4736,766827,1076537.61,-199659.48,7636,4216909.92,3195481.36,,7094,3953536.42,2592755.81
83978,Aetna Life Insurance Company,GA,-500123.69,325926,71679839.36,65252933.38,-14644018.02,591522,204436285,184696053,-48146445.67,760579,243102908,229023660
84014,County of Santa Clara,CA,-318460.38,15120,6988341,6495642,-115235.31,54591,15798846,12122248.97,-1311469.26,97980,28240828.17,30256833.69
84251,Aetna Life Insurance Company,AZ,-437141.1,146265,37434147.38,32381578.1,-3663100.18,296844,78246627.84,83685155.47,1781992.58,383931,129383773,127426655.2
84481,"Molina Healthcare of Washington, Inc.",WA,3774960.62,17442,7086075,8800956,1537384.84,137784,65906002.89,89863131.94,3394240.38,98573,44985863.42,50824009.71
84600,Aetna Life Insurance Company,KS,,4206,973126.74,433125.62,,10567,4656797.6,4845846.23,,10293,4565554.32,4285516.25
84670,"WPS Health Plan, Inc.",WI,6159459.81,211549,77520118,108667711,1825501.39,847755,295502067,336088448,13703605.42,872585,298157742,346867208
84867,Aetna Health Inc. (a PA corp.),OH,,788,436143.82,892597.89,,3303,1841854.78,1709451.63,,4115,2205124.3,1333436.43
85266,Hometown Health Providers Ins. Co. Inc.,NV,248604.41,6053,1609053,2230101,397248.75,14930,6471172.88,3626616.76,-421370.22,18580,7376842.78,5593087.51
85320,"MDwise, Inc.",IN,18423632.06,269970,128950539,125305182.5,,1430842,333665717.5,492765465.8,22409549.17,1849312,509597215.4,702984108
85408,"GlobalHealth, Inc.",OK,508909.92,21621,7236177,12964403,,85075,32826816.86,41373492.31,-1918.83,102653,39353360.49,56121897.86
85629,"Oxford Health Insurance, Inc.",NY,,247763,136885134.4,140990494.9,,2105500,938578431,702371782,-84325185.2,2466929,1150123086,966427849
85654,HealthPartners Insurance Company,MN,-5217351.16,253562,50895000,53127000,-29118111.14,578453,232610640.7,277168184.5,28217818.37,507466,223050403,272026371
85736,UCare Minnesota,MN,927744.9,5906,2027827.07,2734688,-5906132.97,,,,-1362.57,25737,10003125,11454812
85757,UnitedHealthcare Insurance Company,OK,,5172,2397455.93,1675496.72,,24179,8196319.07,14955965.78,-666540.06,32232,12269610.86,8541960.63
85804,LifeWise Health Plan of Oregon,OR,2582812.5,200231,50863793,58185588,-19940058.64,76939,25770963.62,40944996.08,-13675777.86,499608,182210405.4,197333022.2
86052,"CareFirst BlueChoice, Inc.",DC,-1007058.65,85443,22644314.97,22846546.22,-1630614.05,286497,115991995.6,82911394.42,-30691628.34,223383,83008935.81,59814247.47
86382,Sunshine State Health Plan,FL,-198355.63,3460,1302976.93,532646.8603,-26584661.51,2095,608257,606509,-597610.71,15167,7171780,6881098
86443,"Innovation Health Plan, Inc.",VA,,264,67116.67,32291.15,,270,243554.01,163690.47,,282,231095.22,64896.65
86542,Time Insurance Company**,CT,1253125.49,32592,10690013,12884801,905352.48,53788,13453355,22994377,-4227905.42,132796,47980740.1,59205118.65
86830,Cigna Health and Life Insurance Company,AZ,1978320.29,16576,5021387,11070817,2978136.23,1201,647029.81,767349.24,6746077.39,66639,26572408.43,35061697.98
87194,Celtic Insurance Company,IA,-1222.36,377,80853,138347.0115,,3120,999909.67,1046345.73,,345,217158.31,128643.87
87226,Superior Health Plan,TX,-933830.98,14103,4397780.869,2962415.366,-5580967.25,4119,1174795,995269.479,212479.07,66085,19011152,29201322.42
87354,Cigna Health and Life Insurance Company**,CT,-45977.45,7558,3024212,4941316,1551767.81,3113,1710434,2478740,-1946342.41,45447,14402982,14006163
87416,Common Ground Healthcare Cooperative,WI,-21936044.54,241900,101860614,157754750,194955.1,1505991,466896242,470969260,18333352.61,1261457,442903170,439553282
87446,John Alden Life Insurance Company,NV,,1849,568261,265966,,9394,4443000,5931000,,5648,2893000,4485000
87696,Time Insurance Company,NC,12959.79,93145,20763791,21448918,-2641746.14,15616,5229779,7147753,-24919104.44,212035,70770129,57016568
87698,CommunityCare Life & Health Insurance Co,OK,,2310,590467,432452,1200.32,7335,2167727.03,1461037.56,,5709,1592211.84,1578757.4
88000,Group Health Incorporated,NY,-1025.08,8884,6641474.946,2995411.76,-72128.3,124118,28964094.43,20729126.35,43730.3,92724,23368892.85,16831139.4
88582,Health Insurance Plan of Greater New York,NY,-3859201.9,328572,127188051.4,122147053.1,5515480.63,624707,239706071.4,273354882.6,-54829193.06,1649845,750098351.7,697315803.7
88678,UnitedHealthcare Insurance Company,IA,,510,251261.29,77075.44,,2813,690716.26,398728.39,,2217,578805.78,419864.08
88806,"Fallon Community Health Plan, Inc. ***",MA,,73650,30270667.51,25925156.83,,444015,187024958,479433200,65553512.41,328744,169810875.1,280252072.4
89029,Time Insurance Company,MI,688700.17,130130,25848787,24230833,1364106.91,27789,10354780,9203574.299,-27121632.72,275451,114688709.6,85007762.76
89106,UnitedHealthcare Life Insurance Company,WI,1384844.33,14670,5908205.32,7068437.39,-1371221.77,53628,18429287.98,17357765.7,-1809702.29,76021,29935799.47,27173036.06
89156,Standard Security Life,NE,,147,44917,2950,,200,138890.0635,195992.1,,109,84725.19,226181.531
89217,Aetna Life Insurance Company,NJ,8273636.8,20206,8379737.33,25868635.87,5290240.82,40064,17990277,20894048.56,-1517979.46,113507,45301684,38199147.38
89219,John Alden Life Insurance Company,LA,,594,282374,340356,,4233,989112.32,15388473.43,,2603,1111059.47,-2838024.02
89242,Optima Health Insurance Company,VA,1635203.19,65898,12234932,15439336,-4260.56,,,,-6918671.85,144524,52004071.79,45814454.71
89364,Sanford Health Plan,ND,128336.66,12835,3365375,2795365.75,-728919.89,131934,28394641.19,27965900.91,-2076263.76,49789,13206793.47,12018181.51
89728,John Alden Life Insurance Company,SC,,3503,922158,608761,,11893,5746681.99,8209998.99,810976.08,9584,4945107.28,5683843.72
89942,Kaiser Foundation Health Plan of Georgia,GA,-745460.89,292357,86535871,85526652,2627520.08,1037701,337688912.1,277405688.6,-2324559.37,1093488,406461787.7,332851974.2
90028,BCBS of Wisconsin(Anthem BCBS),WI,,57887,22134036,20067780.16,,37045,18538858.37,20950336.53,-11167504.61,219946,86352286.73,77817714.88
90117,UnitedHealthcare Insurance Company,RI,,9037,3654330.77,4467752.79,,53205,26813056,33639246,7154086.73,56589,28776102.84,35336606.36
90169,UnitedHealthcare Life Insurance Company,AZ,28226.14,5753,2810864.09,1870467.82,784206.91,28992,6801002.18,5108896.339,-1766155.71,36040,11018852.23,9552219.98
90175,UnitedHealthcare Insurance Company,OR,,511,278610.68,178416.08,,4469,1024383,2636489,530940.43,2558,947270,3221773
90214,UnitedHealthcare Insurance Company,ME,,36,26106.66,9425.85,,62,36000,68000,,48,36000,44000
90296,"Kaiser Foundation Health Plan of the Mid-Atlantic States, Inc.",MD,-2210325.79,92214,33642176,29825663,-17702319.36,211299,103834074.1,109330228.3,-457849.1,360843,139260916.2,145882653.9
90762,UnitedHealthcare Insurance Company,NM,,464,208549.85,159386.89,,739,408588,840584,365003.85,1037,611080.8,1154069.93
91058,"Gundersen Health Plan, Inc.",WI,417451.12,43139,22631274.92,26227200.12,-855334.89,18,73380.16,193944.8322,17279612.16,223111,99773329.42,98737830.23
91069,"HealthyCT, Inc. **",CT,-569431.67,23491,11974980,12903482.29,-6912671.83,189064,51957088.49,55892517.14,4158571.2,144065,46009746.68,56155044.47
91237,"Healthfirst PHSP, Inc.",NY,-2649557.85,66274,29370655,29002425,-48556174.15,334217,147028138.9,169661735.3,27204905.43,310171,135032997.9,139077347.2
91303,"HealthAmerica Pennsylvania, Inc.",PA,-1253464.22,50625,13714710.99,12172534.64,-2527671.54,29,538.16,4345.89,-15976640.99,153974,49256300.55,37855144.19
91450,"Health Net of Arizona, Inc.",AZ,-26088803.1,567847,124579161,170970269,1953496.4,1019835,355349837,335721470,-13226650.55,1645277,640755819.4,640628072.5
91604,Humana Insurance Company,WI,3660246.43,118386,32154163.39,34500075.4,596881.13,210962,60800064,49356249,-19477061.31,344406,92558175.44,75357602.94
91716,Aetna Life Insurance Company,TX,7355591.68,503421,152897435.4,143561183,-10218459.31,6984408,2658951422,2638243806,265442825.1,8342490,3331546180,3407583852
91842,Time Insurance Company,IN,8505433.96,176875,51102791,69262776,15394607.15,547175,172505065,190002625.7,-14085301,511508,193428464.7,199607881.8
92036,HealthSpan,OH,-4194646.37,47842,19096941,18659412,-6743522.63,118357,35855316,35364842,2973919.75,198382,63975333,64695568
92045,Meritus Mutual Health Partners,AZ,800921.39,3529,1338745,5769734.255,-558586.58,15810,6049869.112,2862510.953,,15471,6035656.62,3246383.453
92120,"Coventry Health Plan of Florida, Inc.",FL,824165.75,183541,53843141.34,43602103.04,-1502492.36,357716,118703087.1,102375682.3,-13319421.75,538785,183216122.4,154780811.4
92137,All Savers Insurance Company,CO,481970.65,1794,960626.99,1661246.86,168907.5,19103,8270658,14324515,2480143.2,9966,4221764.73,10920805.29
92476,UnitedHealthcare Ins Co of Illinois,IL,,3578,2297926.08,1470998.13,,33385,10083892.39,6049813.101,282976.78,28784,9148102.29,9004530.18
92499,Sharp Health Plan,CA,10432568.53,122265,48589226,63015430.38,9791489.44,616196,201598194.8,218553382.6,-10630845.15,473825,180042572.3,176259533.9
92551,CDPHP Universal Benefits Inc.,NY,,6833,1936278,1974195,,36813,14524584.65,16070654.17,1009347.25,25048,11876645.34,13232655.76
92708,Federated Mutual Insurance Company,WI,,1,1147.33,,,59,31164,103869.42,,6,2259,
92766,"HMO Missouri, Inc.(Anthem BCBS)",MO,,1032,820968,518318.951,,2633,780401.94,602279.61,-370234.08,7375,2332638.38,2017789.27
92815,Local Initiative Health Authority for Los Angeles County,CA,-31742828.09,240012,66111108,47084780,-23491264.75,1155876,358676896,485000522,33462328.92,652354,256991904,338079047.2
93091,New Mexico Health Connections,NM,-4834621.72,72246,24015570,20102873,-11035028.09,259030,159105636,239192567.1,79007342.63,250546,142709646.3,238892350.5
93122,Freedom Life Insurance,AL,26222.47,334,65447,249168,57450.42,296,76791.76,120891.81,,276,70421.95,91835.49
93187,Aetna Health Inc. (a PA corp.),VA,,464,179127.53,123340.72,,571,244509.79,187046.82,,885,277584.44,254616.25
93689,Western Health Advantage,CA,2576272.04,40958,17648512.71,23285629.43,-1713529.97,641288,163491388.5,187931271.1,-11830329.41,182842,56178091.43,49763626.23
93838,"HealthAssurance PA, Inc",PA,,4102,1660964,1537162.25,,19843,6597045.54,7867083.1,-134489.36,19766,7130573.36,5227058.28
93848,Coventry Health & Life Insurance Co.,VA,,296,108832,76779.11,,733,221799,319378,-2498.84,561,203015,315255
94073,Time Insurance Company,WI,5745648.38,174728,46309458,55624624,2979855.24,348378,141085363.9,139128345.9,-6169146.2,459815,211229814.7,201520425.3
94084,GHMSI,MD,5177916.02,330002,85024757.75,88465811.04,14549412.84,1434483,550885456.1,697124928.4,93698886.73,1050397,474737313.1,609487747.2
94237,Magnolia Health Plan,MS,-6560626.86,126016,65863721.99,31828143.15,-4508929.62,688724,291354380,339462243.3,5309414.63,650462,269816122,315546943
94248,Blue Cross and Blue Shield of Kansas City,KS,8092802.17,332440,80534884.03,87930153.72,12904886.1,1348881,538041022.9,494138475.3,23453648.5,936386,394474929.9,395473402.1
94388,Trustmark Life Insurance Company,WA,,579,41754.06,42578.55757,-35609.15,261,131424.39,254229.57,,105,86660.21,41122.68
94459,Coventry Health & Life Insurance Company,NC,,32,24001,72099.52,,,,,-12382.28,42,31891.01,
94506,"Kaiser Foundation Health Plan of the Mid-Atlantic States, Inc.",DC,-751505.85,22353,8802394,8736406,-1625923.79,121898,25305558,32017398,-5781185.31,118692,35006962,27118538
94529,Group Health CooperativeSCW,WI,1297858.57,22068,8563146,9534047,1059019.73,100794,34181806.75,37885711.01,-4769647.33,115362,42211608.14,35676448.69
94720,John Alden Life Insurance Company,WI,,3567,1024179,356364,,6662,2650550.76,3724009.19,1316533.03,11155,4610816.65,6571803.34
94788,CDPHP,NY,8365330.23,45111,21946640,28267684,8189242.42,194647,67620965.18,89591632.45,12470418.63,216904,80662042,93413220.4
94815,"ConnectiCare Insurance Company, Inc. **",CT,-10948959.34,263102,94374795,81056000,-26170707.17,332567,88766690.5,103343329,-36194842.92,1217857,399049035,440670296.7
94968,UnitedHealthcare Insurance Company,KS,,262,154699.26,74288.04,,656,282517,213902,83341.33,742,327127,280196
95074,John Alden Life Insurance Company,IN,,9516,2263435,2807514,,74581,26936545.8,29106547.01,431007.37,28541,10983572,13767889.42
95185,"Kaiser Foundation Health Plan of the Mid-Atlantic States, Inc.",VA,-11219947.68,250366,90029954,78063723,-39306435.97,1100658,418268282,462242211,48645541.56,1101801,454395716,519514520
95417,Trillium Community Health Plan,OR,-2613.45,17,12226,3613.64,-29917.47,36,26610.16,80378.0794,9128.22,24,17916.91,67294.40587
95426,UnitedHealthcare Insurance Company,MO,,4617,2318002.6,1602444.49,,43144,18231157,17352915,232540.31,29592,14384084,12302391
95677,UnitedHealthcare Insurance Company,CA,,12461,5995770.22,6042728.3,,101241,32382491.22,47794308.61,-2371948.67,78796,22002270.73,26359133.74
95865,"Health Plan of Nevada, Inc.",NV,-3030918.47,189134,63247361.96,54264833.96,230274.9,654579,280767787,281199270.2,24193391.03,638612,281630564.5,310504939.2
95878,HPHC Insurance Company Inc. ***,MA,,21557,9507570,8018263.493,,126390,31416377,20804518,-319665.28,125888,33429631,28925018
96384,Cox Health Systems Insurance Company,MO,-173675.23,101891,19336149,18647400,-1884389.93,396688,161071543,222934983.9,-1715699.95,203673,88339949,113442455
96601,"Coventry Health Care of Illinois, Inc.",IL,-3262695.3,111531,33218247.82,34897693.24,-5367684.26,168528,55062372,50135453,-5705014.67,345768,127267834,123194512
96667,Harvard Pilgrim Health Care Inc.,ME,-72007.16,1320,506320,599101.264,1177105.98,15249,4098764.87,2798856.85,-130203.17,5110,1857278.33,1553781.03
96734,Freedom Life Insurance,MS,48146.28,21,14871,22926,-289.05,67,20331.88,69522.74,,34,13097.44,25393.12
96751,Matthew Thornton Hlth Plan (Anthem BCBS),NH,-5300321.87,389176,147211030,110413843.2,156537.94,3088102,942571978.7,1148724126,-1661548.73,3252818,1119572863,1346911505
96835,John Alden Life Insurance Company,VA,,1444,482388,135657,,4882,2116229.78,1474239.28,,4726,2060557.22,1600365.71
97462,UnitedHealthcare Insurance Company,UT,,1026,331459.01,261278.37,,2289,866073.9,1267689.57,,2840,1059597.35,1138446.15
97569,"Optimum Choice, Inc.",DE,,24,13125.85,3149.4,,36,17933.28,161955.3272,-7367.49,24,5956.91,91520.39198
97596,Humana Insurance Company,OH,976968.6,45174,11312075.87,10653083.42,1602746.25,159592,93990086,146808709,-11418310.77,139893,115629307,109150932.7
97646,Time Insurance Company,NM,219541.22,3770,1211757,1391775,6670.67,87852,23166217.33,18871983.99,719860.7,14536,4810241,2796922.79
97679,Standard Security Life,TX,,1174,356597,190244,,2683,1017074.56,737885.15,,3322,1130375.27,1182640.54
97879,Rocky Mountain HMO,CO,13887675.22,317751,143359065,192086392,18515843.4,1722261,586687204,333655952.1,-252569063.1,2589371,868088165,664080390
97889,Time Insurance Company,DE,53220.61,6861,1533482,1673209,40682.47,34529,12535255.49,10352181.89,-1657914.8,17849,7536015.89,6111808.46
98618,John Alden Life Insurance Company,KS,,1014,347233,181637,,3025,1825650.49,1357995.77,,3239,1690554.87,748514.99
98704,UnitedHealthcare Life Insurance Company,OK,83712.74,26326,8231807.47,8105793.85,637091.31,110036,33188114.25,30505235.97,-7984910.32,110621,27910624.1,26359366.05
98805,UnitedHealthcare Insurance Company,MS,,566,260364.95,178484.19,,2857,1259820.15,2795911.49,2810015.23,2490,1167062.43,3274884
98809,UnitedHealthcare Insurance Company,TX,,25481,14554421.32,12367212.22,,195299,76036999.8,85811732.92,14829547.64,163568,73541649.54,85930415.61
98894,Coventry Health and Life,OH,-2282003.25,62177,22171528.64,20047835.17,60728.8,126026,53132280.58,89861489.51,26478561.73,220073,101678483.8,152925774.8
98905,CommunityCare HMO Inc.,OK,823116.3,17942,4191506,4445552,1755937.92,122870,43512275,49813908,5119648.78,65169,25453606,28458860
99129,Aetna Health Inc. (a PA corp.),IL,,331,142331.98,205175.22,,740,191137,67604,8241.41,626,158354,91395
99248,Cigna Health and Life Insurance Company,TN,1134427.73,9483,3131695,5082545,1397613.95,94382,35834863,54917003.46,9211343.15,46575,19072646.02,34439156.23
99308,"Humana Health Insurance Co of FL, Inc.",FL,185940.22,332719,74908404.3,58260377.32,-2261208.38,599791,224819726,202707594,-46288576.05,830256,337103824,287937814
99389,"Community Care of Oregon, Inc.",OR,961182.24,7206,2482923.61,5249096.959,401324.32,38845,21615308.07,17434902.57,,34121,18908544.2,14725667.31
99483,Contra Costa Health Plan,CA,1753287.86,9787,5141306,8923224,,16365,5082191,5778329,6251937.97,67920,21632437.19,33170875.72
99663,"Coventry Health Care of Virginia, Inc",VA,2743889.18,230418,64730853.85,69703444.71,1027646.58,511698,178753728.3,191626223.4,-3996497.96,645597,223290186.6,250007555.2
99685,Humana Insurance Company,AR,68170.5,13384,2178290.92,1614966.321,-484230.53,34541,7143434,8342078.867,303111.16,26839,5969401,5955373.513
99723,Celtic Insurance Company,MO,-4177.67,28,22671,-217.6013163,-4529.5,,,,,36,25458.61,10284.2
99791,Humana Insurance Company,IN,12712802.22,117992,35065382.65,52271674.78,8411678.81,359424,125557357,90778872.65,-454944.09,382940,143124816.2,139348488
99806,John Alden Life Insurance Company,ND,,3510,793029,584483,,15408,7411703.35,5604240.79,,7162,3745286.25,1882111.11
99969,Medical Health Insuring Corp. of Ohio,OH,9233566.61,370847,151602447,189452476.1,21390181.45,7551901,2864002080,2536678058,-182807948.2,7386281,2899936689,2664433592
