HIOS ID,HIOS INPUTTED INSURANCE COMPANY NAME_2015,STATE_2015,"HHS RISK ADJUSTMENT TRANSFER AMOUNT (INDIVIDUAL MARKET, INCLUDING CATASTROPHIC)_2015",7.4Membermonths2HealthInsuranceINDIVIDUALTotalasof3/31/15_2015,1.1Directpremiumwritten2HealthInsuranceINDIVIDUALTotalasof3/31/15_2015,2.16Totalincurredclaims2HealthInsuranceINDIVIDUALTotalasof3/31/15_2015,"HHS RISK ADJUSTMENT TRANSFER AMOUNT (INDIVIDUAL MARKET, INCLUDING CATASTROPHIC)_2016",7.4Membermonths2HealthInsuranceINDIVIDUALTotalasof3/31/15_2016,1.1Directpremiumwritten2HealthInsuranceINDIVIDUALTotalasof3/31/15_2016,2.16Totalincurredclaims2HealthInsuranceINDIVIDUALTotalasof3/31/15_2016,pmm1,pmm2,pmm3,pmm4,
66413,"United Healthcare of Utah, Inc.",UT,,16,7848.96,336.07,,36,16065.16,3424.3,,1,490.56,21.004375,
65441,"Phoenix Health Plans, Inc.",AZ,-247328.86,3091,355126,76279.06723,-32866201.1,356225,79054583,57362792.41,-80.01580718,1,114.8903268,24.67779593,
48788,Inter-County Hospital Plan,PA,,994,38528,34416,,788,46641,33548,,1,38.76056338,34.62374245,
50118,United Healthcare Insurance Company,ID,,16,3344,715.5,,61,11704,6052.45,,1,209,44.71875,
21400,National Foundation Life Insurance,UT,-3711.09,355,102243,15973,2785.91,11,5610,,-10.45377465,1,288.0084507,44.9943662,
90214,United Healthcare Insurance Company,ME,,36,25614.06,1742.34,,24,13931.94,1550.52,,1,711.5016667,48.39833333,
95417,Trillium Community Health Plan,OR,-29917.47,213,77160.93,10643.8,163520.87,469,145066.28,80807.96,-140.4576056,1,362.2578873,49.97089202,
44434,Aetna Health Inc. (a PA corp.),WV,-295477.04,1635,400687.79,84137.48,-127253.89,1316,448212.65,457501.75,-180.7199021,1,245.0689847,51.46023242,
93187,Aetna Health Inc. (a PA corp.),VA,,161,29123.33,10482.32,,168,25654.5,39024.61,,1,180.8902484,65.10757764,
58239,"United Healthcare Plan of the River Valley, Inc.",IL,,128,40386.17,8992.64,,84,38795.55,38713.45,,1,315.5169531,70.255,
75753,"Optimum Choice, Inc.",DC,,181,103401.8,12905.09,,172,89196.52,49001.37,,1,571.280663,71.29883978,
33232,United Healthcare Ins Co of River Valley,OH,,608,230550.67,44873.47,,529,207411.18,97718.76,,1,379.1951809,73.80504934,
68541,Coventry Health and Life,MD,,1657,150911.86,125088.95,,43,13359.1,32334.74,,1,91.07535305,75.49121907,
45920,"United Healthcare of Ohio, Inc.",KY,,314,88014.12,25073.73,,359,157221.8,121102.88,,1,280.2997452,79.85264331,
19298,Aetna Health Inc. (a PA corp.),NV,-1143730.03,8373,1949729.12,682849.79,-835974.11,6968,1928281.34,751358.68,-136.5974,1,232.8590852,81.55377881,
16072,Coventry Health and Life Insurance Co.,PA,,3060,300025.67,254744.52,,19,283.91,-60339.71,,1,98.04760458,83.24984314,
90175,United Healthcare Insurance Company,OR,,507,183545.82,43557.35,,930,224413.35,86911.49,,1,362.0233136,85.91193294,
28773,United Healthcare Insurance Company,KY,,319,87921.25,27455.87,,938,202254.52,158438.91,,1,275.6152038,86.06855799,
61273,Freedom Life Insurance,AR,-5029.01,740,191137,67604,8241.41,626,158354,91395,-6.795959459,1,258.2932432,91.35675676,
32378,Aetna Life Insurance Company,IN,,561,230269.61,60378.7,,427,181872.9,49049,,1,410.4627629,107.6269162,
62560,"UPMC Health Coverage, Inc.",PA,-11718.3,155,39144,16718.6,,75,18322.07,473.93,-75.60193548,1,252.5419355,107.8619355,
22732,United Healthcare Ins Co of River Valley,AR,,356,128379.22,38490.31,,341,143906.32,52986.13,,1,360.6157865,108.1188483,
81413,Network Health Plan,WI,294393.41,14440,2243847,1580270,1897726.68,55987,22776443,25842938.9,20.38735526,1,155.3910665,109.4369806,
94968,United Healthcare Insurance Company,KS,,401,197729.86,44840.81,,575,238592.18,92732.39,,1,493.0919202,111.8224688,
56610,"United Healthcare Plan of the River Valley, Inc.",IA,,608,237862.13,74051.1,,335,139592.97,108625.6,,1,391.2206086,121.7945724,
34620,"Harbor Health Plan, Inc.",MI,428.3,41,14481,5097.443295,-2957260.83,30978,6021758,5248426,10.44634146,1,353.195122,124.3278852,
77514,Neighborhood Health Plan of Rhode Island,RI,-8608201.54,187810,58621412,25640382,-5606340.68,191885,59043046,40847971,-45.83462829,1,312.1314733,136.522986,
23468,Humana Insurance Company,OK,74763.49,2381,841575.83,325591.797,-20589.96,751,302696.34,323644.53,31.4000378,1,353.4547795,136.7458198,
18126,Molina Healthcare of California,CA,-25983024.62,199582,60304876,28198872,-106521339.3,792947,247229762,108535836,-130.1872144,1,302.1558858,141.2896554,
84600,Aetna Life Insurance Company,KS,,2813,690716.26,398728.39,,2217,578805.78,419864.08,,1,245.5443512,141.7448951,
73331,"Minuteman Health, Inc.",MA,,56185,13457110,7964463,,66843,19144269.69,12300433.32,,1,239.5142832,141.7542583,
40047,"Molina Healthcare of Michigan, Inc.",MI,-489545.74,14956,4317884,2129192.42,-1474611.65,42348,11597704,7390148.76,-32.7323977,1,288.7058037,142.3637617,
13953,Horizon HMO,NJ,-945.51,28,187369,4024,-4840.86,20,-17138,51614,-33.76821429,1,6691.75,143.7142857,
53524,Coventry Health and Life,OK,-200398.31,9743,1666568.13,1429357.23,,54,19026.47,9359.45,-20.56843991,1,171.0528718,146.706069,
72796,Freedom Life Insurance,GA,370.93,1023,223213,152912,-5238.21,694,154212,441620,0.36259042,1,218.1945259,149.4740958,
72034,CHRISTUS Health Plan,NM,-455783.17,3453,986130.31,517386,-3546966.8,33015,9044258,5807818,-131.9962844,1,285.5865363,149.8366638,
99129,Aetna Health Inc. (a PA corp.),IL,,29,538.16,4345.89,-15976640.99,153974,49256300.55,37855144.19,,1,18.55724138,149.8582759,
83883,Florida Health Solution HMO Company,FL,-166901.91,1312,41041,198363,-247811.02,1528,8436,220925,-127.2118216,1,31.28125,151.191311,
77422,Aetna Life Insurance Company,DC,-254043.25,7547,2045560.4,1150528.64,,258,104974.72,96648.02,-33.66148801,1,271.0428515,152.4484749,
97462,United Healthcare Insurance Company,UT,,777,192338.79,119228.74,,770,227117.34,79327.89,,1,247.5402703,153.4475418,
99685,Humana Insurance Company,AR,-484230.53,8077,1784005.94,1254218.05,-106659.16,6183,1351592.12,1182334.65,-59.95178036,1,220.8748223,155.2826606,
61836,Coordinated Care Corporation,WA,-34636348.44,335837,102415296.7,52321436.15,-29664686.35,363623,109508323.2,71522097,-103.1344028,1,304.9553703,155.7941387,
46958,Humana Insurance Company,UT,3170521.45,304972,36091117.17,47593149.03,1967946.16,216590,25777038.09,26458059.81,10.39610669,1,118.3423959,156.0574382,
39364,Medica Insurance Company,ND,,13459,3338127.27,2110928.25,,11085,2826000.95,1493400.755,,1,248.0219385,156.8413887,
34446,United Healthcare Ins Co of River Valley,IL,,2645,1057632.37,416438.84,,2780,1166064.03,782782.61,,1,399.8610095,157.4437958,
78611,Aetna Health Inc. (a PA corp.),AZ,,105,25975.82,16675.03,-8516682.29,145994,35531324,27961319.73,,1,247.3887619,158.8098095,
11082,Aetna Life Insurance Company,AK,-34550.55,2906,958431.34,462786.99,,242,166157.31,24287.02,-11.88938403,1,329.8111975,159.2522333,
58594,"Meridian Health Plan of Michigan, Inc.",MI,45009.16,288,121830,45897.57,-4071093.14,31334,9350089,4877603,156.2818056,1,423.0208333,159.3665625,
27248,"Community Health Choice, Inc.",TX,-36084527.66,382268,104696740,60925783.81,-64443832.93,1006534,290420274,265216613,-94.39588891,1,273.8830873,159.3797645,
47579,Chinese Community Health Plan,CA,-28712244.96,155023,70273738.3,24778424.54,-24844080.41,154960,70383906.83,35832049.9,-185.2128069,1,453.3116912,159.8370857,
47949,Golden Rule Insurance Company,KY,-1451612.01,13076,3446377.59,2092053.89,-458879.82,9264,2776951.37,2037936.88,-111.0134605,1,263.5651262,159.9918851,
41549,Southwest Life and Health Ins Comp,TX,,2897,558542,464989,,2542,490382,1233461,,1,192.8001381,160.5070763,
81941,"Coventry Health Care of Louisiana, Inc.",LA,-9447131.62,78262,19409194.68,12798652.92,-6121430.71,51289,17194438.38,9795494.66,-120.7116049,1,248.0027942,163.5359807,
57637,Medica Insurance Company,WI,,9384,2131433.75,1542374.93,,7817,1938508.43,1088224.095,,1,227.1348838,164.3622048,
44648,Regence Blue Shield of Idaho,ID,1002953.94,126390,31416377,20804518,-319665.28,125888,33429631,28925018,7.935389983,1,248.5669515,164.6057283,
41892,Golden Rule Insurance Company,VA,263834.56,124118,28964094.43,20729126.35,43730.3,92724,23368892.85,16831139.4,2.125675245,1,233.3593389,167.0114435,
61021,United Healthcare Insurance Company,DE,,358,142305.26,59814.41,,294,124470.32,17973.05,,1,397.5007263,167.0793575,
16064,"Anthem Health Plans of Virginia, Inc.",VA,,985484,217477958,165992563.8,,441046,190445438.3,139200562.5,,1,220.6813687,168.4376041,
17255,Golden Rule Insurance Company,NV,-1803076.9,61178,15883638.09,10385016.78,-1071172.33,45693,11213653.76,8871499.43,-29.47263559,1,259.6299011,169.7508382,
56764,"Humana Medical Plan of Utah, Inc.",UT,-12348265.88,150566,32572721,25970854,-5105680.26,75653,19984930.07,16416733.2,-82.01231274,1,216.3351686,172.4881713,
54822,Freedom Life Insurance,KS,12212.08,857,175437,148699,-334.95,672,153692,46148,14.24980163,1,204.7106184,173.5110852,
73886,Crystal Run Health Plan LLC,NY,-41505.88,166,68321,29103,256671.44,4938,1686889.08,2092136.6,-250.0354217,1,411.5722892,175.3192771,
32237,Humana Insurance Company,NC,-520970.75,28992,6801002.18,5108896.339,-1766155.71,36040,11018852.23,9552219.98,-17.96946571,1,234.5820288,176.217451,
92815,Local Initiative Health Authority for Los Angeles County,CA,-23491264.75,187043,57736325.1,33021025.18,-12354890.24,127728,44046851.51,27395497.21,-125.592857,1,308.6794218,176.542427,
86443,"Innovation Health Plan, Inc.",VA,,375,117036.56,66840.45,,39,23976.15,7231.07,,1,312.0974933,178.2412,
41047,Buckeye Community Health Plan,OH,-6141372.01,63391,20472680.63,11338993.88,-9939903.66,109311,35356283.7,23613412.35,-96.8808192,1,322.9587896,178.8738761,
31234,CeltiCare Health Plan of MA,MA,,15810,6049869.112,2862510.953,,15471,6035656.62,3246383.453,,1,382.6609179,181.0569863,
62294,Humana Insurance Company,MI,-356523.02,33385,10083892.39,6049813.101,282976.78,28784,9148102.29,9004530.18,-10.67913794,1,302.0485964,181.2135121,
50318,Aetna Life Insurance Company,WV,,217,95471.01,39432.29,,131,79083.63,7449.92,,1,439.9585714,181.7156221,
31552,Aetna Life Insurance Company,TN,-112658.65,15249,4098764.87,2798856.85,-130203.17,5110,1857278.33,1553781.03,-7.387936914,1,268.7890924,183.5436324,
19722,"Molina Health Care of New Mexico, Inc.",NM,-265619.48,48422,13765542,8974418,4371278.82,207287,59055404,49024969,-5.48551237,1,284.2828053,185.3376151,
82506,Freedom Life Insurance,IL,26867.72,3229,740957,602404,48327.14,2435,610525,558316,8.320755652,1,229.4694952,186.5605451,
73102,United Healthcare Insurance Company,NE,,1806,652604.11,342126.26,,4208,1273463.31,1134335.28,,1,361.3533278,189.4386822,
99308,"Humana Health Insurance Co of FL, Inc.",FL,-2261208.38,231548,60196665.78,44044679.38,-2944845.74,137234,38957988.65,28694534.48,-9.765613955,1,259.9748898,190.2183538,
54172,"Molina Healthcare of Florida, Inc.",FL,-218903904.1,1722261,586687204,333655952.1,-252569063.1,2589371,868088165,664080390,-127.1026308,1,340.6494161,193.731352,
63631,United Healthcare Insurance Company,MI,,2949,1146442.41,576681.84,,5156,1975678.7,1473969.81,,1,388.7563276,195.5516582,
45636,Care Source Kentucky Co.,KY,-3862217.41,56561,11993627.34,11147992.22,-6276507.5,141477,39691002.07,37233255.36,-68.2841076,1,212.0476537,197.096802,
84251,Aetna Life Insurance Company,AZ,-3663100.18,127740,33153017.92,25205733.12,41466.11,191,39627.09,4340745.04,-28.67621873,1,259.5351332,197.3205975,
85654,HealthPartners Insurance Company,MN,-29118111.14,507606,109802000,100347000,-55107410.5,667739,188789000,150979000,-57.36360709,1,216.31344,197.6867886,
51889,United Healthcare Insurance Company,NH,,20,23555.87,3973.01,,141,71742.2,16379.7,,1,1177.7935,198.6505,
70767,Aetna Life Insurance Company,MD,,7335,2167727.03,1461037.56,,5709,1592211.84,1578757.4,,1,295.5319741,199.1871247,
96384,Cox Health Systems Insurance Company,MO,-1884389.93,120726,26708066,24317228.3,-3684258.43,132265,32195573,32947426,-15.60881608,1,221.2287825,201.4249482,
87698,Community Care Life & Health Insurance Co,OK,1200.32,1733,466916,352432,-7206.53,1324,379541,378717,0.692625505,1,269.4264282,203.3652626,
37755,Insurance Company of Scott & White,TX,-1613428.88,78033,19335941,15910959.15,34870822.7,650019,257424034,366576845,-20.676238,1,247.7918445,203.9003902,
61163,"Minuteman Health, Inc.",NH,-10494673.57,92215,28174228,18870456,-25420942.91,214156,67496921,48820392,-113.8065778,1,305.527604,204.6354281,
29241,Priority Health Insurance Company (PHIC),MI,37908.56,255090,59195738,53108065,5900733.25,274816,77199778,78396996,0.14860857,1,232.0582461,208.1934415,
65817,"United Healthcare of Arkansas, Inc.",AR,,18,7065,3756.56,-3066401.15,77542,27965799.21,27667235.53,,1,392.5,208.6977778,
95878,HPHC Insurance Company Inc.,MA,,120352,30878843.46,25117387.64,,132159,39196669.11,40936206.3,,1,256.571087,208.6993788,
19968,Humana Insurance Company,KS,129998.03,52893,10922316.9,11120538.07,1652.45,24433,4799724.78,2746896.52,2.457754901,1,206.4983438,210.2459318,
27990,Aetna Life Insurance Company,NV,-7118682.16,69307,21101584.96,14683496.19,-4923899.31,75300,27246865.02,22211052.61,-102.7123113,1,304.4654214,211.8616617,
38927,Altius Health Plans Inc.,UT,-3519378.66,131934,28394641.19,27965900.91,-2076263.76,49789,13206793.47,12018181.51,-26.67529719,1,215.2185274,211.9688701,
80431,Freedom Life Insurance,SC,-7622.19,2028,421461,432622,-520.68,1735,366124,106303,-3.758476331,1,207.8210059,213.3244576,
14030,Aetna Life Insurance Company,LA,,778,423520.1,166012.12,,576,355903.57,263041.09,,1,544.3703085,213.3831877,
35670,Coventry Health & Life Co.,IL,-644379.33,80734,21936657.94,17308858.94,2420350.88,133442,48085206.12,43289792.82,-7.981511259,1,271.715237,214.3936748,
79509,Humana Insurance Company,CO,664060.25,87852,23166217.33,18871983.99,719860.7,14536,4810241,2796922.79,7.558851819,1,263.6959583,214.8156444,
93838,"Health Assurance PA, Inc.",PA,,270,141579.44,58426.79,,99,48744.24,27557.55,,1,524.3682963,216.3955185,
45786,Molina Healthcare of Texas,TX,-4116190.69,154159,53436933,33378968,-125970565.3,1338209,416288416,213949014,-26.70094312,1,346.6351819,216.5229925,
70239,Health Choice Insurance Co.,AZ,-5999819.7,58566,13465931.75,12713287.44,-9159037.15,124255,40067897.67,49551786.7,-102.445441,1,229.9274622,217.0762463,
59809,United Healthcare Life Insurance Company,AL,-805865.4,7077,2060581.79,1537350.79,-959823.85,7809,2738518.56,2428831.42,-113.8710471,1,291.1660011,217.2319895,
82569,"Boston Medical Center Health Plan, Inc.",MA,,282386,83798266,61347073.43,,430308,123207107.1,110084940.9,,1,296.7507808,217.2454492,
24872,"United Healthcare of Pennsylvania, Inc.",PA,-39114321.98,356422,113565491.5,77868258.46,-14547161.39,258853,86748330.08,72354210.28,-109.741604,1,318.6264919,218.4720877,
59763,Tufts Health Public Plans Inc.,MA,,688066,207545372,151069668,,1173969,336200238,289964646,,1,301.6358489,219.5569437,
66105,Humana Insurance Company,AZ,689053.89,54591,15798846,12122248.97,-1311469.26,97980,28240828.17,30256833.69,12.62211518,1,289.4038578,222.0558145,
57165,"Affinity Health Plan, Inc.",NY,-24567668.78,190900,75887448,42445398,-9261635.02,108233,42411050,37863365,-128.6939171,1,397.5246097,222.3436249,
66946,Aetna Life Insurance Company,OK,-37821.69,4047,1238526.13,903335.91,,573,274228.72,262485.1,-9.345611564,1,306.035614,223.2112454,
71837,"Sendero Health Plans, Inc.",TX,-4376813.02,72061,20742943,16440299.79,-30547269.78,240950,62410719.39,35066545.2,-60.73761147,1,287.8525555,228.1442082,
73250,Aetna Health Inc. (a ME corp.),ME,-207447.42,2633,780401.94,602279.61,-370234.08,7375,2332638.38,2017789.27,-78.78747436,1,296.3926852,228.7427307,
71667,"United Healthcare Community Plan, Inc.",MI,-3038785.1,55506,15960199.94,12734732.13,167256.82,41018,12756227.3,10187764.01,-54.74696609,1,287.5400847,229.4298297,
98805,United Healthcare Insurance Company,MS,,622,271920.09,145388.03,,690,262311.32,164780.13,,1,437.1705627,233.7428135,
46275,"Humana Medical Plan of Michigan, Inc.",MI,-10842830.41,210962,60800064,49356249,-19477061.31,344406,92558175.44,75357602.94,-51.39707819,1,288.2038661,233.9580067,
60156,HMO Colorado Inc. dba HMO NV(Anthem BCBS),NV,-8860894.35,163550,52492039.02,39126115.86,-491903.28,104620,37744931.8,31022210.14,-54.17850413,1,320.9540753,239.2303018,
64844,Aetna Health Inc. (a PA corp.),PA,-25852344.53,324022,105458417.2,77700405.68,-31760032.8,577236,202395529.6,194599036.8,-79.78576927,1,325.4668424,239.7997842,
60597,Pacific Source Health Plans,ID,600458.28,34541,7143434,8342078.867,303111.16,26839,5969401,5955373.513,17.38392866,1,206.8102834,241.5123727,
63509,"Valley Baptist Health Plans, dba of VBIC",TX,-170079.29,4119,1174795,995269.479,212479.07,66085,19011152,29201322.42,-41.29140325,1,285.2136441,241.6289097,
61644,Aetna Life Insurance Company,NC,-715751.32,16986,4390892.19,4106034.29,,578,247057.16,481194.16,-42.13772048,1,258.5006588,241.730501,
22013,Regence BlueCross BlueShield of Utah,UT,1629776.02,234400,54021852,56735020,2957250.22,180687,49085799,46371400,6.952969369,1,230.4686519,242.0436007,
77969,Regence BlueCross BlueShield of Oregon,OR,5024567.08,281509,62826201,68324502,1694890.09,175655,60524893,58819381,17.84869073,1,223.1765272,242.7080555,
79881,"United Healthcare of New England, Inc.",RI,-1072057.02,14930,6471172.88,3626616.76,-421370.22,18580,7376842.78,5593087.51,-71.80556062,1,433.4342184,242.9080214,
69461,United Healthcare Insurance Company,AL,,700,283446.31,172189.06,,577,218499.87,182329.89,,1,404.9233,245.9843714,
75091,"ConnectiCare, Inc.",CT,-1899004.88,11204,4087279.69,2760050.122,-1145321.71,7751,2880064.18,2328469.831,-169.4934738,1,364.805399,246.3450662,
89587,Golden Rule Insurance Company,DE,-245126.83,4600,1972578.68,1133510.71,922.26,3013,1277647.86,730562.83,-53.2884413,1,428.8214522,246.4153717,
10958,United Healthcare Ins Co of River Valley,TN,,2218,899910.21,547940.29,,1880,836967.9,442372.79,,1,405.7304824,247.0425113,
31112,United Healthcare of the MidAtlantic Inc.,MD,-1146080.38,27649,8397232.7,6850854.38,-4726063.8,117781,39705280.01,30622053.42,-41.4510608,1,303.7083692,247.7794633,
36239,Anthem Health Plans of KY(Anthem BCBS),KY,3129303.34,1020298,297745092.3,253014028.1,6598201.98,1383489,478743071.9,425408047.3,3.067048392,1,291.8216955,247.9805195,
82824,Aetna Health Inc. (a GA corp.),GA,,940354,259367562.6,233200810.6,-49061684.16,1018921,352928824.6,302397410.9,,1,275.8190666,247.9925758,
33906,Aetna Life Insurance Company,PA,-9332073.48,217406,65677880.61,54041189.78,-64.1,3432,1257596.17,1435338.08,-42.9246363,1,302.097829,248.5726695,
67138,"Health Net of California, Inc.",CA,-125635855.9,2736915,895993865,681419303,-53862013.99,2083374,732748701.6,608224981.5,-45.90418625,1,327.3736543,248.9734986,
17808,Humana Insurance Company,SC,16975.57,8505,2661666.91,2139771.392,-7953.72,3908,1359755.98,734010.32,1.995951793,1,312.9531934,251.5898168,
43861,"United Healthcare of Washington, Inc.",WA,,79,30351.07,19892.23,4943888.94,41820,17737283.49,25380039.56,,1,384.1907595,251.8003797,
18167,Molina Healthcare of Utah,UT,-2854734.71,72932,16190660,18398259,-31798539.87,622659,135621047,141993410,-39.14241636,1,221.9966544,252.2659326,
96751,Matthew Thornton Hlth Plan(Anthem BCBS),NH,156537.94,359424,125557357,90778872.65,-454944.09,382940,143124816.2,139348488,0.43552445,1,349.3293631,252.5676434,
25303,"New York State Catholic Health Plan, Inc.",NY,-56655138.64,786748,279998282.6,199535627.3,-72347372.76,672732,250931437,176484919.6,-72.01179875,1,355.8932245,253.620762,
83198,"Sierra Health and Life Ins Company, Inc.",NV,4132272.63,377613,102774924.9,96883579.81,13434434.68,392267,127153733.8,130694505.8,10.94314187,1,272.1699859,256.5684439,
18628,Aetna Health Inc. (a FL corp.),FL,-28025200.75,485275,153265045.8,124845466.8,-19679828.24,524977,187980194.5,148120335.6,-57.75117356,1,315.8313241,257.2674603,
57451,"Coventry Health Care of Florida, Inc.",FL,-110567546,2827355,798433547.1,727386476.9,-112203006.2,2554014,866170700,721852379.9,-39.10635417,1,282.3959309,257.2674733,
85736,UCare Minnesota,MN,-5906132.97,115591,26968684.88,29837423,-16539135,192341,52833255.37,41266848,-51.09509365,1,233.3112862,258.1292921,
31616,Medica Insurance Company,MN,-5042829.16,138388,36796777.05,35785272.13,-5073958.4,94007,28906770.34,26696904.84,-36.4397864,1,265.8957211,258.5865258,
12028,Innovation Health Insurance Company,VA,-9421914.58,458023,142090442.7,118565881.9,-39102743.29,684153,206541369.6,195031076.9,-20.57083286,1,310.2255623,258.8644717,
39595,WellCare of New York,NY,-846218.15,5221,2104764.82,1365577.773,-2270393.89,10071,4238879,1642364.558,-162.079707,1,403.1344225,261.5548311,
11721,Blue Cross & Blue Shield of Mississippi,MS,2213375.4,793293,227165202,207890018,-14760.32,718574,225227066,198347078,2.790110842,1,286.3572501,262.0595644,
25896,Wellmark Health Plan of Iowa,IA,-4391485.66,121898,25305558,32017398,-5781185.31,118692,35006962,27118538,-36.02590412,1,207.5961706,262.6572872,
26539,"SHA, LLC DBA First Care Health Plans",TX,1137907.19,114458,26371990,30111944,9379089.11,204035,64154934,88989988,9.941700799,1,230.4075731,263.0829125,
67183,"Total Health Care USA, Inc.",MI,1882988.25,108034,32834737,28529176,2404013.29,66614,20781599,22173053.56,17.4295893,1,303.929661,264.075902,
76179,Celtic Insurance Company,IN,-8090.12,158525,62672128.89,41910124.08,3089884,166372,64799800.39,56386610.27,-0.051033717,1,395.3453959,264.375487,
81068,Aetna Life Insurance Company,MI,-1395523.24,29548,9219535.85,7865754.38,-1407174.88,24391,8459027.85,7486055.48,-47.22902531,1,312.0189471,266.2025985,
54192,"Care Source Indiana, Inc.",IN,-18119292.96,203446,73953771.2,54159873.28,-15288511.46,302623,104064767.5,93856037.79,-89.06192778,1,363.5056536,266.2125246,
77552,Care Source,OH,-16752738.98,489641,160889855.3,130505937.4,-34109342.06,676015,212195171.4,213750194.7,-34.21433046,1,328.587384,266.5339247,
29276,Community Insurance Company(Anthem BCBS),OH,19027175.55,941870,313395095.8,251590989.9,23234667.9,906565,336684023.9,288594174.3,20.20148805,1,332.7371036,267.1185938,
32753,Healthy Alliance Life Co(Anthem BCBS),MO,7298221.08,1037701,337688912.1,277405688.6,-2324559.37,1093488,406461787.7,332851974.2,7.033067406,1,325.4202435,267.3271863,
91237,"Healthfirst PHSP, Inc.",NY,-48556174.15,401015,161272546.6,107590270.4,-15553342.32,189265,71467522,55171149,-121.0831868,1,402.1608833,268.2948777,
90028,BCBS of Wisconsin(Anthem BCBS),WI,,34379,15798432,9261911.26,,22406,11793485.08,8641799.62,,1,459.5372757,269.4060694,
49046,"Blue Cross Blue Shield Healthcare Plan of Georgia, Inc.",GA,-15389290.74,1329937,388444221.1,358677256.3,-26403372.35,1510064,551320906.2,520906806.4,-11.57144341,1,292.0771594,269.6949226,
67129,Aetna Life Insurance Company,OH,-16376734.46,260828,93890790.37,70425596.8,-13600470.61,213297,78325737.4,55555485.78,-62.78748624,1,359.972052,270.007809,
93091,New Mexico Health Connections,NM,-11035028.09,237567,63129854,64799269,-3779277.3,295687,87331622,87114965.56,-46.45017233,1,265.7349464,272.7620798,
63141,Humana Insurance Company,TX,16542107.09,960435,230141545.1,262184110.3,75959121.33,825944,254400868.6,434295724,17.22355713,1,239.6221973,272.984752,
23489,United Healthcare Insurance Company,PA,,2683,1017074.56,737885.15,,3322,1130375.27,1182640.54,,1,379.0810883,275.0224189,
28137,"CareFirst Blue Choice, Inc.",MD,-16434375.57,1994245,542184203.8,550886744.5,-9848840.41,1953448,595957605.8,620150404.6,-8.240900978,1,271.8744205,276.2382478,
87269,Rocky Mountain Hos & Med Svc(Anthem BCBS),CO,-318263.67,534111,181263174.2,148064739.2,43292191.96,879410,370760496.5,420520351.5,-0.59587552,1,339.3736025,277.2171687,
86052,"CareFirst Blue Choice, Inc.",DC,-1630614.05,110036,33188114.25,30505235.97,-7984910.32,110621,27910624.1,26359366.05,-14.81891426,1,301.6114204,277.2295973,
83978,Aetna Life Insurance Company,GA,-14644018.02,248398,80536607.95,68980935.36,-7286899.98,294890,113626086.8,108891922.4,-58.95384834,1,324.2240596,277.703264,
28162,AultCare Insurance Company,OH,-246739.17,94212,31591227.41,26237396.03,-1545137.86,95298,36399127,29085428,-2.618978156,1,335.3206323,278.4931434,
69842,United Healthcare Insurance Company,LA,,7895,3230043.86,2202185.69,,6772,2904954.25,1660442.12,,1,409.1252514,278.9342229,
57601,Anthem Health Plans of NH(Anthem BCBS),NH,,127889,47145922,35682494.16,,101808,40831530.21,30979764.37,,1,368.6472019,279.0114409,
72547,Aetna Life Insurance Company,IL,-670691.43,36698,12785277.03,10256028.67,-7044744.34,133414,51205144.74,44699309.22,-18.27596681,1,348.391657,279.4710521,
34102,"Group Health Plan, Inc.",MN,-4257609.45,145243,34215000,40862000,-17682308.21,228405,66448788,61361000,-29.31369808,1,235.5707332,281.3354172,
82120,Humana Insurance Company,TN,618404.6,296844,78246627.84,83685155.47,1781992.58,383931,129383773,127426655.2,2.08326461,1,263.5951134,281.9162775,
99663,"Coventry Health Care of Virginia, Inc.",VA,1027646.58,507146,143754585.8,143169176.9,-3220691.27,483242,157523774.4,170119783.1,2.026332811,1,283.45799,282.3036698,
98185,Blue Care Network of Michigan,MI,-40004463.16,1596397,519788391,452587896.8,-58286413.44,1508670,525672869.2,443706331.6,-25.05921971,1,325.600957,283.5058552,
38498,Life Wise Health Plan of WA,WA,-22413845.18,777909,264335190,220628830,-11353357.47,526619,188178972,161015713,-28.81293979,1,339.8022005,283.6177882,
61794,United Healthcare Life Insurance Company,MS,-448183.32,10571,3888454.02,3007970.06,-943059.23,13025,5337829.33,3723701.95,-42.39743827,1,367.8416441,284.5492442,
44965,"Humana Health Benefit Plan of Louisiana, Inc.",LA,-2526804.46,248033,72076866.85,70634494.88,-32450558.97,421778,143009162.6,102535993.5,-10.18737208,1,290.5938599,284.7786177,
57173,Presbyterian Health Plan,NM,-2390195.41,223887,67521634,63807149,3104066.63,305578,104992337,121102498,-10.67590083,1,301.5880064,284.9971146,
69443,United Healthcare Insurance Company,TN,,2010,972773.15,574155.03,-11876109.92,428878,165680680.4,168842762.7,,1,483.9667413,285.6492687,
95865,"Health Plan of Nevada, Inc.",NV,230274.9,357716,118703087.1,102375682.3,-13319421.75,538785,183216122.4,154780811.4,0.643736651,1,331.8361133,286.1926285,
33670,Rocky Mountain Hos&Med Svc(Anthem BCBS),NV,-4821040.08,150570,56191661.79,43181616.75,9941477.55,362361,140820333.2,148106488.9,-32.01859653,1,373.1929454,286.7876519,
91604,Humana Insurance Company,WI,596881.13,56804,21773912.09,16382088.94,3575498.87,81114,33529779.49,40321097.82,10.50773062,1,383.3165286,288.3967492,
64146,United Healthcare Ins Co of River Valley,SC,,2200,994457.07,635770.73,,1475,675973.77,390778.15,,1,452.0259409,288.9866955,
11177,MetroPlus Health Plan,NY,-30578616.79,286497,115991995.6,82911394.42,-30691628.34,223383,83008935.81,59814247.47,-106.7327644,1,404.8628628,289.3970772,
63474,Bridge Span Health Company,OR,-143117.09,2095,608257,606509,-597610.71,15167,7171780,6881098,-68.31364678,1,290.3374702,289.5031026,
10207,"CareFirst Blue Choice, Inc.",VA,-4690047.91,291585,88246618.16,84564349.17,-2023576.08,215594,72803015,76863811.74,-16.08466797,1,302.6445742,290.016116,
90296,"Kaiser Foundation Health Plan of the Mid-Atlantic States, Inc.",MD,-17702319.36,287296,87409483,83733862,-29417473.49,463323,144825293,145144714,-61.61700601,1,304.2488688,291.455022,
48161,Aetna Life Insurance Company,MO,,7897,2054294.03,2303668.84,,1564,616563.09,967546.65,,1,260.1360048,291.7144283,
61430,Coventry Health and Life,KS,-18755986.82,641288,163491388.5,187931271.1,-11830329.41,182842,56178091.43,49763626.23,-29.24736908,1,254.9422233,293.0528422,
80627,Medical Mutual of Ohio,OH,6545046.13,1180859,346011949.3,348902504.4,7611488.99,1094601,369339159.2,371252404.8,5.542614427,1,293.0171589,295.465,
15411,"Humana Health Plan, Inc.",KY,3404519.29,189064,51957088.49,55892517.14,4158571.2,144065,46009746.68,56155044.47,18.00723189,1,274.812172,295.6274972,
68303,Humana Insurance Company,IL,4859821.84,86198,30799902.73,25580582.55,,46303,16672494.51,11777595.34,56.37975173,1,357.3157467,296.7653838,
19898,"AvMed, Inc.",FL,-148477.46,168528,55062372,50135453,-5705014.67,345768,127267834,123194512,-0.881025468,1,326.7253631,297.4903458,
75729,Geisinger Quality Options,PA,1142253.34,96868,30600743.92,28845822.95,7409434.09,115368,44235179.47,57912751.19,11.79185428,1,315.9014733,297.784851,
60612,"Kaiser Foundation Health Plan, Inc.",HI,-15467100.5,226746,61802512,67622713,-16511893.77,192607,67825946,69226372,-68.21333342,1,272.5627442,298.2311176,
66593,United Healthcare Life Insurance Company,LA,198496.43,15331,5107939.55,4578883.32,-1690229.4,15496,6390599.57,4246815.26,12.9473896,1,333.1771933,298.6682747,
67577,Alliance Health and Life Insurance Company,MI,4463306.2,118357,35855316,35364842,2973919.75,198382,63975333,64695568,37.71053846,1,302.942082,298.7980601,
23841,Aetna Life Insurance Company,FL,-2790586.53,34529,12535255.49,10352181.89,-1657914.8,17849,7536015.89,6111808.46,-80.81863159,1,363.0355785,299.811228,
82011,United Healthcare Insurance Company,AZ,,7959,3526468.74,2392772.56,,8232,3630950.63,3739603.56,,1,443.0793743,300.6373363,
88678,United Healthcare Insurance Company,IA,,521,186913.12,156641.77,,632,192158.6,435338.14,,1,358.7583877,300.6559885,
96601,"Coventry Health Care of Illinois, Inc.",IL,-5367684.26,168861,52262152.79,50920827.36,35950670.67,276448,125142353.1,156932333.4,-31.78759015,1,309.4980652,301.554695,
88380,"Health Keepers, Inc.",VA,-13597420.4,2282806,743404018.1,688877488.6,22279438.04,2325167,841526146.6,857737862.5,-5.956450263,1,325.6536114,301.7678631,
85757,United Healthcare Insurance Company,OK,,4882,2116229.78,1474239.28,,4726,2060557.22,1600365.71,,1,433.4759893,301.9744531,
91716,Aetna Life Insurance Company,TX,-10218459.31,562121,175730854.8,170561451.5,2187611.73,983046,347839204.3,383004577.2,-18.17839809,1,312.6210456,303.4247991,
29497,Aetna Life Insurance Company,DE,-1832345.1,23387,8127670.65,7114111.22,-617987.08,22659,9954488.68,11091264.04,-78.34887331,1,347.5294245,304.1908419,
58564,Physicians Plus Insurance Corporation,WI,175983.58,31587,9953281,9656285,66070.22,28030,9684500.24,8602133.78,5.571392662,1,315.1068794,305.7044037,
80180,"United Healthcare of Wisconsin, Inc.",WI,,502,228812.07,154543.27,,356,191287.91,150470.31,,1,455.8009363,307.8551195,
50305,Wellmark of South Dakota,SD,-1043395.44,572020,174208086,176193563,8404038.14,428302,147326961,148065533,-1.824054124,1,304.5489423,308.0199346,
80473,Group Health Cooperative,WA,-9944277,445529,155309681.9,138406445.2,-30666000.99,594218,201069020.1,181304314.1,-22.32015649,1,348.5961226,310.6564224,
56707,Providence Health Plan,OR,-4161991.69,332567,88766690.5,103343329,-36194842.92,1217857,399049035,440670296.7,-12.51474647,1,266.9137061,310.7443883,
59025,Harvard Pilgrim Health Care of NE,NH,-1229943.19,99053,37180019.76,30801493.11,367444.85,264556,102461360.6,118798880.5,-12.41702109,1,375.3548076,310.9597196,
85804,Life Wise Health Plan of Oregon,OR,-19940058.64,491563,129662987,153472918,-7611069.39,202446,72185965,75936508,-40.56460441,1,263.7769462,312.2141374,
95185,"Kaiser Foundation Health Plan of the Mid-Atlantic States, Inc.",VA,-39306435.97,591522,204436285,184696053,-48146445.67,760579,243102908,229023660,-66.44966032,1,345.6106197,312.2386877,
89364,Sanford Health Plan,ND,-728919.89,28955,9384377,9045705.67,-3640352.33,66684,22471555,21669276.86,-25.17423208,1,324.102124,312.4056526,
72160,Wellmark Inc.,IA,16573829.24,1505991,466896242,470969260,18333352.61,1261457,442903170,439553282,11.00526447,1,310.0259178,312.7304612,
27811,"BlueCross BlueShield Kansas Solutions, Inc.",KS,-11980761.66,212523,53701829,66859475,-25030909.74,581185,178637637,214467979,-56.37395322,1,252.6871397,314.5987728,
21032,Kaiser Foundation Health Plan of Colo.,CO,-7630792.84,829731,231648599,261842374,-59023683.88,1287943,402547882,378221551,-9.196706933,1,279.1851805,315.5750165,
44240,Coventry Health and Life,MO,-20980901.39,1752758,534928354.9,554088580.7,-4108462.62,1195467,462009094.1,493023312,-11.97022144,1,305.1923625,316.123835,
66143,Federated Mutual Insurance Company,IL,,12,14551.92,3803.39,,2,2425.32,1224.8,,1,1212.66,316.9491667,
53789,Keystone Health Plan Central,PA,298016.86,30665,8559182,9790442,-35510815.31,413276,139777767,128350976,9.718469265,1,279.1189304,319.2708952,
29698,Priority Health,MI,-27447894.51,497784,171533872,159298734,-34476293.74,934102,328338278,317862401,-55.14017025,1,344.594989,320.0157779,
81392,United Healthcare Insurance Company,AR,,1564,654047.07,501682,,1130,455169.76,299533.04,,1,418.1886637,320.7685422,
53901,"Blue Cross Blue Shield of Arizona, Inc.",AZ,20131634.31,1857597,542138872.7,597086526.7,29716531.05,1672386,566217459.2,551785277.1,10.83746061,1,291.849563,321.4295279,
72564,"Evergreen Health Cooperative, Inc.",MD,-3443885.2,47868,15266749,15460626,1224227.52,127132,43319182,46154706.49,-71.94545834,1,318.9343403,322.9845826,
73751,Medica Health Plans,ND,-825246.58,53628,18429287.98,17357765.7,-1809702.29,76021,29935799.47,27173036.06,-15.38835273,1,343.6504807,323.6698311,
16724,"United Healthcare of the Midwest, Inc.",IL,-702032.46,11737,4028987.04,3811020.9,-2438597.21,93420,34930483.84,36656823.82,-59.81362018,1,343.2723047,324.7014484,
72982,The Health Plan of the Upper Ohio Valley,WV,-15242.9,656,282517,213902,83341.33,742,327127,280196,-23.23612805,1,430.6661585,326.070122,
77060,United Healthcare Insurance Company,WV,,571,244509.79,187046.82,,885,277584.44,254616.25,,1,428.2132925,327.5776182,
26065,Blue Cross and Blue Shield of South Carolina,SC,8615922.98,1019835,355349837,335721470,-13226650.55,1645277,640755819.4,640628072.5,8.448349959,1,348.4385582,329.1919477,
35783,"Humana Medical Plan, Inc.",FL,-135056370.8,3470273,1188746061,1144224614,-1588085.51,2637265,1022259090,1117504369,-38.91808247,1,342.5511656,329.7217867,
50221,Oscar Insurance Corporation of New Jersey,NJ,-1957295.7,27789,10354780,9203574.299,-27121632.72,275451,114688709.6,85007762.76,-70.43418979,1,372.6215409,331.194872,
40591,Golden Rule Insurance Company,CT,-164216.71,65695,27024135.59,21847286.23,-418099.6,42488,18882951.75,15509827.5,-2.499683538,1,411.3575704,332.5563015,
48396,Anthem Health Plans of ME(Anthem BCBS),ME,-3917017.08,260198,93504165.99,86563583.55,-5023772.82,254456,99697787.66,95569087.51,-15.05398612,1,359.3577429,332.6835085,
91661,"Horizon Healthcare Services, Inc.",NJ,-62882998.27,2105500,938578431,702371782,-84325185.2,2466929,1150123086,966427849,-29.86606425,1,445.7746051,333.5890677,
94248,Blue Cross and Blue Shield of Kansas City,KS,12904886.1,309590,86715627.11,103606226.8,14625747.47,474810,155071646.7,176573466.6,41.68379502,1,280.098282,334.6562447,
65598,Coventry Health Care Of Kansas Inc.,KS,-1458451.11,165451,45094200.14,55453253.69,-2303279.85,34703,9963149.44,10049247.84,-8.815003294,1,272.5532039,335.1642099,
22369,Aetna Life Insurance Company,SC,,3120,999909.67,1046345.73,,345,217158.31,128643.87,,1,320.4838686,335.3672212,
76680,HMO Colorado Inc.(Anthem BCBS),CO,29925.42,193986,61543183.63,65114183.23,-22957774.05,381552,136955596.5,107135236.3,0.154265875,1,317.2558001,335.6643429,
40513,"Kaiser Foundation Health Plan, Inc.",CA,-82078859.73,7551901,2864002080,2536678058,-182807948.2,7386281,2899936689,2664433592,-10.86863556,1,379.2425351,335.8992733,
94506,"Kaiser Foundation Health Plan of the Mid-Atlantic States, Inc.",DC,-1625923.79,28987,8721639,9746356,-1825261.64,28489,9015097,9548927,-56.09148204,1,300.8810501,336.2319661,
84481,"Molina Healthcare of Washington, Inc.",WA,1537384.84,50553,17631287,17023375,-8236558.77,277467,85278716,80939920.07,30.4113473,1,348.7683619,336.7431211,
42204,All Savers Insurance Company,FL,,158,75514.52,53235.14,,181,66527.07,14635.22,,1,477.94,336.9312658,
45532,"CareFirst of Maryland, Inc.",MD,22545287.16,670981,214100821.7,226180077.9,21010173.45,527754,189994704.6,195001710.1,33.6004852,1,319.0862658,337.0886477,
19636,"HMO Louisiana, Inc.",LA,-30654005.69,599791,224819726,202707594,-46288576.05,830256,337103824,287937814,-51.10781204,1,374.8301092,337.963714,
66303,United Healthcare Life Insurance Company,IL,-368112.74,18886,7425714.26,6383004.59,904689.42,34017,12912117.97,12629904,-19.49130255,1,393.1861834,337.9754628,
95426,United Healthcare Insurance Company,MO,,4821,2245406.86,1630747.4,,6660,3200237.21,2614594.4,,1,465.7554159,338.2591579,
37160,Blue Cross Blue Shield of North Dakota,ND,1716903.71,514810,194054519,175053351,5450054.61,461658,189953360.2,176708427.7,3.335024009,1,376.943958,340.0348692,
91450,"Health Net of Arizona, Inc.",AZ,1953496.4,409710,93736793,139654977.4,9901556.2,217218,60980911.78,88094557.05,4.767997852,1,228.7881502,340.8629943,
39159,Aetna Life Insurance Company,CT,-621770.44,93291,35918919.04,31853805.4,789659.17,56861,24941307.12,22355443.86,-6.664849128,1,385.0201953,341.4456421,
41541,"Memorial Hermann Health Plan, Inc.",TX,-43008.69,255,54741,87077,-1608171.62,24135,3829284,4414942,-168.6615294,1,214.6705882,341.4784314,
72850,United Healthcare Insurance Company,IN,,2194,1022172.57,749367.48,,4549,2085892.22,1906880.46,,1,465.8945169,341.5530902,
16322,"UPMC Health Options, Inc.",PA,-3105783.44,630940,170872680.9,215887269.2,-5211297.35,1322261,409160383.5,470210509,-4.922470346,1,270.8223934,342.1676692,
38234,Aetna Life Insurance Company,VA,4680612.75,183008,59806820.06,62772402.77,6921051.63,168249,61416390.01,66394656.85,25.57600078,1,326.7989381,343.0035997,
25768,"Group Health Options, Inc.",WA,84523.22,105901,37454117.04,36403961.6,2005.97,145100,48929244.58,57938583.53,0.798134295,1,353.6710422,343.7546539,
94815,"ConnectiCare Insurance Company, Inc.",CT,-26170707.17,482538,169320298,166089425.7,-25322894.3,515079,193570640.1,205709363.6,-54.23553621,1,350.8952621,344.1996811,
68781,Select Health,UT,29815302,1430842,333665717.5,492765465.8,22409549.17,1849312,509597215.4,702984108,20.83759213,1,233.1953615,344.388455,
64353,Molina Healthcare of Ohio,OH,1592334.51,25466,10039493,8782096,-576660.23,115024,40929119,32923621,62.52786107,1,394.2312495,344.8557292,
32673,"Humana Health Plan of Texas, Inc.",TX,-26986914.17,1147557,335404567.6,396706517,23973511.28,568737,185523115.2,227329575.8,-23.51683983,1,292.2770438,345.6965684,
74313,Paramount Insurance Company,OH,-580499.95,33167,12165663,11503977,-2330312.51,48824,18375620,16605362,-17.50233515,1,366.8002231,346.850092,
15438,Coventry Health Care of Nebraska Inc.,NE,-13630630.99,547175,172505065,190002625.7,-14085301,511508,193428464.7,199607881.8,-24.91091696,1,315.2648878,347.2428852,
41094,"Hometown Health Plan, Inc.",NV,-64141.23,1279,597072,444341,-528674.34,5315,2435314,681987,-50.14951525,1,466.8272088,347.4128225,
45002,United Healthcare Life Insurance Company,MI,358625.01,46145,14749675.81,16108348.77,-1058410.43,35903,12108813.3,10161339.15,7.771698125,1,319.6375731,349.0811306,
27603,Blue Cross of California (Anthem BC),CA,-26380560.05,7358067,2764613657,2568707977,49496966.88,7425788,2934404826,2952584864,-3.585256841,1,375.7255346,349.1009224,
67920,Southeastern Indiana Health Organization,IN,-233538.83,5900,2624740.62,2069099.3,-583807.56,3535,1406937,1111295.2,-39.58285254,1,444.8712915,350.6947966,
58288,"Humana Health Plan, Inc.",IL,730433.28,12865,4870781.62,4513915.877,1493121.7,23925,9338183.26,10831794.73,56.77678041,1,378.6071994,350.8679267,
63411,"Blue Cross and Blue Shield of Georgia, Inc.",GA,,260103,110547996,91511228.51,,88455,43841427.3,35806196.16,,1,425.0162282,351.8268859,
34762,Blue Cross and Blue Shield of Kansas City,MO,20705929.36,659275,197237281.5,232319618.5,16722536.07,723050,254149725.1,284157223.9,31.40712049,1,299.1730029,352.3865132,
37651,Health Alliance Plan (HAP),MI,3869249.1,94081,35127892,33194265,-3617941.82,150442,47954634,37425734,41.12678543,1,373.379237,352.8264474,
23307,"Humana Health Plan, Inc.",AZ,856409.75,16365,5082191,5778329,6251937.97,67920,21632437.19,33170875.72,52.33179041,1,310.5524595,353.0906813,
18973,Coventry Health Care of Iowa Inc.,IA,-10780079.07,616196,201598194.8,218553382.6,-10630845.15,473825,180042572.3,176259533.9,-17.49456191,1,327.1656986,354.681599,
46621,United Healthcare Insurance Company,MT,,52,58753.32,18546.07,,31,27722.21,6667.64,,1,1129.871538,356.6551923,
59158,United Healthcare Insurance Company,WI,,3128,1710491.76,1118015.09,,4441,2404001.31,2452882.65,,1,546.8324041,357.421704,
74320,Humana Health Plan,CO,6064407.53,138751,41906992.59,49664673.44,19133063.67,107490,38473280.96,55122389.97,43.70712665,1,302.0302022,357.9410126,
98905,Community Care HMO Inc.,OK,1755937.92,27269,7749880,9761451,-358787.81,24262,6991090,6324078,64.3931908,1,284.2011075,357.9687924,
66083,"Humana Health Plan of Ohio, Inc.",OH,-1928407.65,113702,37209008.31,40856750.46,-415576.63,79134,27809359.49,27429005.53,-16.96019111,1,327.2502534,359.331854,
61589,"Blue Cross of Idaho Health Service, Inc.",ID,-5152221.99,1019070,290413107,366301108.4,11963363.34,849414,286519235.8,305279675.4,-5.055807736,1,284.9785658,359.4464643,
71287,Kaiser Foundation Healthplan of the NW,OR,13259754.64,254073,73999375,91876946,3959354.51,332025,103553369,116478163,52.18875929,1,291.2524156,361.6163307,
40788,Scott and White Health Plan,TX,-13412865.64,254595,78083137,92377528.02,4400630.58,103181,19611642,57707747.49,-52.68314633,1,306.695485,362.8410928,
40733,Aetna Life Insurance Company,CA,,15408,7411703.35,5604240.79,,7162,3745286.25,1882111.11,,1,481.0295528,363.7227927,
33871,"Keystone Health Plan East, Inc.",PA,-12386830.58,1291544,482068666,469929005,-53397058.27,1592335,573518907,502166813,-9.590715129,1,373.2498978,363.8505579,
79962,Highmark Benefits Group Inc.,PA,,130,35789,47401,,197,107908,69815,,1,275.3,364.6230769,
34541,Bridge Span Health Company,UT,-2946127.55,91739,21116576,33499438,90156.55,748,253479,468218,-32.11423222,1,230.1810135,365.1602699,
44580,Humana Insurance Company,AL,-3473430.83,80011,26352276.29,29268855.53,-13518890.18,174907,63005698.43,59951019.03,-43.41191624,1,329.3581669,365.8103952,
16049,All Savers Insurance Company,MO,-10361029.92,299911,110824255.3,109717536.7,4425402.77,447772,187345850,194070737.8,-34.54701535,1,369.5238097,365.833653,
92036,Health Span,OH,-6743522.63,107468,37917125.09,39362987.49,1093298.18,29277,13289139.06,15290479.52,-62.74912188,1,352.8224689,366.2763566,
17575,Anthem Ins Companies Inc.(Anthem BCBS),IN,-13429318.84,1348881,538041022.9,494138475.3,23453648.5,936386,394474929.9,395473402.1,-9.955895917,1,398.8795327,366.3321489,
26734,"Premier Health Plan, Inc.",OH,-2005787.99,21655,7515934.4,7944636.962,-3009733.85,64803,21777720.83,25095970.38,-92.62470515,1,347.0761672,366.8730991,
25978,United Healthcare Insurance Company,VA,,2701,1400243.25,996189.3,,3848,1987823.29,1007559.33,,1,518.416605,368.8223991,
75293,Arkansas Blue Cross and Blue Shield,AR,8441174.73,3088102,942571978.7,1148724126,-1661548.73,3252818,1119572863,1346911505,2.733450751,1,305.2269578,371.9838678,
98894,Coventry Health and Life,OH,60728.8,96,17209.51,35744.76,,22,22322.3,47147.36,632.5916667,1,179.2657292,372.34125,
74483,Cigna Health and Life Insurance Company,MO,1879512.84,63041,22905020,23492364,-20562221.68,277514,90190870,70533385,29.81413429,1,363.3352897,372.652147,
20129,"Health Alliance Medical Plans, Inc.",IL,-1326442.96,275330,92073345,102635610,1925800.26,440156,179542056,213806409,-4.817647768,1,334.4108706,372.7730723,
94084,GHMSI,MD,14549412.84,306744,99853831.58,114469208.1,18670711.32,248712,97591741.46,113987929.2,47.43177647,1,325.5282306,373.1750518,
10191,"Freelancers CO-OP of New Jersey, Inc.",NJ,-38582686.31,563748,216153196,210816361,13846054.57,299362,128580316,201954105.8,-68.43959767,1,383.4216636,373.9549604,
62141,Celtic Insurance Company,AR,-10893205.76,511698,178753728.3,191626223.4,-3996497.96,645597,223290186.6,250007555.2,-21.2883493,1,349.3344283,374.4908587,
89942,Kaiser Foundation Health Plan of Georgia,GA,2627520.08,263617,92779598,98734595,-16261579.31,431250,145327081,155618578,9.967187549,1,351.9484631,374.5380419,
68259,"United Healthcare of Alabama, Inc.",AL,-8989541.02,233318,76838688.38,87467271.39,-10457177.89,409511,150890234.9,165069135.7,-38.52913629,1,329.3303062,374.8843698,
14162,United Healthcare Life Insurance Company,MO,1543008.5,100794,34181806.75,37885711.01,-4769647.33,115362,42211608.14,35676448.69,15.30853523,1,339.1254117,375.872681,
49714,United Healthcare Insurance Company,WY,,266,158056.23,100043,,629,398287.55,234093.9,,1,594.1963534,376.1015038,
11512,Blue Cross and Blue Shield of NC,NC,67566338.19,6595736,2458601688,2480964788,150165052.9,5019015,2240222009,2208536078,10.24394218,1,372.7562304,376.1467694,
69364,Asuris Northwest Health,WA,1091276.01,35287,12501291,13278499,-208979.24,34440,12961373,11787125,30.92572364,1,354.2746904,376.3000255,
38128,Montana Health Cooperative,ID,-6390206.43,216324,56230235,81455972,-8100585.26,187122,58410739,71355707,-29.53997906,1,259.9352591,376.5461622,
56184,"MVP Health Plan, Inc.",NY,25548029.99,391924,154749651,148032955.5,8841541.49,301003,132150829,128120377,65.18618403,1,394.8460696,377.7083197,
70285,CA Physician's Service dba Blue Shield of CA,CA,181516599,6984408,2658951422,2638243806,265442825.1,8342490,3331546180,3407583852,25.98883098,1,380.6981811,377.7333463,
52664,"Summa Insurance Company, Inc.",OH,35681.99,53021,20259503,20052655,241239.17,52250,20264605,22509348,0.672978443,1,382.1033741,378.2021275,
90762,United Healthcare Insurance Company,NM,,234,123422.76,89339.32,,516,252454.8,88570.71,,1,527.4476923,381.7919658,
23371,Kaiser Foundation Healthplan of the NW,WA,1500350.01,61548,25264201,23545272,-5128307.73,124731,43127168,40676281,24.37690924,1,410.4796419,382.5513745,
30613,Humana Insurance Company,MO,-188325.95,85368,26388328.34,32700323.22,-10432560.76,208756,73674052.39,56146377.61,-2.206048519,1,309.1126457,383.0512981,
45127,Capital Advantage Assurance Company,PA,6863660.42,116325,35385364,44730192,13226705.35,441483,185914936,217985745,59.00417296,1,304.1939738,384.5277627,
97560,"United Healthcare of Mississippi, Inc.",MS,-10180815.77,266447,105615989.3,102925934.9,6982868.71,180601,75960581.7,92861603.89,-38.20953424,1,396.3864832,386.2904626,
87571,Blue Cross Blue Shield of Oklahoma,OK,-4417436.82,2028437,563366273,783660741,-3948818.13,2028674,710450871,793783820.4,-2.177754015,1,277.7341732,386.3372345,
60829,Physicians Health Plan,MI,-347998.34,12200,5515047.53,4722514.692,-3011163.79,40538,11973670.85,8934064.584,-28.5244541,1,452.0530762,387.0913682,
49532,"Blue Choice Health Plan of South Carolina, Inc.",SC,3622506.76,544809,189594963,211322829,4289951.73,1227501,479156919,558511625,6.649131641,1,348.0026266,387.8842475,
16842,Blue Cross and Blue Shield of Florida,FL,368933330.5,6204216,2399215803,2407327473,464434259.9,7012969,2855099437,3072017634,59.46493973,1,386.7073298,388.0147746,
14002,BlueCross BlueShield of Tennessee,TN,22571330.93,2916902,856845692,1134323885,40053163.35,2648394,983115944,1143858370,7.738117678,1,293.7519642,388.8796693,
20126,HealthSpan Integrated Care,OH,-4273438.02,74581,26936545.8,29106547.01,431007.37,28541,10983572,13767889.42,-57.29928561,1,361.1716898,390.2675884,
50816,"Physicians Health Plan of Northern Indiana, Inc.",IN,-7085738.88,111408,40754310,43521941.03,-2126520.47,73278,28482808.38,32281883,-63.60170616,1,365.8113421,390.6536427,
84014,County of Santa Clara,CA,-115235.31,22876,9807595,8941213,-2983496.65,36673,17269187,13356316,-5.037388967,1,428.7285802,390.8556129,
82884,Aetna Health Inc. (a NJ corp.),NJ,,7037,3126280.33,2756796.21,,36,7773.16,-3252.26,,1,444.2632272,391.7573128,
88806,"Fallon Community Health Plan, Inc.",MA,,83136,36503435.74,32574554.69,,90527,35018393.48,34312397.12,,1,439.0809726,391.8224919,
85947,All Savers Insurance Company,TX,-28130267.1,953930,281305981.7,373952212.7,36327886.59,1348917,472330276.7,605952712.2,-29.48881689,1,294.8916395,392.0122155,
40025,Cigna Health and Life Insurance Company,CA,5953639.83,294886,101545360,116800407,6391520.32,203893,78456145,97466924,20.18963203,1,344.354632,396.086647,
29678,Blue Cross and Blue Shield of Nebraska,NE,13541049.63,847755,295502067,336088448,13703605.42,872585,298157742,346867208,15.9728337,1,348.5701258,396.445256,
87718,Regence BlueShield,WA,25715713.27,552202,200189096,218920708,24185349.06,496278,203678116,210651995,46.56939538,1,362.5287413,396.4504076,
41446,United Healthcare Life Insurance Company,KS,325366.78,19843,6597045.54,7867083.1,-134489.36,19766,7130573.36,5227058.28,16.39705589,1,332.4621045,396.4664164,
67190,Aetna Health Inc. (a PA corp.),DE,-743159.52,12516,4569217.03,4965220.65,-1048438.16,17224,7435683.86,5513011.15,-59.37675935,1,365.0700727,396.7098634,
77150,"Health First Insurance, Inc.",FL,700760.1,18268,7453747,7254775.728,,3307,841052.42,544300.5391,38.3599792,1,408.0220604,397.1302676,
15287,Blue Cross & Blue Shield of Rhode Island,RI,9680258.57,297884,117073563,118616160.3,6027710.92,333572,132647006,132308391,32.4967389,1,393.017292,398.1958088,
38499,"United Healthcare of Louisiana, Inc.",LA,-16112496.42,348378,141085363.9,139128345.9,-6169146.2,459815,211229814.7,201520425.3,-46.25003996,1,404.9778227,399.3603095,
71281,Regence BlueCross BlueShield Of Oregon,WA,1286238.74,52337,15966797,20919459,1808456.1,58273,21293460,20013979,24.57608843,1,305.076657,399.7068804,
79475,Compcare Health Serv Ins Co(Anthem BCBS),WI,9974580.81,255521,98165560.27,102318346.9,2548765.78,188376,84411697.33,76242300.81,39.03624677,1,384.178053,400.4302852,
15668,"Piedmont Community HealthCare, Inc.",VA,435467.3,27231,11517067,10912977,-213248.62,32710,13619735,13443639,15.99160148,1,422.9395542,400.7556461,
38949,Keystone Health Plan West,PA,63115.8,43144,18231157,17352915,232540.31,29592,14384084,12302391,1.462910254,1,422.565293,402.2092296,
97596,Humana Insurance Company,OH,1602746.25,50883,15292961.66,20542930.91,,9151,2323436,762431.4,31.49865869,1,300.5514938,403.7287682,
27357,"Health First Health Plans, Inc.",FL,814327.97,99351,40411166.72,40149485.54,1792502.93,170681,73112102.12,67802664.04,8.196474822,1,406.7514843,404.1175785,
88582,Health Insurance Plan of Greater New York,NY,5515480.63,273179,112500247.5,110455976.4,8036080.89,145399,65575264.58,82529442.7,20.18998763,1,411.8187983,404.3355324,
36096,Blue Cross Blue Shield of Illinois,IL,23056950.67,6478135,2068327690,2620797653,36348043.52,4887859,1823781516,1870843246,3.559195767,1,319.278263,404.5605183,
80519,"Empire HealthChoice HMO, Inc.",NY,31931835.18,869392,370877634.4,351976595.8,36682245.97,734880,358456700.6,390195765.3,36.72892686,1,426.5942571,404.853732,
53732,Bridge Span Health Company,WA,3046204.15,122870,43512275,49813908,5119648.78,65169,25453606,28458860,24.79209042,1,354.1326198,405.4196142,
18350,Hawaii Medical Service Association,HI,15467100.5,308670,91329533,125172066,16511893.78,299732,101291469,136715595.7,50.10885574,1,295.8808209,405.5206726,
33709,Highmark Inc.,PA,-46784130.23,2659756,792882593,1082562250,-3929579.78,552745,167251940,185011072,-17.58963237,1,298.1035076,407.0156247,
98971,All Savers Insurance Company,AZ,2979667.72,98433,29722210.17,40129573.55,2463235.36,718276,232911774.6,236793828.3,30.27102415,1,301.9537164,407.6841461,
46944,Blue Cross and Blue Shield of Alabama,AL,13434646.95,2535110,803165836,1033752425,24939398.79,2156818,846364917,973600832,5.299433535,1,316.8169571,407.7741893,
48588,Aetna Life Insurance Company,UT,,296,76791.76,120891.81,,276,70421.95,91835.49,,1,259.4316216,408.418277,
57860,United Healthcare Insurance Company,SC,,2064,1070968.11,846268.33,565945.16,7966,3982764.68,5709415.61,,1,518.8798983,410.0137258,
42754,United Healthcare Life Insurance Company,NC,-684964.86,25083,8892903.68,10284776.67,-3588674.3,37599,16443289.8,12811120.52,-27.30793207,1,354.5390775,410.029768,
18558,"Blue Cross and Blue Shield of Kansas, Inc.",KS,17980150.06,692644,220132355,284277498,31581487.09,574755,215666455,273525098,25.9587177,1,317.81457,410.423678,
88102,Preferred One Insurance Company,MN,5753591.46,78619,55169518,32466576,4665798.89,21744,9103900,13548366,73.18321856,1,701.7326346,412.9609382,
33602,Blue Cross Blue Shield of Texas,TX,38571557.86,11485974,3682739521,4792483100,59463978.57,7787815,2648723458,2656789701,3.358144278,1,320.6292754,417.2465565,
76962,"ConnectiCare Benefits, Inc.",CT,4456584.71,439258,194807925.7,183674757.7,-1673116.38,610498,272887365.9,278027677.8,10.14571097,1,443.4931764,418.1477803,
80779,"Neighborhood Health Partnership, Inc.",FL,,7636,4216909.92,3195481.36,,7094,3953536.42,2592755.81,,1,552.2406915,418.4758198,
39424,"Moda Health Plan, Inc.",OR,-10916304.04,1155876,358676896,485000522,33462328.92,652354,256991904,338079047.2,-9.444182629,1,310.3074171,419.5956331,
49831,Premera Blue Cross,WA,18747955.38,1100658,418268282,462242211,48645541.56,1101801,454395716,519514520,17.03340673,1,380.0165737,419.968974,
40442,Freedom Life Insurance,FL,544782.95,10292,3189781,4324035,173446.74,6944,2475206,3616725,52.93266129,1,309.9281967,420.1355422,
30751,Blue Cross and Blue Shield of Montana,MT,-4708322.25,555866,174623320.2,233970780.9,-5337903.73,633417,240394690,259904231.6,-8.470246876,1,314.1464313,420.9121999,
74289,Oscar Insurance Corporation,NY,-30977083.32,416880,161499087,176497659.2,-44218095.76,724618,289943882.2,331945630.2,-74.30695481,1,387.3994603,423.3776127,
67243,"Vantage Health Plan, Inc.",LA,-261974.85,84352,36491283,35727199.9,-9974637.2,216688,97491963,88410665,-3.105733711,1,432.6072055,423.5489366,
57129,HMO Minnesota,MN,865806.78,93058,27829594,39416864,-6343423.56,158592,52559407,49958703,9.30394786,1,299.0564379,423.5730835,
50727,Humana Insurance Company,VA,43710.21,26924,9158641.07,11430095.72,-329364.82,19761,7698364.02,10145325.44,1.623466424,1,340.166434,424.5318571,
93689,Western Health Advantage,CA,-1713529.97,82544,36465371.67,35046006.27,-4446832.83,114249,52425442,47458058.03,-20.75898878,1,441.768895,424.5736367,
31195,Sanford Health Plan,SD,201919.38,53788,13453355,22994377,-4227905.42,132796,47980740.1,59205118.65,3.753985647,1,250.118149,427.5001301,
48069,United Healthcare Life Insurance Company,TN,315512.89,8862,3334637.81,3792328.45,-301887.1,10687,4310405.41,3423991.3,35.60289889,1,376.2850158,427.9314432,
61671,Aetna Health Inc. (a PA corp.),NC,,77,2405.05,32968.3,-89736583.12,1502872,620268164.7,577451535.6,,1,31.23441558,428.1597403,
23603,Pacific Source Health Plans,MT,-805324.98,122296,36162384,52480931.91,4481331.95,94536,38051414.26,56105698.15,-6.585047589,1,295.6955583,429.1304042,
32536,ATRIO Health Plans,OR,-163736.68,2990,1073974.54,1283535.093,-2249966.76,24978,10015117.31,12039165.51,-54.76143144,1,359.1888094,429.2759508,
86545,Anthem Health Plans Inc.(Anthem BCBS),CT,25538509.66,654579,280767787,281199270.2,24193391.03,638612,281630564.5,310504939.2,39.01516801,1,428.9288031,429.5879798,
46224,"Community First Health Plans, Inc.",TX,694470.34,13561,4164328,5832931,2895968.79,59016,18741688,22905902,51.21085023,1,307.0811887,430.1254332,
59765,BridgeSpan Health Company,ID,-37955.58,11749,3156976,5057888,-6574515.53,86364,26986002,25756225,-3.230537067,1,268.7016767,430.4951911,
89106,United Healthcare Life Insurance Company,WI,-1371221.77,51450,21204925.8,22200055.13,-1255163.33,66356,30442418.01,27912439.39,-26.65154072,1,412.1462741,431.487952,
72375,"Optimum Choice, Inc.",MD,,1479,882196.92,638634.77,,1878,1039674.74,479654.69,,1,596.4820284,431.8017377,
43070,United Healthcare Life Insurance Company,IN,-8198015.22,175956,70833855.12,76193125.79,-3573506.68,237778,99132164.92,124276058.4,-46.59127975,1,402.5657273,433.0237434,
47342,Health Tradition Health Plan,WI,-4413566.24,69211,33123546,29973645.85,-12163004.94,115691,54044384,38787697,-63.76972215,1,478.5878834,433.0763296,
48963,Humana Insurance Company,MS,13191678.23,336079,141591436.3,146082350.7,9062010.42,238885,98100479.05,126432931.6,39.25171829,1,421.3040276,434.6667025,
82209,Freedom Life Insurance,OK,19738.01,733,221799,319378,-2498.84,561,203015,315255,26.92770805,1,302.5907231,435.7135061,
49316,"BCBSM, INC.",MN,29086945.86,2462520,782721397,1073087950,109756214.5,1239218,543956372,745732721,11.81186178,1,317.8538233,435.7682171,
78079,GHMSI,DC,3510581.06,78795,30954934.21,34339711.12,9810171.94,105899,41460173.05,59142396.25,44.55334806,1,392.8540416,435.810789,
72001,"Wellcare Health Plans of Kentucky, Inc.",KY,-53971.89,486,154888.51,211868.3915,-421842.76,9451,3479436.75,2613640.46,-111.0532716,1,318.7006379,435.9431924,
82483,North Shore-LIJ Insurance Company Inc.,NY,2282312.43,189964,76546973,82818832,-19781114.37,348875,143377159.5,163481023.8,12.01444711,1,402.9551547,435.9711945,
39481,United Healthcare Life Insurance Company,SC,-414394.03,36813,14524584.65,16070654.17,1009347.25,25048,11876645.34,13232655.76,-11.25673077,1,394.550421,436.5483435,
54332,"United Healthcare of North Carolina, Inc.",NC,-15787937.71,624707,239706071.4,273354882.6,-54829193.06,1649845,750098351.7,697315803.7,-25.27254811,1,383.7095973,437.5729464,
15560,Blue Cross Blue Shield of Michigan Mutual Insurance Company,MI,84043000.54,1553522,627863417.5,680168155.8,117279775.3,1363121,609751133.1,678988028.2,54.09836522,1,404.1548285,437.8233175,
40308,Group Hospitalization and Medical Services Inc.,VA,11441513.48,195299,76036999.8,85811732.92,14829547.64,163568,73541649.54,85930415.61,58.58459839,1,389.3363499,439.3864429,
97176,Louisiana Health Service & Indemnity Company,LA,67544981.11,1471589,545121264,646659307,102587361.7,1035653,461204220,554404207,45.89935173,1,370.4303742,439.4292883,
79763,Land of Lincoln Mutual Health Insurance Company,IL,-22604098.38,414794,127889882.8,183230368.4,-11963347.32,334517,123126850,161305248.2,-54.49475735,1,308.3214386,441.7382325,
63312,Colorado Choice Health Plans,CO,1562462.46,65551,24627126,29021855,-2794252.54,151321,63697696,58699592,23.83582951,1,375.6941313,442.7370292,
90169,United Healthcare Life Insurance Company,AZ,784206.91,17049,6337200.43,7551443.03,-819920.79,55822,19215156.59,18384841.95,45.99723796,1,371.7051106,442.9258625,
23620,United Healthcare Insurance Company,MD,,2914,1417059.83,1293575.05,,2632,1333475.87,986947.18,,1,486.293696,443.917313,
55957,"First Priority Life Insurance Company, Inc.",PA,-3237217.38,470448,168011577,210195605,-6653749.71,430439,177443910,186950728,-6.881137511,1,357.1310262,446.7988067,
77606,"AmeriHealth HMO, Inc.",NJ,-4859744.69,179483,84242801,80346158,-4722553.93,184270,87727564,79753862,-27.07635091,1,469.3636779,447.6533042,
43839,United Healthcare Insurance Company,FL,,38845,21615308.07,17434902.57,,34121,18908544.2,14725667.31,,1,556.4502013,448.8326057,
69347,United Healthcare Insurance Company,NC,,3025,1825650.49,1357995.77,,3239,1690554.87,748514.99,,1,603.5208231,448.9242215,
94529,Group Health Cooperative- SCW,WI,1059019.73,23018,10363196,10382746.45,747453.25,21069,8881249,9818764.263,46.00832957,1,450.221392,451.0707468,
64210,"Sutter Health Plan, Inc.",CA,309874.09,1277,687072.76,577429.05,52744.83,10875,4979278,4054261,242.6578622,1,538.0366171,452.1762334,
67879,United Healthcare Insurance Company,CO,,19084,9615388.77,8685449.61,,15932,7545206.71,5549825.71,,1,503.8455654,455.1168314,
41304,Neighborhood Health Plan,MA,,590554,211691538.8,269160627.4,,786805,287761626.9,388035590.7,,1,358.462628,455.7764868,
53135,United Healthcare Life Insurance Company,AR,-280355.58,7917,2593474.69,3610832.45,-189796.85,6740,2596462.56,3918316.96,-35.4118454,1,327.58301,456.085948,
70525,"QCA Health Plan, Inc.",AR,6656762.38,324884,115427342.7,148306395.3,2856187.95,396976,134121060.4,193390442.4,20.48965902,1,355.2878649,456.4903021,
93332,"Humana Employers Health Plan of Georgia, Inc.",GA,68541368.02,3442073,1157687890,1574761849,143941804.7,2245359,895686097.9,1304791602,19.9128165,1,336.3344967,457.503908,
99248,Cigna Health and Life Insurance Company,TN,1397613.95,15616,5229779,7147753,-24919104.44,212035,70770129,57016568,89.49884413,1,334.8987577,457.7198386,
92499,Sharp Health Plan,CA,9791489.44,230438,105005537,105532273,5351707.64,324858,131730201,122381020,42.490776,1,455.6780436,457.9638471,
75605,Blue Cross Blue Shield of New Mexico,NM,14139955.41,402278,135578668,184280106.4,-136719.12,15258,4283638,5521538.184,35.14971092,1,337.0272995,458.0914353,
95677,United Healthcare Insurance Company,CA,,10567,4656797.6,4845846.23,,10293,4565554.32,4285516.25,,1,440.6924955,458.5829687,
37833,Unity Health Plans Insurance Corporation,WI,5592708.14,194647,67620965.18,89591632.45,12470418.63,216904,80662042,93413220.4,28.73256788,1,347.403069,460.2774892,
91069,"HealthyCT, Inc.",CT,-6912671.83,204238,95596346.48,94063469.84,-745863.3,176948,80188268.15,100808441.7,-33.84615904,1,468.0634675,460.5581226,
40411,Cigna Health and Life Insurance Company,NC,596150.26,5539,2106567,2571812,-717206.52,13889,5578645,5479908,107.6277776,1,380.3153999,464.3098032,
57845,Medica Health Plans of Wisconsin,WI,-2183267.46,76759,38717010.52,35813462.65,-4884013.82,100534,56389098.33,47160600.06,-28.44314621,1,504.3970156,466.5702087,
81974,Wisconsin Physicians Svc Insurance Corp,WI,5160942.97,313928,114358725,146607291.6,4335937.83,87370,35614469,37111942,16.43989377,1,364.2832911,467.0092875,
62210,DAKOTACARE,SD,-2809177.34,154506,45750926,72189787,30568.28,26411,9003556,8825749,-18.18167152,1,296.1109989,467.2296675,
33380,"Indiana University Health Plans, Inc.",IN,79692.27,9312,4856198.49,4363185.98,-38452436.14,306002,100285626.4,40778856.15,8.558018686,1,521.4989787,468.5551954,
34484,"Health New England, Inc.",MA,,54482,25232898,25529506,,87434,35311313,41879227,,1,463.1419184,468.5860651,
22444,Geisinger Health Plan,PA,11417706.62,247339,87519010.48,115945179.4,2695562.98,293115,120501551.9,135014690.8,46.16217669,1,353.8423398,468.7703088,
52697,"Molina Healthcare of Wisconsin, Inc.",WI,-4595003.52,281235,110447203,132747617,-20854745.86,708187,278013094,309518181,-16.33866169,1,392.7221114,472.0167013,
99389,"Community Care of Oregon, Inc.",OR,401324.32,101241,32382491.22,47794308.61,-2371948.67,78796,22002270.73,26359133.74,3.964049348,1,319.8555054,472.0845172,
45404,United Healthcare Life Insurance Company,PA,1720000.53,33447,10045141.52,15860896.66,-300893.24,29116,9133722.57,10832316.79,51.42465782,1,300.3301199,474.2098442,
99969,Medical Health Insuring Corp. of Ohio,OH,21390181.45,578453,232610640.7,277168184.5,28217818.37,507466,223050403,272026371,36.97825312,1,402.1253943,479.1542001,
58658,United Healthcare Ins Co of River Valley,NC,,93,54953.8,44764.35,,208,82580.69,32754.04,,1,590.9010753,481.3370968,
56726,United Healthcare Insurance Company,OH,,4768,2305123.88,2296010.41,,5143,2145394.14,1362827.56,,1,483.4571896,481.5458075,
23671,"United Healthcare of Kentucky, Ltd.",KY,,216,117157.12,104418.16,3445308.96,25688,11788231.83,16251510.63,,1,542.3940741,483.4174074,
93122,Freedom Life Insurance,AL,57450.42,248,53139,120337,-3506.92,136,39627,73144,231.6549194,1,214.2701613,485.2298387,
68398,"United Healthcare of Florida, Inc.",FL,14572435.15,1434483,550885456.1,697124928.4,93698886.73,1050397,474737313.1,609487747.2,10.15866702,1,384.030662,485.9764308,
40064,HealthNow New York,NY,3626.81,85075,32826816.86,41373492.31,-1918.83,102653,39353360.49,56121897.86,0.042630738,1,385.857383,486.3178644,
30609,"Memorial Hermann Health Insurance Company, Inc.",TX,142237.3,1470,644960,723057.5167,-704433.24,69838,27658787,29372014.62,96.76006803,1,438.7482993,491.8758617,
33653,Maine Community Health Options,ME,2738773.24,688724,291354380,339462243.3,5309414.63,650462,269816122,315546943,3.97659039,1,423.0350329,492.8857471,
71179,"Oxford Health Plans (CT), Inc.",CT,,399,260782.68,197148.41,,404,219277.13,221924.36,,1,653.5906767,494.1062907,
30252,"Health Options, Inc.",FL,81745567.9,1110889,481493023.5,549283125.5,-6728057.44,2717429,1038344661,1055850578,73.5857209,1,433.4303639,494.4536542,
74980,"Avera Health Plans, Inc.",IA,435753.94,1474,615416,729492,248195.33,434,156971,646924,295.626825,1,417.5142469,494.9063772,
60536,"Avera Health Plans, Inc.",SD,3672370.39,139552,44433569,69065181,-4206700.98,282010,102585338,109001581,26.31542644,1,318.4015206,494.906422,
66663,United Healthcare Life Insurance Company,VA,2658704.33,37231,14784988.32,18449770.37,4297345.9,37979,16815742.47,24991003.68,71.41103731,1,397.1149934,495.5486119,
61724,United Healthcare Life Insurance Company,OH,2965356.57,39475,14906016.34,19732630.09,4086573.63,34387,14667975.92,18567660.21,75.11986244,1,377.6064937,499.8766331,
,,,,,,,,,,,,,,,
32225,Montana Health Cooperative,MT,4282446.27,223233,76503090,112773266,856571.75,167472,70946387,76292134,19.18375092,1,342.7051108,505.1818772,
78124,"Excellus Health Plan, Inc.",NY,44746473.2,334217,147028138.9,169661735.3,27204905.43,310171,135032997.9,139077347.2,133.8844918,1,439.9181936,507.6394537,
49375,Cigna Health and Life Insurance Company,CO,10417522.17,90880,35996954,46141581,1238103.55,336710,115375928,117857758,114.6294253,1,396.0932438,507.7198614,
62033,"MDwise Marketplace, Inc.",IN,17928174.59,211299,103834074.1,109330228.3,-457849.1,360843,139260916.2,145882653.9,84.84741807,1,491.4082608,517.4195254,
92476,United Healthcare Ins Co of Illinois,IL,,3303,1841854.78,1709451.63,,4115,2205124.3,1333436.43,,1,557.630875,517.5451499,
83761,Alliant Health Plans,GA,4679043.57,151336,55822683.76,78554433,6096822.55,126994,57371368.64,71751937.82,30.9182453,1,368.8658598,519.0730097,
18029,Independent Health Benefits Corporation,NY,7655906.8,45191,19640713,23502144,9237924.35,63567,23367811,33489709,169.4122015,1,434.6155872,520.0624903,
16698,Prominence Health First,NV,3206374.59,40064,17990277,20894048.56,-1517979.46,113507,45301684,38199147.38,80.03131465,1,449.0384635,521.5167871,
20507,Optima Health Plan,VA,42170520.55,412840,152207789,216307264.6,48470286.14,410914,162154869,236325046,102.1473708,1,368.6846938,523.9493862,
98809,United Healthcare Insurance Company,TX,,20042,11455459.35,10559244.15,,19975,11403154.84,10237930.92,,1,571.5726649,526.8558103,
84670,"WPS Health Plan, Inc.",WI,1825501.39,215901,88373512,114331132,1171732.92,205276,99789965,110544386,8.455270656,1,409.3242366,529.5535083,
29125,Tufts Associated Health Maintenance Org,MA,,129455,68889815,68596735,,130483,68420466,75916404,,1,532.1526013,529.8886486,
37001,Humana Insurance Company,GA,1622203.69,15247,6050468.51,8094148.912,-131960.47,3794,1389158.73,743344.81,106.3949426,1,396.8300984,530.8682962,
11269,Blue Cross Blue Shield of Wyoming,WY,1438732.96,211926,106424294.1,112604550,8489.31,360037,196967953,219853610,6.788845918,1,502.1766753,531.3390051,
65847,Medica Health Plans of Wisconsin,MN,7678426.35,76939,25770963.62,40944996.08,-13675777.86,499608,182210405.4,197333022.2,99.79888418,1,334.9531917,532.1747889,
36046,Harvard Pilgrim Health Care Inc.,MA,,135389,63734606.67,72589175.31,,139056,67756337.21,77814790.83,,1,470.7517351,536.1526809,
49650,United Healthcare Insurance Company,CT,1159270.36,27086,12920412.57,14534404.08,2483964.33,27478,13602441.52,18958398.21,42.79961456,1,477.0144196,536.6020852,
50491,Cigna Health and Life Insurance Company,GA,3938467.33,44469,16818343,23889040,-770019.98,65045,23576429,25404651,88.56658189,1,378.2037599,537.2065934,
90117,United Healthcare Insurance Company,RI,,6049,2884114.13,3251346.46,,3659,1960006.23,2336722.65,,1,476.7918879,537.5014812,
31274,Highmark Blue Cross Blue Shield West Virginia,WV,-71601.45,511698,213700381,278020361,2324973.19,499129,249405995,294749497,-0.139929118,1,417.629893,543.3289968,
99791,Humana Insurance Company,IN,8411678.81,105258,36172211.59,57228856.87,122433.72,28330,5643355.52,4911117.86,79.91486452,1,343.6528491,543.7007816,
39924,All Savers Insurance Company,WI,5293092.41,184612,82028492.09,100707483.6,37956637,187422,94501412.12,139375944.9,28.67144286,1,444.3291449,545.5088705,
19304,Maine Community Health Options,NH,5306302.38,47854,20020663,26184833.69,8228830,62314,28535161,44274744,110.8852422,1,418.369687,547.1817129,
26002,Select Health,ID,9855840.04,278361,81043959,154031972,2728291.54,442788,143125602,217509208,35.40668427,1,291.1469602,553.3532787,
18699,United Healthcare Insurance Company,WA,,2289,866073.9,1267689.57,,2840,1059597.35,1138446.15,,1,378.3634338,553.8180734,
84867,Aetna Health Inc. (a PA corp.),OH,,173,92388.66,96595.45,,109,36766.7,18917.99,,1,534.0384971,558.3552023,
42690,"Blue Cross and Blue Shield of Massachusetts HMO Blue, Inc.",MA,,592588,304248807,331241353,,539291,290846328,339128386,,1,513.4238408,558.9741152,
36677,All Savers Insurance Company,MD,596980.74,6662,2650550.76,3724009.19,1316533.03,11155,4610816.65,6571803.34,89.60983789,1,397.8611168,558.9926734,
87416,Common Ground Healthcare Cooperative,WI,194955.1,396688,161071543,222934983.9,-1715699.95,203673,88339949,113442455,0.491457014,1,406.040876,561.9907431,
43129,United Healthcare Life Insurance Company,UT,47918.32,4244,1430023.97,2386267.14,316788.43,3878,1449222.67,2421683,11.29083883,1,336.9519251,562.2684119,
96667,Harvard Pilgrim Health Care Inc.,ME,1177105.98,10766,4919770.76,6071183.427,-532477.48,134469,51736741.92,57226267.41,109.3354988,1,456.9729482,563.9219234,
56503,"Florida Health Care Plan, Inc.",FL,2314125.36,37045,18538858.37,20950336.53,-11167504.61,219946,86352286.73,77817714.88,62.46795411,1,500.4415811,565.5374957,
86830,Cigna Health and Life Insurance Company,AZ,2978136.23,11908,4425413,6759424,1169118.87,5370,2334374,4529617,250.0954174,1,371.6336077,567.6372187,
65635,MAMSI Life and Health Insurance Company,MD,,1665,818143.05,953204.31,,1478,762593.07,877995.29,,1,491.3772072,572.4950811,
68389,United Healthcare Life Insurance Company,NE,3559594.19,45570,16368775.92,26210136.49,-1689164.64,58140,20711331,24252853.01,78.11266601,1,359.2007005,575.1620911,
33931,"United Healthcare of Ohio, Inc.",OH,2912248.94,30269,12999817.05,17521253.33,1045021.61,136824,55416702.41,64006939.2,96.21226139,1,429.4762645,578.85141,
24251,"Optimum Choice, Inc.",VA,,560,334836.84,324277.52,,772,360384.8,312232.35,,1,597.9229286,579.067,
62352,Celtic Insurance Company,OH,-11014.35,36,16829.38,20911.53467,-10129.47,21,9466.38,32301.31482,-305.9541667,1,467.4827778,580.8759631,
10091,Pacific Source Health Plans,OR,6385295.65,94382,35834863,54917003.46,9211343.15,46575,19072646.02,34439156.23,67.65374383,1,379.678996,581.8588657,
28700,Freedom Life Insurance,CO,98569.13,4469,1024383,2636489,530940.43,2558,947270,3221773,22.05619378,1,229.219736,589.9505482,
17341,United Healthcare Life Insurance Company,FL,10189460.6,197146,81792203.05,116989596.1,3944039.65,141757,69928875.78,82290333.81,51.68484575,1,414.8813724,593.4160272,
83396,The Health Plan of the Upper Ohio Valley,OH,-74715.6,1491,692887,886379,-181137.46,1505,661210,512178,-50.1110664,1,464.7129443,594.4862508,
85266,Hometown Health Providers Ins. Co. Inc.,NV,397248.75,3534,1423220,2103218,-674631.16,11181,4537475,3729342,112.4076825,1,402.7221279,595.1380872,
99723,Celtic Insurance Company,MO,-4529.5,24,7499.47,14294.53467,62245.22,18,10223.65,131897.0355,-188.7291667,1,312.4779167,595.6056113,
92291,United Healthcare Life Insurance Company,CO,2513503.26,20210,8327280.45,12051717.3,1604316.11,65010,22453450.1,21889130.32,124.3692855,1,412.0376274,596.3244582,
74222,United Healthcare Insurance Company,NV,,805,388784.23,482796.42,,710,352415.25,187828.16,,1,482.9617764,599.7471056,
91762,AmeriHealth Ins Company of New Jersey,NJ,38267701.25,543379,273822437,328425555,36425250.15,632759,312164428,442082699,70.4254328,1,503.925321,604.4134113,
13535,United Healthcare Insurance Company,GA,,270,243554.01,163690.47,,282,231095.22,64896.65,,1,902.0518889,606.261,
16204,"Coordinated Health Mutual, Inc.",OH,-3985495.69,192418,71644539,117238425,-2492656.84,118846,50094649.49,89426654,-20.71269679,1,372.3380297,609.2903211,
54235,"United Healthcare of New York, Inc.",NY,10564737.15,102501,55064189.41,62996690.7,5932308.11,96007,50763996.72,58879212.87,103.0696008,1,537.206363,614.5958644,
31609,Independence Blue Cross (QCC Ins. Co.),PA,64851297.02,525833,250472344,323221752,74118152.98,496254,244714245,328272799,123.3305955,1,476.3343951,614.6851795,
36373,All Savers Insurance Company,IN,13324209.36,310475,143149170.8,191255324.2,33816665.08,182766,86717709.36,135265407.2,42.9155628,1,461.0650481,616.0087743,
92137,All Savers Insurance Company,CO,168907.5,1504,754995.49,928849.03,939139.28,3267,1781624.24,1860916.19,112.3055186,1,501.9916822,617.5857912,
98704,United Healthcare Life Insurance Company,OK,637091.31,24179,8196319.07,14955965.78,-666540.06,32232,12269610.86,8541960.63,26.34895198,1,338.9850312,618.5518748,
29462,"Oxford Health Insurance, Inc.",CT,,7471,4981886.02,4654320.68,,6822,4713848.61,4244556.35,,1,666.8298782,622.9849659,
91058,"Gundersen Health Plan, Inc.",WI,-855334.89,55370,29584232.87,34509322.89,1397440.88,46899,27745515.97,34016030.85,-15.44762308,1,534.3007562,623.2494652,
38166,"Security Health Plan of Wisconsin, Inc.",WI,-10390482.3,368674,169150496,230112614,-8972947.64,332132,179557227,209916524,-28.18338776,1,458.8077706,624.1628485,
79888,"HealthPartners, Inc.",MN,31708.01,9394,4443000,5931000,,5648,2893000,4485000,3.37534703,1,472.9614648,631.3604428,
94788,CDPHP,NY,8189242.42,53205,26813056,33639246,7154086.73,56589,28776102.84,35336606.36,153.9186622,1,503.9574476,632.2572315,
85629,"Oxford Health Insurance, Inc.",NY,,175060,102949591.4,111681758.5,,174601,106889163.9,113798385.4,,1,588.0817514,637.9627471,
59036,"United Healthcare of Colorado, Inc.",CO,,1201,647029.81,767349.24,6746077.39,66639,26572408.43,35061697.98,,1,538.7425562,638.9252623,
48834,"Oxford Health Plans (NJ), Inc.",NJ,18952235,137784,65906002.89,89863131.94,3394240.38,98573,44985863.42,50824009.71,137.5503324,1,478.328419,652.2029549,
49116,UHC of California,CA,,3275,1498719.36,2149910.87,,4715,2295597.16,2683968.02,,1,457.6242321,656.4613344,
70619,United Healthcare Life Insurance Company,TX,5956388.28,145701,52260167.58,95892226.31,7301644.58,314319,120222071.1,161371093,40.88090185,1,358.6809121,658.1439133,
31779,United Healthcare Insurance Company,MA,,5476,3167887.19,3646002.74,,6330,3691236.16,4654679.44,,1,578.5038696,665.8149635,
30552,United Healthcare Ins Co of River Valley,GA,,873,348635.46,588424.27,,601,246038.94,179638.37,,1,399.3533333,674.0255097,
97879,Rocky Mountain HMO,CO,18515843.4,310694,141690627,212669755,10483559.33,148133,86666275,105268457,59.59511095,1,456.045585,684.499073,
79279,Highmark Coverage Advantage Inc.,PA,,32,28404,22046,,18,11192,26300,,1,887.625,688.9375,
85732,United Healthcare Life Insurance Company,CT,2156886.02,11893,5746681.99,8209998.99,810976.08,9584,4945107.28,5683843.72,181.357607,1,483.1986875,690.3219532,
20523,Aetna Health of California Inc.,CA,,2133,804160.83,1476307.62,,293,86943.05,3121174.22,,1,377.0092968,692.1273418,
51485,Health Net Life Insurance Company,AZ,26294064.75,408507,131907279,288203286,5075983.13,66448,16275889.84,33228323.73,64.3662526,1,322.9009026,705.5039106,
43802,"United Healthcare of Georgia, Inc.",GA,9760768.12,126026,53132280.58,89861489.51,26478561.73,220073,101678483.8,152925774.8,77.45043182,1,421.5977701,713.0392896,
55409,Cigna Health and Life Insurance Company,TX,53407229.68,365755,144781224,266079574,30080696.33,148572,64402634,131526282,146.0191376,1,395.842091,727.4803461,
80049,United Healthcare Insurance Company,AK,,63,46308.04,46241.06,,98,90867.45,120023.12,,1,735.048254,733.9850794,
38344,Premera Blue Cross Blue Shield of Alaska,AK,12358455.76,143355,78693115,105293849,11418310.79,116214,86269350,83903892,86.20875282,1,548.9387534,734.4972202,
87354,Cigna Health and Life Insurance Company,CT,1551767.81,7637,3105679,5626276,1027304.78,6669,2992995,5399617,203.1907568,1,406.662171,736.7128454,
10940,"Health Net Health Plan of Oregon, Inc.",OR,3408186.75,19103,8270658,14324515,2480143.2,9966,4221764.73,10920805.29,178.4110742,1,432.9507407,749.8568288,
54362,Cigna Health and Life Insurance Company,SC,437792.66,1809,667368,1367339,1025644.49,2670,1104887,2557657,242.0081039,1,368.9154229,755.8535102,
74189,United Healthcare Life Insurance Company,GA,586323.62,11225,4721469.34,8614071.95,368431.18,11570,5593409.77,5380630.1,52.23373007,1,420.6208766,767.4006192,
70194,Highmark Health Insurance Company,PA,51852279.7,330905,144478467,261705910,49750020.05,323186,152485135.2,230087842,156.6983868,1,436.6161497,790.8792856,
58326,"Mercy Care HMO, Inc.",WI,686857.72,10511,5800173,8315467.52,-14819.28,15670,7035331.83,6227139.75,65.34656265,1,551.8193321,791.1204947,
20895,Humana Insurance Company,NV,1431529.89,17260,5939058.05,13692385.66,,5603,1499865.65,3624000.93,82.93915933,1,344.0937457,793.3016025,
97667,"Cigna HealthCare of Arizona, Inc.",AZ,,3113,1710434,2478740,-1946342.41,45447,14402982,14006163,,1,549.4487633,796.254417,
32812,Cigna Health and Life Insurance Company,MD,1034979.8,4317,1553035,3564937,1770732.37,7748,2939706,6442194,239.7451471,1,359.7486681,825.7903637,
24675,"Blue Cross and Blue Shield of Massachusetts, Inc.",MA,,2558,2307543,2184281,,2994,2164115,2138372,,1,902.0887412,853.9018765,
77263,"Oxford Health Insurance, Inc.",NJ,44955766,94349,51681556.7,81121203.77,53596343.52,85642,52549728.11,94329280.26,476.4837571,1,547.7700527,859.7992959,
34673,Aetna Life Insurance Company,WA,,660,301790.92,573395.47,,177,46426.49,3922.19,,1,457.2589697,868.7810152,
68307,Celtic Insurance Company,NV,-10494.15,93,26179.03,81052.54473,-8892.08,36,23796.63,29609.53858,-112.8403226,1,281.4949462,871.532739,
32754,Managed Health Services Insurance Corporation,WI,346192.62,1095,502491.4581,956826.1536,3858801.53,18280,7975509.354,11152575.95,316.1576438,1,458.8963088,873.8138389,
11593,HPHC Insurance Company Inc.,ME,208585.27,3228,1222730.18,2854907.905,617069.84,4163,1665613.5,3116413.943,64.6174938,1,378.7887794,884.4200449,
48121,Cigna Health and Life Insurance Company,FL,73421679.32,497891,238338961,448394923,11336832.52,110620,51983771,62971090,147.4653676,1,478.6970662,900.5885284,
45480,"United Healthcare of Oklahoma, Inc.",OK,,48,35147.8,43528.96,5010932.12,73034,31070203.21,45624557.28,,1,732.2458333,906.8533333,
73836,"Moda Health Plan, Inc.",AK,-9415111.19,159592,93990086,146808709,-11418310.77,139893,115629307,109150932.7,-58.99488189,1,588.9398341,919.9001767,
26420,"Oxford Health Plans (NY), Inc.",NY,75516356.91,259030,159105636,239192567.1,79007342.63,250546,142709646.3,238892350.5,291.535177,1,614.2363278,923.4164657,
88000,Group Health Incorporated,NY,-72128.3,618,383538.33,575948.434,1232207.56,3645,2310915.78,4211427.08,-116.7124595,1,620.6121845,931.9553948,
40702,"United Healthcare of Arizona, Inc.",AZ,,171,112639.71,159460.77,,183,109675.26,30986.21,,1,658.7117544,932.5191228,
17210,Aetna Life Insurance Company,NY,9153245.87,38982,23793093.93,36376276.41,-52359.96,1029,413436.08,469815.97,234.8069845,1,610.3610366,933.1557234,
24775,Celtic Insurance Company,GA,1983.9,18,15253.3,17190.80201,-1334.54,12,4657.56,24225.98611,110.2166667,1,847.4055556,955.0445561,
53799,Freedom Life Insurance,TX,808134.93,6793,2037537,6603686,306657.04,4057,1327125,2016748,118.9658369,1,299.9465626,972.1310172,
60769,Federated Mutual Insurance Company,MN,,261,131424.39,254229.57,,105,86660.21,41122.68,,1,503.5417241,974.0596552,
66699,"Denver Health Medical Plan, Inc.",CO,2379976.29,2857,1259820.15,2795911.49,2810015.23,2490,1167062.43,3274884,833.0333532,1,440.9591005,978.6179524,
52710,Fallon Health & Life Assurance Company,MA,,200,138890.0635,195992.1,,109,84725.19,226181.531,,1,694.4503175,979.9605,
26781,All Savers Insurance Company,MS,,67,20331.88,69522.74,,34,13097.44,25393.12,,1,303.4608955,1037.652836,
54297,United Healthcare Ins Co of New York,NY,-7577.79,1284,787174.58,1357190.9,,1102,761705.5,671662.31,-5.901705607,1,613.0643146,1057.002259,
99110,Health Net Life Insurance Company,CA,53436905.52,444015,187024958,479433200,65553512.41,328744,169810875.1,280252072.4,120.349325,1,421.2131527,1079.768026,
20173,HealthPartners Insurance Company,WI,,62,36000,68000,,48,36000,44000,,1,580.6451613,1096.774194,
27651,"Gundersen Health Plan, Inc.",IA,160860.73,739,408588,840584,365003.85,1037,611080.8,1154069.93,217.6735183,1,552.8930988,1137.461434,
18581,Community Health Plan of Washington,WA,6748059.74,15402,7049384.53,17799756.45,570276.74,886,472973,1924278,438.1287976,1,457.6928016,1155.678253,
40220,"United Healthcare of Texas, Inc.",TX,,142,104727.72,177893.1,,302,147059.13,174092.43,,1,737.5191549,1252.76831,
38712,Tufts Insurance Company,MA,,5867,3904718,7432948,,4290,2768339,6046304,,1,665.5391171,1266.907789,
42529,"United Healthcare of Illinois, Inc.",IL,,12,4451.16,19587.4,,60,19323.44,11398.47,,1,370.93,1632.283333,
75849,Freedom Life Insurance,AZ,168620.34,172,72532,289093,-175.68,77,17370,17386,980.350814,1,421.6976744,1680.773256,
50735,Medical Associates Health Plans,IA,,12,18039,20933,,12,,6335,,1,1503.25,1744.416667,
38835,Federated Mutual Insurance Company,GA,,59,31164,103869.42,,6,2259,,,1,528.2033898,1760.498644,
77931,Health Alliance Midwest Inc.,NE,14477.63,74,22035,161599,8247.75,35,-252,71487,195.6436486,1,297.7702703,2183.77027,
89217,Aetna Life Insurance Company,NJ,5290240.82,8849,5334473.55,20176352.38,6356361.63,5865,4309686.4,19951863.47,597.8348763,1,602.8334897,2280.071463,
96734,Freedom Life Insurance,MS,-289.05,21,12143,50480,261.36,18,14227,106132,-13.76428571,1,578.2380952,2403.809524,
40586,"Bluegrass Family Health, Inc.",KY,,51,18184,123278.5283,-9882852.36,85598,24338285,23590509,,1,356.5490196,2417.226045,
44113,"Empire HealthChoice Assurance, Inc.",NY,,213,839592,651223.12,,294,260338.4,483952.3,,1,3941.746479,3057.38554,
41842,United Healthcare Insurance Company,DC,,4233,989112.32,15388473.43,,2603,1111059.47,-2838024.02,,1,233.6669785,3635.358712,
19913,Freedom Life Insurance,LA,235529.13,322,180964,1301182,107216.79,83,21969,578338,731.4569255,1,562,4040.937888,
41014,"Cigna HealthCare of New Jersey, Inc.",NJ,817727.44,352,288404,1939512,2555962.42,554,500896,3219243,2323.089318,1,819.3295455,5509.977273,
,,,,,,,,,,,,,,,
,,,,,,,,,,,,,,,
,,,,,,,,,,,,,,,
80148,Federated Mutual Insurance Company,PA,,12,2575.92,,,4,858.64,,,1,,,
18389,Pekin Life Insurance Company,IL,,96,14461,,,78,-2218,,,1,,,
54179,United Healthcare Insurance Company,HI,,4,836,,,9,1672,139.69,,1,,,
,,,,,,,,,,,,,,,
,,,,,,,,,,,,,,,
,,,,,,,,,,,,,,,
,,,,,,,,,,,20.10077108,1,395.6929261,438.8646218,-43.17169574
,,,,,,,,,,,,,,,
,,,,,,,,,,,,,,,
,,,,,,,,,,,,,,,
,,,,,,,,,,,,,,,
,,,,,,,,,,,,,,,
,,,,,,,,,,,,,,,0
