,Unnamed: 0,HIOS ID,HIOS INPUTTED INSURANCE COMPANY NAME_2014,STATE_2014,REINSURANCE PAYMENT AMOUNT (OR NOT ELIGIBLE)_2014,"HHS RISK ADJUSTMENT TRANSFER AMOUNT (INDIVIDUAL MARKET, INCLUDING CATASTROPHIC)_2014",Not-For-Profit:_2014,HHS RISK ADJUSTMENT TRANSFERS AMOUNT (SMALL GROUP MARKET)_2014,7.4Membermonths2HealthInsuranceINDIVIDUALTotalasof3/31/15_2014,7.4Membermonths7HealthInsuranceSMALLGROUPTotalasof3/31/15_2014,1.1Directpremiumwritten2HealthInsuranceINDIVIDUALTotalasof3/31/15_2014,2.16Totalincurredclaims2HealthInsuranceINDIVIDUALTotalasof3/31/15_2014,IndPremiumPMM_2014,IndCostsPMM_2014,IndRTPMM_2014,IndPremiumMinusCostsPMM_2014,IndPremiumPlusTransferMinusCostsPMM_2014,HIOS INPUTTED INSURANCE COMPANY NAME_2015,STATE_2015,REINSURANCE PAYMENT AMOUNT (OR NOT ELIGIBLE)_2015,"HHS RISK ADJUSTMENT TRANSFER AMOUNT (INDIVIDUAL MARKET, INCLUDING CATASTROPHIC)_2015",Not-For-Profit:_2015,HHS RISK ADJUSTMENT TRANSFERS AMOUNT (SMALL GROUP MARKET)_2015,7.4Membermonths2HealthInsuranceINDIVIDUALTotalasof3/31/15_2015,7.4Membermonths7HealthInsuranceSMALLGROUPTotalasof3/31/15_2015,1.1Directpremiumwritten2HealthInsuranceINDIVIDUALTotalasof3/31/15_2015,2.16Totalincurredclaims2HealthInsuranceINDIVIDUALTotalasof3/31/15_2015,IndPremiumPMM_2015,IndCostsPMM_2015,IndRTPMM_2015,IndPremiumMinusCostsPMM_2015,IndPremiumPlusTransferMinusCostsPMM_2015,HIOS INPUTTED INSURANCE COMPANY NAME,STATE,REINSURANCE PAYMENT AMOUNT (OR NOT ELIGIBLE),"HHS RISK ADJUSTMENT TRANSFER AMOUNT (INDIVIDUAL MARKET, INCLUDING CATASTROPHIC)",Not-For-Profit:,HHS RISK ADJUSTMENT TRANSFERS AMOUNT (SMALL GROUP MARKET),7.4Membermonths2HealthInsuranceINDIVIDUALTotalasof3/31/15,7.4Membermonths7HealthInsuranceSMALLGROUPTotalasof3/31/15,1.1Directpremiumwritten2HealthInsuranceINDIVIDUALTotalasof3/31/15,2.16Totalincurredclaims2HealthInsuranceINDIVIDUALTotalasof3/31/15,IndPremiumPMM,IndCostsPMM,IndRTPMM,IndPremiumMinusCostsPMM,IndPremiumPlusTransferMinusCostsPMM
0,300.0,47579.0,Chinese Community Health Plan,CA,1824095.22,-16711278.79,No,-3067299.35,141014.0,21332.0,60268718.32,29949706.93,427.3952822,212.38818080000001,-118.50794099999999,215.0071014,96.49916037,Chinese Community Health Plan,CA,2569834.4,-28712244.96,No,-1540479.6,155023.0,23217.0,70273738.3,24778424.54,453.3116911999999,159.8370857,-185.2128069,293.4746054,108.2617986,Chinese Community Health Plan,CA,2031826.13,-24844080.41,No,-2248025.07,154960.0,25754.0,70383906.83,35832049.9,454.2069362,231.23418880000003,-160.3257641,222.9727474,62.64698322
1,60.0,75091.0,"ConnectiCare, Inc. **",CT,9490.2,-115248.13,No,72069.21,6108.0,56182.0,2748338.0,2504000.0,449.95710539999993,409.9541585,-18.86839064,40.00294695,21.13455632,"ConnectiCare, Inc.",CT,26569.95,-1899004.88,No,-6351.77,11204.0,1041.0,4087279.69,2760050.122,364.805399,246.3450662,-169.4934738,118.46033270000001,-51.03314102,"ConnectiCare, Inc.",CT,49691.37,-1145321.71,No,-266957.78,7751.0,1618.0,2880064.18,2328469.831,371.5732396,300.40895770000003,-147.7643801,71.1642819,-76.60009818
2,368.0,11177.0,MetroPlus Health Plan,NY,4200475.38,-54033594.1,No,-1169658.09,399516.0,6897.0,144984418.0,77121222.22,362.9001542,193.0366299,-135.2476349,169.8635243,34.61588943,MetroPlus Health Plan,NY,5191276.87,-30578616.79,No,-1666323.89,286497.0,6620.0,115991995.6,82911394.42,404.8628628,289.3970772,-106.73276440000001,115.46578559999999,8.733021252999999,Metro Plus Health Plan,NY,1351405.68,-30691628.34,Yes,-4170812.16,223383.0,11773.0,83008935.81,59814247.47,371.59916289999995,267.7654408,-137.3946466,103.83372209999999,-33.56092451
5,229.0,81941.0,Aetna Health Inc. (a LA corp.),LA,1125984.52,-2764603.7,No,-120226.85,149620.0,85123.0,27002700.0,25513962.18,180.47520380000003,170.5250781,-18.477501,9.950125785,-8.527375217000001,"Coventry Health Care of Louisiana, Inc.",LA,1301311.45,-9447131.62,No,-727200.2,78262.0,53216.0,19409194.68,12798652.92,248.00279419999998,163.53598069999998,-120.71160490000001,84.46681352,-36.24479134,Aetna Health Inc. (a LA corp.),LA,664684.81,-6121430.71,No,-644489.03,51289.0,29833.0,17194438.38,9795494.66,335.24612260000004,190.9862672,-119.3517267,144.2598553,24.90812864
8,182.0,47342.0,Health Tradition Health Plan,WI,4487321.8,-626288.42,No,-69764.62,37196.0,26371.0,17100722.0,20523312.0,459.746263,551.7612647000001,-16.8375207,-92.01500161,-108.8525223,Health Tradition Health Plan,WI,5973322.11,-4413566.24,No,-781266.69,69211.0,44324.0,33123546.0,29973645.85,478.58788339999995,433.0763296,-63.76972215,45.511553799999994,-18.25816835,Health Tradition Health Plan,WI,4888872.45,-12163004.94,No,-2172128.98,115691.0,34451.0,54044384.0,38787697.0,467.1442377,335.26978760000003,-105.1335449,131.87445,26.74090517
12,376.0,23841.0,Aetna Life Insurance Company,FL,32190446.23,20415906.73,No,1330151.83,409905.0,92602.0,152776589.5,175865983.9,372.71218819999996,429.040836,49.80643498,-56.32864786,-6.522212879,Aetna Life Insurance Company,FL,731464.13,-2790586.53,No,1289962.56,34529.0,112153.0,12535255.49,10352181.89,363.03557850000004,299.81122799999997,-80.81863159,63.22435055,-17.59428104,Aetna Life Insurance Company,FL,184616.94,-1657914.8,No,2505152.5,17849.0,60960.0,7536015.89,6111808.46,422.20941730000004,342.4174161,-92.88558463,79.79200123,-13.09358339
15,85.0,53789.0,Keystone Health Plan Central,PA,1122656.96,238390.33,No,-78244.77,12894.0,39670.0,3961366.0,4682943.0,307.2255313,363.1877617,18.48846983,-55.96223049,-37.47376066,Keystone Health Plan Central,PA,1234878.34,298016.86,No,5269.47,30665.0,17939.0,8559182.0,9790442.0,279.11893039999995,319.2708952,9.718469265,-40.15196478,-30.43349552,Keystone Health Plan Central,PA,5430422.97,-35510815.31,No,-946154.73,413276.0,10725.0,139777767.0,128350976.0,338.2189312,310.5696339,-85.9251815,27.64929732,-58.27588418
18,287.0,85654.0,HealthPartners Insurance Company,MN,10273153.62,-5217351.16,No,-820791.54,253562.0,200964.0,50895000.0,53127000.0,200.7201395,209.52272030000003,-20.57623445,-8.802580828,-29.37881528,HealthPartners Insurance Company,MN,9288091.28,-29118111.14,No,-3345685.38,507606.0,194406.0,109802000.0,100347000.0,216.31343999999999,197.6867886,-57.36360709,18.62665138,-38.73695571,HealthPartners Insurance Company,MN,6932266.01,-55107410.5,No,-2487209.58,667739.0,142823.0,188789000.0,150979000.0,282.7287308,226.10481040000002,-82.52836887,56.62392042,-25.90444844
20,250.0,73836.0,"Moda Health Plan, Inc.",AK,13102419.34,-4806964.11,No,24371.0,78624.0,17725.0,33550284.0,46525522.0,426.7181013,591.7470747000001,-61.13863591,-165.0289733,-226.16760930000004,"Moda Health Plan, Inc.",AK,26305543.39,-9415111.19,No,-683234.43,159592.0,26851.0,93990086.0,146808709.0,588.9398341,919.9001767000001,-58.99488189,-330.96034260000005,-389.9552245,Moda Health Plan Inc,AK,8987021.64,-11418310.77,No,-2026261.96,139893.0,39766.0,115629307.0,109150932.7,826.5553459,780.24585,-81.62174498,46.30949583,-35.31224915
25,310.0,44965.0,"Humana Health Benefit Plan of Louisiana, Inc.",LA,7813491.4,482642.43,No,-119935.54,264141.0,363156.0,66514201.37,61711537.45,251.81324130000002,233.6310435,1.827215124,18.18219784,20.00941297,"Humana Health Benefit Plan of Louisiana, Inc.",LA,6599758.13,-2526804.46,No,-4759020.22,248033.0,434330.0,72076866.85,70634494.88,290.5938599,284.7786177,-10.18737208,5.815242206000001,-4.372129878,"Humana Health Benefit Plan of Louisiana, Inc.",LA,4491146.79,-32450558.97,No,-6832225.23,421778.0,255681.0,143009162.6,102535993.5,339.06264100000004,243.1041768,-76.93753342,95.95846417,19.02093075
28,212.0,86052.0,"CareFirst BlueChoice, Inc.",DC,1900356.26,-1007058.65,No,-6732251.48,85443.0,411734.0,22644314.97,22846546.22,265.0224708,267.38932650000004,-11.78632129,-2.3668556819999997,-14.15317697,"CareFirst Blue Choice, Inc.",DC,3021555.65,-1630614.05,No,-10757047.29,110036.0,440289.0,33188114.25,30505235.97,301.6114204,277.2295973,-14.81891426,24.38182304,9.562908775,CareFirst BlueChoice,DC,1167287.99,-7984910.32,No,-12225393.95,110621.0,447410.0,27910624.1,26359366.05,252.30854989999997,238.2853712,-72.18259029,14.02317869,-58.15941159
30,238.0,65598.0,Coventry Health Care Of Kansas Inc,KS,6787834.35,-5910292.03,No,-713955.94,124536.0,142891.0,29541695.56,37457719.59,237.21410319999995,300.77824560000005,-47.458502200000005,-63.56414234,-111.02264450000001,Coventry Health Care Of Kansas Inc.,KS,6205764.17,-1458451.11,No,-413025.79,165451.0,80281.0,45094200.14,55453253.69,272.55320389999997,335.1642099,-8.815003294,-62.61100598,-71.42600927,Coventry Health Care,KS,525206.15,-2303279.85,No,-618249.46,34703.0,42190.0,9963149.44,10049247.84,287.09764110000003,289.5786485,-66.37120278,-2.481007406,-68.85221018
31,168.0,27990.0,Aetna Life Insurance Company,NV,626982.29,-401883.36,No,-1140094.88,54879.0,154116.0,13597160.88,10124188.23,247.7661925,184.4820101,-7.32308096,63.28418247,55.96110151,Aetna Life Insurance Company,NV,1532987.48,-7118682.16,No,672487.49,69307.0,110659.0,21101584.96,14683496.19,304.46542139999997,211.8616617,-102.7123113,92.60375965,-10.10855166,Aetna Life Insurance Company,NV,1381959.06,-4923899.31,No,2003327.8,75300.0,105348.0,27246865.02,22211052.61,361.844157,294.9674981,-65.39042908,66.87665883,1.4862297480000002
32,352.0,61430.0,Coventry Health and Life,KS,18150600.47,-10156545.5,No,-84693.06,604296.0,102777.0,120717982.0,136996020.5,199.7663099,226.7035037,-16.80723602,-26.93719386,-43.74442988,Coventry Health and Life,KS,19219397.06,-18755986.82,No,-684315.4,641288.0,66865.0,163491388.5,187931271.1,254.9422233,293.0528422,-29.24736908,-38.11061894,-67.35798802,Coventry Health and Life,KS,3045695.42,-11830329.41,No,-14621.47,182842.0,35293.0,56178091.43,49763626.23,307.2493816,272.1673698,-64.70247213,35.08201179,-29.62046034
34,209.0,67129.0,Aetna Life Insurance Company,OH,753385.3,-225186.77,No,-593316.79,76066.0,45162.0,21993243.17,18301411.54,289.1336888,240.59910530000002,-2.960412931,48.53458352,45.57417059,Aetna Life Insurance Company,OH,6603468.9,-16376734.46,No,-481369.85,260828.0,68312.0,93890790.37,70425596.8,359.972052,270.007809,-62.78748624,89.96424299,27.17675675,Aetna Life Insurance Company,OH,3316193.33,-13600470.61,No,-468332.98,213297.0,132006.0,78325737.4,55555485.78,367.2144353,260.46069930000004,-63.76306563,106.753736,42.99067033
38,28.0,85266.0,Hometown Health Providers Ins. Co. Inc.,NV,234356.21,248604.41,No,-318074.62,6053.0,32964.0,1609053.0,2230101.0,265.8273583,368.4290434,41.0712721,-102.6016851,-61.53041302,Hometown Health Providers Ins. Co. Inc.,NV,217980.45,397248.75,No,-1757923.69,3534.0,60181.0,1423220.0,2103218.0,402.7221279,595.1380872000001,112.40768249999999,-192.4159593,-80.00827674,"Hometown Health Providers Insurance Company, Inc",NV,57350.9,-674631.16,No,-1995391.69,11181.0,99773.0,4537475.0,3729342.0,405.82014130000005,333.5427958,-60.33728289,72.2773455,11.94006261
39,283.0,76680.0,"HMO Colorado, Inc., dba HMO Nevada",CO,12493994.43,261875.8,No,-860371.91,139712.0,18150.0,49887492.56,54875780.77,357.07378439999997,392.7778628,1.8743973319999998,-35.70407846,-33.82968113,HMO Colorado Inc.(Anthem BCBS),CO,9021034.94,29925.42,No,-1803127.62,193986.0,22133.0,61543183.63,65114183.23,317.25580010000004,335.66434289999995,0.154265875,-18.40854288,-18.25427701,HMO Colorado Inc(Anthem BCBS),CO,6296226.19,-22957774.05,No,-5766680.6,381552.0,56858.0,136955596.5,107135236.3,358.9434638,280.7880349,-60.16945017,78.15542888,17.98597871
41,328.0,12028.0,Innovation Health Insurance Company,VA,8970576.3,-10851778.45,No,-656684.17,250797.0,49013.0,77956385.43,65164565.2,310.83460099999996,259.829923,-43.26917168,51.00467801,7.735506326,Innovation Health Insurance Company,VA,9720705.61,-9421914.58,No,2094829.83,458023.0,120595.0,142090442.7,118565881.9,310.22556230000004,258.86447169999997,-20.57083286,51.361090600000004,30.79025774,Innovation Health Insurance Company,VA,9072744.96,-39102743.29,No,-3471411.72,684153.0,116889.0,206541369.6,195031076.9,301.8935378,285.0693878,-57.15496868,16.82415001,-40.33081868
42,261.0,82483.0,North Shore-LIJ Insurance Company Inc,NY,5663264.35,434621.91,No,-735698.81,91082.0,12221.0,38127866.0,42091418.0,418.61032919999997,462.12663310000005,4.771765113,-43.51630399,-38.74453888,North Shore-LIJ Insurance Company Inc.,NY,8737682.64,2282312.43,No,-13302063.81,189964.0,114883.0,76546973.0,82818832.0,402.9551547,435.9711945,12.01444711,-33.01603988,-21.00159278,North Shore-LIJ Insurance Company Inc,NY,6258273.72,-19781114.37,No,-111975778.7,348875.0,739189.0,143377159.5,163481023.8,410.97000210000004,468.5948371,-56.69971872,-57.62483497,-114.3245537
44,354.0,19636.0,"HMO Louisiana, Inc.",LA,11532268.15,-12245987.34,No,-674763.59,337975.0,562886.0,124336446.0,107922906.0,367.8865182,319.322157,-36.23341176,48.56436127,12.33094951,"HMO Louisiana, Inc.",LA,18992557.99,-30654005.69,No,-1581186.14,599791.0,532442.0,224819726.0,202707594.0,374.8301092,337.96371400000004,-51.10781204,36.86639513,-14.24141691,"HMO Louisiana, Inc.",LA,11110876.79,-46288576.05,No,-1630163.09,830256.0,454954.0,337103824.0,287937814.0,406.0239541,346.8060622,-55.75217288,59.21789183,3.465718947
45,302.0,64844.0,Aetna Health Inc. (a PA corp.),PA,1280386.05,-1144736.65,No,-3059493.02,187327.0,987408.0,61051891.6,51999516.87,325.91079560000003,277.5868768,-6.1109004570000005,48.32391876,42.213018299999995,Aetna Health Inc. (a PA corp.),PA,6959835.96,-25852344.53,No,-1628024.96,324022.0,619199.0,105458417.2,77700405.68,325.46684239999996,239.79978419999998,-79.78576927,85.66705816,5.881288894,Aetna Health Inc. (a PA corp.),PA,12886104.3,-31760032.8,No,-5577917.84,577236.0,476025.0,202395529.6,194599036.8,350.6287369,337.1221421,-55.02088019,13.50659488,-41.51428532
47,304.0,31616.0,Medica Insurance Company,MN,8295441.04,-11637872.8,No,-4213354.17,271330.0,551537.0,62080064.95,48327689.36,228.799119,178.11406540000002,-42.89195002,50.68505359,7.793103564,Medica Insurance Company,MN,4415250.76,-5042829.16,No,9261067.53,138388.0,192529.0,36796777.05,35785272.13,265.8957211,258.5865258,-36.4397864,7.309195306,-29.13059109,Medica Insurance Company,MN,1837669.52,-5073958.4,No,9613665.25,94007.0,160705.0,28906770.34,26696904.84,307.49593480000004,283.98847789999996,-53.97426149,23.50745689,-30.466804600000003
48,225.0,72547.0,Aetna Life Insurance Company,IL,917024.2,125878.03,No,-719734.14,91336.0,262696.0,26015250.74,22909464.09,284.8301955,250.826225,1.3781863669999999,34.0039705,35.38215687,Aetna Life Insurance Company,IL,814606.14,-670691.43,No,-1111838.73,36698.0,185509.0,12785277.03,10256028.67,348.391657,279.4710521,-18.27596681,68.92060494,50.64463813,Aetna Life Insurance Company,IL,2158123.97,-7044744.34,No,1102953.11,133414.0,151583.0,51205144.74,44699309.22,383.80638270000003,335.0421187,-52.80363635,48.76426402,-4.03937233
52,188.0,56503.0,"Florida Health Care Plan, Inc.",FL,3957217.77,4718787.44,No,-69476.1,43790.0,63494.0,18256065.08,22655624.43,416.90032149999996,517.3698203,107.7594757,-100.4694987,7.289976935,"Florida Health Care Plan, Inc.",FL,2186051.19,2314125.36,No,528571.04,37045.0,59053.0,18538858.37,20950336.53,500.44158110000006,565.5374957,62.46795411,-65.0959147,-2.627960588,"Florida Health Care Plan, Inc",FL,3533832.47,-11167504.61,No,-790753.33,219946.0,56243.0,86352286.73,77817714.88,392.6067613,353.80372860000006,-50.77384726,38.80303279,-11.97081447
54,136.0,30613.0,Humana Insurance Company,MO,2155537.32,-545487.55,No,1697620.38,36575.0,163714.0,8745971.2,9764057.32,239.124298,266.959872,-14.91421873,-27.83557403,-42.74979275,Humana Insurance Company,MO,4910519.65,-188325.95,No,-3938829.87,85368.0,182866.0,26388328.34,32700323.22,309.1126457,383.0512981,-2.206048519,-73.93865242,-76.14470094,Humana Insurance Company,MO,2133913.47,-10432560.76,No,-6322781.87,208756.0,180124.0,73674052.39,56146377.61,352.9194485,268.9569527,-49.97490257,83.96249583,33.98759327
55,341.0,94815.0,"ConnectiCare Insurance Company, Inc. **",CT,13127918.24,-10948959.34,No,-7957364.87,263102.0,640290.0,94374795.0,81056000.0,358.700409,308.0782358,-41.61488449,50.62217315,9.007288656,"ConnectiCare Insurance Company, Inc.",CT,17822555.02,-26170707.17,No,-10932640.17,482538.0,790744.0,169320298.0,166089425.7,350.8952621,344.1996811,-54.23553621,6.695581073,-47.53995513,"ConnectiCare Insurance Company, Inc.",CT,11523325.35,-25322894.3,No,-3713490.75,515079.0,665995.0,193570640.1,205709363.6,375.8076724,399.3743942,-49.16312702,-23.5667218,-72.72984882
57,171.0,25896.0,Wellmark Health Plan of Iowa,IA,782563.16,-2547979.51,No,501033.39,81794.0,227104.0,14314445.0,11937232.0,175.00605180000002,145.9426364,-31.15117869,29.06341541,-2.087763283,Wellmark Health Plan of Iowa,IA,1964191.81,-4391485.66,No,-1170299.82,121898.0,253629.0,25305558.0,32017398.0,207.5961706,262.6572872,-36.02590412,-55.06111667,-91.08702079,"Wellmark Health Plan of Iowa, Inc",IA,809644.81,-5781185.31,No,-3821568.7,118692.0,292119.0,35006962.0,27118538.0,294.9395241,228.47822940000003,-48.70745552,66.46129478,17.75383926
59,107.0,74313.0,Paramount Insurance Company,OH,1327983.05,-389493.94,No,-528876.15,15159.0,123962.0,6194037.0,6711129.0,408.60459130000004,442.7158124,-25.69390725,-34.11122106,-59.80512831,Paramount Insurance Company,OH,1272564.12,-580499.95,No,-264272.01,33167.0,119621.0,12165663.0,11503977.0,366.80022310000004,346.850092,-17.50233515,19.95013115,2.447796002,Paramount Insurance Company,OH,885793.2,-2330312.51,No,1133285.63,48824.0,119125.0,18375620.0,16605362.0,376.36449289999996,340.106546,-47.72883234,36.25794691,-11.47088543
60,249.0,67243.0,"Vantage Health Plan, Inc.",LA,5014154.17,-416149.3,No,-195880.47,80242.0,14426.0,33314451.0,29302045.98,415.1747339,365.1709327,-5.186178061000001,50.00380125,44.81762319,"Vantage Health Plan, Inc.",LA,2858301.9,-261974.85,No,-33096.77,84352.0,15385.0,36491283.0,35727199.9,432.60720549999996,423.54893660000005,-3.105733711,9.058268921,5.95253521,Vantage Health Plan,LA,3635462.07,-9974637.2,No,206362.72,216688.0,12090.0,97491963.0,88410665.0,449.91860650000007,408.0090499,-46.03225467,41.9095566,-4.1226980730000005
62,435.0,57451.0,"Coventry Health Care of Florida, Inc.",FL,63556095.78,-160958367.1,No,90797.9,2194518.0,229598.0,632137574.4,505332831.5,288.0530369,230.2705339,-73.34565818,57.78250299,-15.56315519,"Coventry Health Care of Florida, Inc.",FL,56919893.68,-110567546.0,No,973155.25,2827355.0,128894.0,798433547.1,727386476.9,282.3959309,257.2674733,-39.10635417,25.12845759,-13.97789659,"Coventry Health Care of Florida, Inc.",FL,28788522.6,-112203006.2,No,-13019.42,2554014.0,66394.0,866170700.0,721852379.9,339.14093660000003,282.6344648,-43.93202473,56.50647181,12.57444709
63,231.0,38927.0,Aetna Health of Utah Inc.,UT,3138343.27,-1640855.99,No,347136.03,142404.0,419799.0,27872977.89,26503726.2,195.7317062,186.1164448,-11.52254143,9.615261439,-1.9072799919999999,Altius Health Plans Inc.,UT,2271988.13,-3519378.66,No,-991146.89,131934.0,275220.0,28394641.19,27965900.91,215.21852740000003,211.96887009999998,-26.67529719,3.249657253,-23.42563994,Altius Health Plans Inc.,UT,633404.46,-2076263.76,No,-1421968.44,49789.0,140672.0,13206793.47,12018181.51,265.2552465,241.3822634,-41.70125449,23.87298319,-17.8282713
69,286.0,85804.0,LifeWise Health Plan of Oregon,OR,8722377.76,2582812.5,No,550216.1,200231.0,124411.0,50863793.0,58185588.0,254.02556549999997,290.5923059,12.89916397,-36.56674041,-23.66757645,Life Wise Health Plan of Oregon,OR,17015844.5,-19940058.64,No,-1675210.84,491563.0,112496.0,129662987.0,153472918.0,263.7769462,312.21413739999997,-40.56460441,-48.43719116,-89.00179558,Lifewise Health Plan of Oregon,OR,4373110.76,-7611069.39,No,-756294.72,202446.0,92253.0,72185965.0,75936508.0,356.5689863,375.0951266,-37.59555333,-18.5261403,-56.12169364
70,340.0,18628.0,Aetna Health Inc. (a FL corp.),FL,1205126.79,-525058.02,No,389940.41,404615.0,883049.0,93742793.82,71993704.55,231.6839312,177.9313781,-1.297673146,53.75255309,52.45487995,Aetna Health Inc. (a FL corp.),FL,10360565.46,-28025200.75,No,5437975.83,485275.0,824836.0,153265045.8,124845466.8,315.8313241,257.26746030000004,-57.75117356,58.56386379,0.812690227,Aetna Health Inc. (a FL corp.),FL,6467391.19,-19679828.24,No,6118081.67,524977.0,545041.0,187980194.5,148120335.6,358.0732003,282.14633330000004,-37.48702941,75.92686708,38.43983767
73,126.0,37001.0,Humana Insurance Company,GA,1866817.18,2184957.04,No,721767.42,28543.0,8348.0,7751973.47,8576659.711000001,271.5893028,300.48206949999997,76.54966331,-28.89276674,47.65689658,Humana Insurance Company,GA,1390112.88,1622203.69,No,308751.17,15247.0,10003.0,6050468.51,8094148.9120000005,396.8300984,530.8682962,106.3949426,-134.03819779999998,-27.643255199999995,Humana Insurance Company,GA,0.0,-131960.47,No,644608.47,3794.0,8928.0,1389158.73,743344.81,366.14621239999997,195.9264128,-34.78135741,170.2197997,135.43844230000002
75,425.0,33871.0,"Keystone Health Plan East, Inc",PA,56237853.67,-61020486.2,No,-7900229.63,1365965.0,1427814.0,453789098.0,419745377.2,332.2113656,307.28853019999997,-44.67207154,24.92283536,-19.74923618,"Keystone Health Plan East, Inc.",PA,49296370.95,-12386830.58,No,-4106693.9,1291544.0,1448425.0,482068666.0,469929005.0,373.2498978,363.8505579,-9.590715129,9.39933986,-0.191375269,Keystone Health Plan East,PA,23860951.77,-53397058.27,No,-10258625.79,1592335.0,1418378.0,573518907.0,502166813.0,360.1747792,315.3650538,-33.53380932,44.80972534,11.27591602
80,133.0,45002.0,UnitedHealthcare Life Insurance Company,MI,1080097.07,-743360.22,No,-2483.96,28706.0,14.0,8580932.4,10001658.77,298.92469869999996,348.4170128,-25.89563924,-49.49231415,-75.38795339,United Healthcare Life Insurance Company,MI,1369709.18,358625.01,No,-62155.35,46145.0,425.0,14749675.81,16108348.77,319.6375731,349.08113060000005,7.771698125,-29.44355748,-21.67185936,UnitedHealthcare Life Insurance Company,MI,402490.39,-1058410.43,No,-1115.68,35903.0,5.0,12108813.3,10161339.15,337.2646659,283.0220079,-29.47972119,54.242658,24.762936800000002
86,196.0,96384.0,Cox Health Systems Insurance Company,MO,1265068.01,-173675.23,No,-164283.18,101891.0,22942.0,19336149.0,18647400.0,189.7728847,183.01322,-1.70451983,6.75966474,5.05514491,Cox Health Systems Insurance Company,MO,1954932.69,-1884389.93,Yes,-1229766.58,120726.0,31560.0,26708066.0,24317228.3,221.22878250000002,201.4249482,-15.60881608,19.8038343,4.195018223,Cox HealthPlans,MO,1399376.4,-3684258.43,Yes,-1394119.54,132265.0,40377.0,32195573.0,32947426.0,243.4171776,249.10162169999998,-27.85512743,-5.684444107999999,-33.53957154
87,162.0,15438.0,Coventry Health Care of Nebraska Inc.,NE,2189015.61,1102852.31,No,-43854.16,45293.0,127745.0,12389748.67,13137899.13,273.5466556,290.0646707,24.34928819,-16.51801515,7.831273044,Coventry Health Care of Nebraska Inc.,NE,19997409.37,-13630630.99,No,-516160.25,547175.0,131042.0,172505065.0,190002625.7,315.2648878,347.2428852,-24.91091696,-31.97799735,-56.88891431,Coventry Health Care of Nebraska Inc.,NE,10568365.68,-14085301.0,No,-511279.04,511508.0,38974.0,193428464.7,199607881.8,378.15335189999996,390.23413480000005,-27.53681467,-12.080782899999999,-39.61759757
89,125.0,29497.0,Aetna Life Insurance Company,DE,290104.21,-357373.55,No,-77166.51,37213.0,3228.0,7707729.93,5261689.08,207.12465890000001,141.393843,-9.603459812,65.73081584,56.12735603,Aetna Life Insurance Company,DE,983961.77,-1832345.1,No,-241246.17,23387.0,4936.0,8127670.65,7114111.22,347.5294245,304.19084189999995,-78.34887331,43.33858255,-35.01029076,Aetna Life Insurance Company,DE,1002995.37,-617987.08,No,-609891.66,22659.0,9415.0,9954488.68,11091264.04,439.3172108,489.48603380000003,-27.2733607,-50.16882298,-77.44218368
91,437.0,67138.0,"Health Net of California, Inc.",CA,48731305.15,-100186993.9,No,-3718209.96,2002237.0,2156540.0,653074515.0,476139478.0,326.17243360000003,237.80375550000002,-50.03752997,88.36867813,38.33114816,"Health Net of California, Inc.",CA,41900195.93,-125635855.9,No,-9525637.47,2736915.0,1788573.0,895993865.0,681419303.0,327.3736543,248.9734986,-45.90418625,78.40015565,32.49596939999999,"Health Net of California, Inc.",CA,24670172.12,-53862013.99,No,-41807057.69,2083374.0,1456517.0,732748701.6,608224981.5,351.7125113,291.9422924,-25.85326206,59.77021893,33.91695687
92,349.0,77606.0,"AmeriHealth HMO, Inc.",NJ,14451039.66,-24464783.28,No,-7051442.97,258158.0,512704.0,105618835.0,86780918.26,409.1247802,336.15428639999993,-94.76670597,72.97049381,-21.79621216,"AmeriHealth HMO, Inc.",NJ,8830357.66,-4859744.69,No,-14888625.2,179483.0,213554.0,84242801.0,80346158.0,469.3636779,447.6533041999999,-27.07635091,21.71037368,-5.365977223,AmeriHealth HMO,NJ,4743483.65,-4722553.93,No,-13205635.95,184270.0,206283.0,87727564.0,79753862.0,476.0816411,432.80980080000006,-25.62844701,43.27184023,17.64339323
93,124.0,31552.0,Aetna Life Insurance Company,TN,170438.32,-116538.47,No,-866977.39,29871.0,80172.0,7433918.94,6290052.82,248.8674279,210.5738951,-3.9013916510000004,38.29353286,34.39214121,Aetna Life Insurance Company,TN,76105.04,-112658.65,No,256967.28,15249.0,64634.0,4098764.87,2798856.85,268.78909239999996,183.5436324,-7.387936914,85.24546003,77.85752312,Aetna Life Insurance Company,TN,21837.26,-130203.17,No,-113561.26,5110.0,24444.0,1857278.33,1553781.03,363.45955580000003,304.0667378,-25.48007241,59.392818000000005,33.9127456
95,305.0,95865.0,"Health Plan of Nevada, Inc.",NV,5762413.99,-3030918.47,No,2092880.93,189134.0,214966.0,63247361.96,54264833.96,334.4050354,286.9121044,-16.02524385,47.49293094,31.46768709,"Health Plan of Nevada, Inc.",NV,8222371.58,230274.9,No,-166538.16,357716.0,201550.0,118703087.1,102375682.3,331.83611329999997,286.1926285,0.643736651,45.64348478,46.28722143,"Health Plan of Nevada, Inc.",NV,5618554.15,-13319421.75,No,-2436180.93,538785.0,208867.0,183216122.4,154780811.4,340.0542376,287.27750660000004,-24.72121858,52.77673098,28.0555124
96,320.0,83978.0,Aetna Life Insurance Company,GA,2623982.14,-500123.69,No,-3143639.65,325926.0,270504.0,71679839.36,65252933.38,219.9267299,200.2078183,-1.534470064,19.71891159,18.18444153,Aetna Life Insurance Company,GA,6808764.85,-14644018.02,No,3485222.28,248398.0,365173.0,80536607.95,68980935.36,324.22405960000003,277.703264,-58.95384834,46.52079562,-12.43305272,Aetna Life Insurance Company,GA,7209783.66,-7286899.98,No,11869948.22,294890.0,332786.0,113626086.8,108891922.4,385.31685310000006,369.2628519,-24.71056998,16.05400115,-8.656568822
99,339.0,18973.0,Coventry Health Care of Iowa Inc.,IA,13395052.4,-9236606.28,No,-142786.86,363736.0,73989.0,90284473.3,115208838.0,248.2142909,316.7375184,-25.39370939,-68.52322756,-93.91693695,Coventry Health Care of Iowa Inc.,IA,23503386.5,-10780079.07,No,459305.01,616196.0,44953.0,201598194.8,218553382.6,327.1656986,354.681599,-17.49456191,-27.51590046,-45.01046237,Aetna Health Inc. (a IA corp.),IA,8633362.73,-10630845.15,No,-547628.54,473825.0,38670.0,180042572.3,176259533.9,379.97693730000003,371.9928959,-22.43622677,7.984041365,-14.45218541
101,324.0,99308.0,"Humana Health Insurance Co of FL, Inc.",FL,547055.66,185940.22,No,-116650.43,332719.0,7632.0,74908404.3,58260377.32,225.14014619999998,175.1038484,0.558850622,50.03629784,50.59514846,"Humana Health Insurance Co of FL, Inc.",FL,1206801.28,-2261208.38,No,-124082.7,231548.0,7886.0,60196665.78,44044679.38,259.9748898,190.21835380000002,-9.765613955,69.75653601,59.99092206,"Humana Health Insurance Co of FL, Inc.",FL,380796.07,-2944845.74,No,-110820.97,137234.0,6407.0,38957988.65,28694534.48,283.88000530000005,209.09202150000002,-21.45857251,74.78798381,53.329411300000004
104,329.0,48396.0,Anthem Health Plans of ME(Anthem BCBS),ME,5456360.21,363457.73,No,2604015.24,220640.0,283531.0,78176738.09,75661991.76,354.318066,342.92055730000004,1.647288479,11.39750875,13.04479723,Anthem Health Plans of ME(Anthem BCBS),ME,6658488.7,-3917017.08,No,688516.26,260198.0,210436.0,93504165.99,86563583.55,359.35774289999995,332.6835085,-15.05398612,26.67423439,11.62024827,Anthem Health Plans of ME(Anthem BCBS),ME,3475090.31,-5023772.82,No,1897677.07,254456.0,197157.0,99697787.66,95569087.51,391.8075725,375.5819769,-19.74318868,16.22559558,-3.517593101
107,411.0,49046.0,"Blue Cross Blue Shield Healthcare Plan of Georgia, Inc.",GA,34663581.85,-3958982.3,No,2304375.99,1094274.0,1401272.0,313627768.0,267903151.0,286.608078,244.82273270000002,-3.617907672,41.78534535,38.16743768,"Blue Cross Blue Shield Healthcare Plan of Georgia, Inc.",GA,31999615.68,-15389290.74,No,2806937.56,1329937.0,1292437.0,388444221.1,358677256.3,292.07715939999997,269.69492260000004,-11.57144341,22.38223675,10.81079334,"Blue Cross Blue Shield Healthcare Plan of Georgia, Inc.",GA,31779370.22,-26403372.35,No,1830323.65,1510064.0,688675.0,551320906.2,520906806.4,365.09770860000003,344.9567743,-17.48493597,20.14093429,2.655998322
111,230.0,28162.0,AultCare Insurance Company,OH,3286427.05,-174769.08,No,382.29,96734.0,305433.0,27420415.0,25291402.49,283.4620196,261.4530826,-1.806697542,22.00893698,20.20223944,AultCare Insurance Company,OH,2358684.92,-246739.17,No,-514739.16,94212.0,301024.0,31591227.41,26237396.03,335.32063230000006,278.4931434,-2.618978156,56.82748885,54.208510700000005,AultCare Insurance Company,OH,1136982.67,-1545137.86,No,79069.87,95298.0,272863.0,36399127.0,29085428.0,381.95058660000007,305.20502,-16.21374908,76.74556654,60.53181746
112,348.0,55957.0,"First Priority Life Insurance Company, Inc.",PA,19949105.81,585146.21,No,1050494.99,335976.0,500708.0,105525704.0,128600880.0,314.08702999999997,382.7680549,1.74163098,-68.68102484,-66.93939386,"First Priority Life Insurance Company, Inc.",PA,22715787.15,-3237217.38,No,-305360.64,470448.0,468163.0,168011577.0,210195605.0,357.1310262,446.7988067,-6.881137511,-89.6677805,-96.54891801,First Priority Life Insurance Company,PA,10257016.46,-6653749.71,No,3259788.02,430439.0,429620.0,177443910.0,186950728.0,412.23938819999995,434.3257186000001,-15.45805494,-22.08633047,-37.54438541
113,264.0,60536.0,"Avera Health Plans, Inc.",SD,10895393.31,-1014430.34,No,-359596.3,109609.0,52252.0,39298032.76,57305594.51,358.5292518,522.8183316000001,-9.254991287000001,-164.28907980000002,-173.5440711,"Avera Health Plans, Inc.",SD,7492141.61,3672370.39,No,-81015.67,139552.0,48369.0,44433569.0,69065181.0,318.4015206,494.90642199999996,26.31542644,-176.5049014,-150.189475,"Avera Health Plans, Inc.",SD,5852231.13,-4206700.98,No,791931.37,282010.0,51732.0,102585338.0,109001581.0,363.76489489999994,386.5167228,-14.916850400000001,-22.75182795,-37.66867834
114,89.0,98905.0,CommunityCare HMO Inc.,OK,424071.17,823116.3,No,-1245374.77,17942.0,141504.0,4191506.0,4445552.0,233.61420130000002,247.7734924,45.87650764,-14.15929105,31.71721659,Community Care HMO Inc.,OK,919447.27,1755937.92,No,-1588829.22,27269.0,154716.0,7749880.0,9761451.0,284.20110750000003,357.9687924,64.3931908,-73.76768492,-9.374494113999999,CommunityCare HMO Inc.,OK,442540.07,-358787.81,No,-6934924.82,24262.0,194283.0,6991090.0,6324078.0,288.1497816,260.65773640000003,-14.78805581,27.49204517,12.70398937
116,246.0,66105.0,Humana Insurance Company,AZ,1328793.1,1164384.91,No,27209.69,180110.0,70211.0,31945882.48,27091713.83,177.36873290000003,150.4175994,6.464854311,26.95113347,33.41598779,Humana Insurance Company,AZ,1778440.1,689053.89,No,900266.16,54591.0,53171.0,15798846.0,12122248.97,289.4038578,222.0558145,12.62211518,67.34804327,79.97015845,Humana Insurance Company,AZ,2656508.48,-1311469.26,No,-1065223.04,97980.0,43082.0,28240828.17,30256833.69,288.23053860000005,308.8062226,-13.38507103,-20.57568402,-33.96075505
117,204.0,16698.0,Prominence HealthFirst,NV,3231609.73,542628.0,No,-844787.93,41120.0,83744.0,20905855.0,20058272.0,508.4108706,487.79844360000004,13.19620623,20.61242704,33.80863327,Prominence Health First,NV,2492308.28,3206374.59,No,-1767200.16,40064.0,68033.0,17990277.0,20894048.56,449.0384635,521.5167871,80.03131465,-72.47832368,7.552990964,Prominence HealthFirst,NV,2283593.67,-1517979.46,No,-2389813.59,113507.0,119288.0,45301684.0,38199147.38,399.1091651,336.5356091,-13.37344358,62.57355599,49.20011242
121,322.0,10207.0,"CareFirst BlueChoice, Inc.",VA,11321522.36,-6283212.33,No,-4403583.34,258022.0,398671.0,73447699.25,70625508.48,284.6567318,273.71894060000005,-24.35145968,10.93779123,-13.41366845,"CareFirst Blue Choice, Inc.",VA,9093733.33,-4690047.91,No,-4863412.73,291585.0,450153.0,88246618.16,84564349.17,302.6445742,290.016116,-16.08466797,12.62845822,-3.45620975,CareFirst BlueChoice,VA,3834092.16,-2023576.08,No,-4478166.05,215594.0,461822.0,72803015.0,76863811.74,337.6857195,356.5211079,-9.386050076,-18.83538846,-28.22143854
125,409.0,26065.0,Blue Cross and Blue Shield of South Carolina,SC,22076003.24,6653943.39,No,-254611.31,936558.0,823623.0,295301129.0,254980986.0,315.3046891,272.2532785,7.104678397000001,43.05141059,50.15608899,Blue Cross and Blue Shield of South Carolina,SC,26799911.31,8615922.98,No,2446555.38,1019835.0,805213.0,355349837.0,335721470.0,348.4385582,329.1919477,8.448349959,19.24661048,27.69496044,Blue Cross and Blue Shield of South Carolina,SC,23566473.38,-13226650.55,No,5890942.63,1645277.0,798195.0,640755819.4,640628072.5,389.451636,389.37399139999997,-8.039163345,0.077644615,-7.961518729
127,306.0,99663.0,"Coventry Health Care of Virginia, Inc",VA,11965740.5,2743889.18,No,-2031737.44,230418.0,278477.0,64730853.85,69703444.71,280.92793900000004,302.50867860000005,11.9083109,-21.58073961,-9.672428717,"Coventry Health Care of Virginia, Inc.",VA,14307294.04,1027646.58,No,-9528358.12,507146.0,329571.0,143754585.8,143169176.9,283.45799,282.3036698,2.026332811,1.154320255,3.180653066,"Coventry Health Care of Virginia, Inc",VA,8254650.15,-3220691.27,No,-1048188.41,483242.0,16753.0,157523774.4,170119783.1,325.972855,352.03848819999996,-6.664758589,-26.06563316,-32.73039175
130,263.0,66083.0,"Humana Health Plan of Ohio, Inc.",OH,8894210.03,-6379256.85,No,683165.75,127142.0,337804.0,38643605.76,47386987.32,303.9405213,372.7091545,-50.17426853,-68.76863318,-118.9429017,"Humana Health Plan of Ohio, Inc.",OH,5155494.73,-1928407.65,No,-2483141.65,113702.0,337779.0,37209008.31,40856750.46,327.2502534,359.331854,-16.96019111,-32.08160059,-49.041791700000005,"Humana Health Plan of Ohio, Inc.",OH,1676810.6,-415576.63,No,-3325716.01,79134.0,282163.0,27809359.49,27429005.53,351.4211273,346.614673,-5.251555968,4.806454369,-0.4451016
131,403.0,28137.0,"CareFirst BlueChoice, Inc.",MD,33674052.57,-12598519.03,No,-4834145.8,1045638.0,1947671.0,264744175.9,273475415.0,253.1891304,261.5392851,-12.04864306,-8.350154737999999,-20.3987978,"CareFirst Blue Choice, Inc.",MD,59885149.52,-16434375.57,No,6517475.95,1994245.0,1797148.0,542184203.8,550886744.5,271.8744205,276.2382478,-8.240900977999999,-4.363827263,-12.60472824,CareFirst BlueChoice,MD,30916285.31,-9848840.41,No,-6824378.98,1953448.0,1772790.0,595957605.8,620150404.6,305.0798413,317.4645061,-5.041772502,-12.38466486,-17.42643736
132,219.0,60156.0,"HMO Colorado, Inc., dba HMO Nevada",NV,4285648.85,-4049114.37,No,-140898.78,72009.0,6337.0,24105673.82,18526521.51,334.75918039999993,257.2806387,-56.23067075,77.47854171,21.24787096,HMO Colorado Inc. dba HMO NV(Anthem BCBS),NV,5077744.17,-8860894.35,No,-27406.0,163550.0,2284.0,52492039.02,39126115.86,320.9540753,239.2303018,-54.17850413,81.72377352,27.545269399999995,HMO Colorado Inc(Anthem BCBS),NV,2165656.09,-491903.28,No,-178229.69,104620.0,3458.0,37744931.8,31022210.14,360.7812254,296.5227503,-4.701809214,64.25847505,59.55666584
134,52.0,16322.0,"UPMC Health Options, Inc.",PA,24575.39,-3587.19,No,3575646.12,7694.0,1607798.0,2395450.0,4487507.78,311.34000519999995,583.2476968999999,-0.466232129,-271.9076917,-272.3739238,"UPMC Health Options, Inc.",PA,17829957.2,-3105783.44,No,5913428.11,630940.0,1517618.0,170872680.9,215887269.2,270.8223934,342.1676692,-4.922470346,-71.34527578,-76.26774612,UPMC Health Options,PA,18516908.47,-5211297.35,No,12239314.33,1322261.0,1436131.0,409160383.5,470210509.0,309.4399544,355.61096410000005,-3.941201737,-46.17100973,-50.11221147
135,418.0,44240.0,Coventry Health and Life,MO,36558693.78,-16394921.63,No,308569.39,1281780.0,469773.0,352041892.0,390260376.3,274.6507919,304.4675188,-12.79074539,-29.81672697,-42.60747237,Coventry Health and Life,MO,31011926.25,-20980901.39,No,-233857.65,1752758.0,360569.0,534928354.9,554088580.7,305.1923625,316.123835,-11.97022144,-10.93147246,-22.901693899999998,Coventry Health and Life,MO,12224324.59,-4108462.62,No,-25221.44,1195467.0,280485.0,462009094.1,493023312.0,386.46745919999995,412.4106412,-3.436700988,-25.94318195,-29.37988294
138,415.0,30252.0,"Health Options, Inc.",FL,61800974.07,32115302.73,No,-1315788.63,866970.0,491056.0,342910967.3,389540888.0,395.5280659,449.31299580000007,37.04315343,-53.78492993,-16.7417765,"Health Options, Inc.",FL,49987278.15,81745567.9,No,-4176090.84,1110889.0,496403.0,481493023.5,549283125.5,433.4303639,494.45365419999996,73.5857209,-61.02329036,12.56243054,"Health Options, Inc.",FL,38308523.89,-6728057.44,No,-14039797.34,2717429.0,576529.0,1038344661.0,1055850578.0,382.1055347,388.5476228,-2.475890792,-6.4420880910000005,-8.917978884
139,417.0,32753.0,Healthy Alliance Life Co(Anthem BCBS),MO,31718277.28,-5335441.08,No,-3154909.68,1207878.0,1313809.0,344950109.3,306199466.2,285.5835683,253.5019813,-4.417201969,32.08158696,27.664385,Healthy Alliance Life Co(Anthem BCBS),MO,19470609.22,7298221.08,No,5340341.52,1037701.0,1093732.0,337688912.1,277405688.6,325.4202435,267.3271863,7.033067406,58.09305715,65.12612456,Healthy Alliance Life Co(Anthem BCBS),MO,13135205.16,-2324559.37,No,2366744.33,1093488.0,1008598.0,406461787.7,332851974.2,371.71124669999995,304.3947206,-2.125820649,67.31652611,65.19070546
142,370.0,96751.0,Matthew Thornton Hlth Plan (Anthem BCBS),NH,15647565.3,-5300321.87,No,182178.31,389176.0,553020.0,147211030.0,110413843.2,378.26338210000006,283.71185069999996,-13.61934413,94.55153144,80.93218731,Matthew Thornton Hlth Plan(Anthem BCBS),NH,8351137.21,156537.94,No,1480182.4,359424.0,436267.0,125557357.0,90778872.65,349.3293631,252.56764339999998,0.43552445,96.76171972,97.19724417,Matthew Thornton Hlth Plan(Anthem BCBS),NH,6413731.87,-454944.09,No,2396638.59,382940.0,334289.0,143124816.2,139348488.0,373.7525884,363.89117880000003,-1.1880296909999999,9.86140962,8.673379929
143,78.0,58326.0,"MercyCare HMO, Inc.",WI,1158384.25,553470.57,No,176359.16,7914.0,40296.0,3483939.53,5994594.09,440.2248585,757.4670318,69.93562926,-317.24217339999996,-247.30654410000002,"Mercy Care HMO, Inc.",WI,1039637.7,686857.72,No,224237.16,10511.0,17819.0,5800173.0,8315467.52,551.8193321,791.1204947000001,65.34656265,-239.30116260000003,-173.9545999,"MercyCare HMO, Inc.",WI,216322.43,-14819.28,No,405777.06,15670.0,18343.0,7035331.83,6227139.75,448.96820870000005,397.3924537,-0.9457102740000001,51.57575495,50.63004467
144,432.0,35783.0,"Humana Medical Plan, Inc.",FL,119899412.3,-80860989.32,No,-6552473.44,1990616.0,764794.0,614620857.2,646221477.6,308.7591264,324.6339212,-40.62108881,-15.87479474,-56.49588355,"Humana Medical Plan, Inc.",FL,136834264.8,-135056370.8,No,-11511826.07,3470273.0,851617.0,1188746061.0,1144224614.0,342.55116560000005,329.7217867,-38.91808247,12.82937884,-26.08870363,"Humana Medical Plan, Inc.",FL,73556881.87,-1588085.51,No,-8475356.54,2637265.0,556617.0,1022259090.0,1117504369.0,387.6209217,423.73609360000006,-0.602171382,-36.11517197,-36.71734335
146,390.0,11721.0,Blue Cross & Blue Shield of Mississippi,MS,6452872.9,4539847.85,No,356245.91,764940.0,807922.0,190851063.0,177216259.0,249.49808219999997,231.673411,5.934907117000001,17.82467122,23.75957833,Blue Cross & Blue Shield of Mississippi,MS,8234968.46,2213375.4,No,27685.38,793293.0,816408.0,227165202.0,207890018.0,286.35725010000004,262.0595644,2.790110842,24.29768572,27.08779656,Blue Cross Blue Shield of Mississippi,MS,4413878.6,-14760.32,No,-241806.75,718574.0,871515.0,225227066.0,198347078.0,313.4361471,276.028743,-0.020541127,37.40740411,37.38686298
148,350.0,33906.0,Aetna Life Insurance Company,PA,2951625.54,-67222.42,No,-382153.41,542601.0,78728.0,107410604.0,98689530.82,197.9550425,181.88232390000002,-0.12388923,16.07271859,15.94882936,Aetna Life Insurance Company,PA,4647588.91,-9332073.48,No,-361486.58,217406.0,107344.0,65677880.61,54041189.78,302.097829,248.5726695,-42.924636299999996,53.52515952,10.60052321,Aetna Life Insurance Company,PA,0.0,-64.1,No,-835761.71,3432.0,126042.0,1257596.17,1435338.08,366.4324505,418.22205130000003,-0.018677156,-51.78960082,-51.80827797
149,289.0,25768.0,"Group Health Options, Inc.",WA,9932982.42,-1364790.9,No,997685.2,166734.0,79175.0,52360996.0,43701177.0,314.0391042,262.10117310000004,-8.185438482999999,51.93793108,43.75249259,"Group Health Options, Inc.",WA,5545446.72,84523.22,No,734961.44,105901.0,52334.0,37454117.04,36403961.6,353.6710422,343.7546539,0.798134295,9.916388325,10.71452262,"Group Health Options, Inc.",WA,3338075.15,2005.97,No,-5031843.29,145100.0,258240.0,48929244.58,57938583.53,337.21050710000003,399.30105810000003,0.013824742,-62.090551,-62.07672626
151,157.0,19968.0,Humana Insurance Company,KS,385045.35,97760.97,No,-291686.41,65146.0,183283.0,11305627.63,9476517.522,173.54292869999998,145.46583859999998,1.500644245,28.07709004,29.57773429,Humana Insurance Company,KS,639450.47,129998.03,No,453059.45,52893.0,210867.0,10922316.9,11120538.07,206.49834380000001,210.2459318,2.457754901,-3.7475879610000002,-1.289833059,Humana Insurance Company,KS,0.0,1652.45,No,2126319.62,24433.0,214049.0,4799724.78,2746896.52,196.444349,112.42567509999999,0.067631891,84.01867392,84.08630582
152,175.0,62210.0,"South Dakota State Medical Holding Company, Inc.",SD,251215.94,112428.12,No,-2099623.45,56085.0,142243.0,15590124.0,12717543.0,277.97314789999996,226.75480069999998,2.0046023,51.21834715,53.22294945,DAKOTACARE,SD,9167019.56,-2809177.34,No,-1242844.35,154506.0,141466.0,45750926.0,72189787.0,296.11099889999997,467.2296675,-18.18167152,-171.1186685,-189.30034009999997,"South Dakota State Medical Holding Company, Inc.",SD,258116.34,30568.28,No,-1768952.72,26411.0,120290.0,9003556.0,8825749.0,340.9017455,334.169437,1.157407141,6.732308507999999,7.889715648999999
153,377.0,91716.0,Aetna Life Insurance Company,TX,14609683.22,7355591.68,No,-2896197.55,503421.0,988673.0,152897435.4,143561183.0,303.7168402,285.1712245,14.61121344,18.5456157,33.15682914,Aetna Life Insurance Company,TX,19077598.96,-10218459.31,No,4559477.87,562121.0,762695.0,175730854.8,170561451.5,312.6210456,303.42479910000003,-18.17839809,9.196246537999999,-8.982151547,Aetna Life Insurance Company,TX,22268041.61,2187611.73,No,7021712.97,983046.0,368909.0,347839204.3,383004577.2,353.8381767,389.61002560000003,2.225340147,-35.77184882,-33.54650868
154,148.0,58564.0,Physicians Plus Insurance Corporation,WI,140156.72,556347.7,No,-104807.25,41406.0,179478.0,10327768.0,11704591.0,249.42684640000002,282.67862149999996,13.43640294,-33.25177511,-19.81537217,Physicians Plus Insurance Corporation,WI,166156.71,175983.58,No,-629677.53,31587.0,188864.0,9953281.0,9656285.0,315.10687939999997,305.7044037,5.571392662,9.402475702,14.97386836,Physicians Plus,WI,86662.36,66070.22,No,109919.09,28030.0,112734.0,9684500.24,8602133.78,345.5048248,306.8902526,2.357125223,38.61457224,40.97169747
155,272.0,49532.0,"BlueChoice HealthPlan of South Carolina, Inc.",SC,4157250.97,1402397.69,No,-182715.35,159284.0,226624.0,42995084.0,38950555.0,269.9271992,244.53526409999998,8.804385186000001,25.39193516,34.19632035,"Blue Choice Health Plan of South Carolina, Inc.",SC,18814117.01,3622506.76,No,-3934492.42,544809.0,244524.0,189594963.0,211322829.0,348.00262660000004,387.8842475,6.649131641,-39.881620899999994,-33.23248926,"BlueChoice HealthPlan of South Carolina, Inc.",SC,23997367.97,4289951.73,No,-5221980.6,1227501.0,345943.0,479156919.0,558511625.0,390.3515508,454.9989165,3.4948661789999997,-64.64736566,-61.15249948
157,258.0,99791.0,Humana Insurance Company,IN,15014843.87,12712802.22,No,28264.72,117992.0,143300.0,35065382.65,52271674.78,297.18440780000003,443.0103293000001,107.7429166,-145.82592150000002,-38.08300486,Humana Insurance Company,IN,9599228.21,8411678.81,No,-627510.77,105258.0,150375.0,36172211.59,57228856.87,343.6528491,543.7007816,79.91486452,-200.0479325,-120.133068,Humana Insurance Company,IN,6361.47,122433.72,No,1168984.38,28330.0,115374.0,5643355.52,4911117.86,199.20068899999998,173.35396609999998,4.321698553,25.84672291,30.16842146
158,303.0,20129.0,"Health Alliance Medical Plans, Inc.",IL,4523529.04,2597374.35,No,-998963.73,200255.0,251994.0,61942668.0,64550679.0,309.3189583,322.34240839999995,12.97033457,-13.0234501,-0.053115527999999995,"Health Alliance Medical Plans, Inc.",IL,9489886.93,-1326442.96,No,-1104554.13,275330.0,221076.0,92073345.0,102635610.0,334.4108706,372.7730723,-4.8176477680000005,-38.36220172,-43.17984949,"Health Alliance Medical Plans, Inc.",IL,10389731.85,1925800.26,No,572733.12,440156.0,184877.0,179542056.0,213806409.0,407.9055062,485.7514359,4.375267542,-77.84592962,-73.47066208
159,214.0,52664.0,"Summa Insurance Company, Inc.",OH,4527307.52,-360679.09,No,1182289.72,71873.0,419640.0,23175839.0,22986321.0,322.45542830000005,319.8185828,-5.0182835,2.636845547,-2.3814379530000003,"Summa Insurance Company, Inc.",OH,2387747.27,35681.99,No,2820322.62,53021.0,375458.0,20259503.0,20052655.0,382.10337410000005,378.2021275,0.672978443,3.9012466760000004,4.574225118,"Summa Insurance Company, Inc.",OH,2018197.77,241239.17,No,1457619.05,52250.0,310061.0,20264605.0,22509348.0,387.83933010000004,430.8009187,4.617017608,-42.96158852,-38.34457091
160,307.0,82120.0,Humana Insurance Company,TN,7489285.27,275162.36,No,-1959826.68,297853.0,257648.0,65549030.12,69602919.01,220.0717472,233.68211499999998,0.923819334,-13.61036783,-12.6865485,Humana Insurance Company,TN,8501816.89,618404.6,No,-2645066.63,296844.0,343106.0,78246627.84,83685155.47,263.5951134,281.9162775,2.08326461,-18.32116408,-16.23789947,Humana Insurance Company,TN,6589586.31,1781992.58,No,307106.48,383931.0,298969.0,129383773.0,127426655.2,336.9974631,331.89988619999997,4.641439686,5.097576908,9.739016594
162,406.0,36239.0,Anthem Health Plans of KY(Anthem BCBS),KY,10851899.04,4889935.19,No,2798476.94,1016969.0,990852.0,276713823.7,219708615.8,272.0966162,216.0425891,4.8083424269999995,56.05402711,60.86236954,Anthem Health Plans of KY(Anthem BCBS),KY,15230315.39,3129303.34,No,4368115.21,1020298.0,809561.0,297745092.3,253014028.1,291.82169550000003,247.98051949999999,3.067048392,43.84117601,46.9082244,Anthem Health Plans of KY(Anthem BCBS),KY,18494891.83,6598201.98,No,7952464.11,1383489.0,745083.0,478743071.9,425408047.3,346.0403891,307.4892878,4.76924788,38.55110131,43.32034919
164,326.0,84670.0,"WPS Health Plan, Inc.",WI,20641930.66,6159459.81,No,-72821.47,211549.0,65263.0,77520118.0,108667711.0,366.44048419999996,513.6763161,29.11599587,-147.23583190000002,-118.119836,"WPS Health Plan, Inc.",WI,12630278.43,1825501.39,No,-1158565.4,215901.0,43139.0,88373512.0,114331132.0,409.32423660000006,529.5535083000001,8.455270656,-120.2292717,-111.77400109999999,"WPS Health Plan, Inc. - WI",WI,6591187.23,1171732.92,No,-1644601.65,205276.0,50887.0,99789965.0,110544386.0,486.1258257,538.5158811000001,5.70808531,-52.39005534,-46.68197003
166,446.0,27603.0,Blue Cross of California(Anthem BC),CA,401126393.3,-181692588.0,No,23364909.92,6902480.0,4307547.0,2473401722.0,2027689771.0,358.33522469999997,293.7624986,-26.32279818,64.57272618,38.249928000000004,Blue Cross of California (Anthem BC),CA,324481782.2,-26380560.05,No,98210694.17,7358067.0,3947887.0,2764613657.0,2568707977.0,375.72553460000006,349.1009224,-3.585256841,26.62461214,23.0393553,Blue Cross of California(Anthem BC),CA,210252593.5,49496966.88,No,216503893.6,7425788.0,4829405.0,2934404826.0,2952584864.0,395.1640992,397.61232939999996,6.665550764,-2.448230141,4.217320624
167,420.0,80627.0,Medical Mutual of Ohio,OH,36995018.15,9369568.4,No,1218032.8,1367356.0,3012271.0,365229244.0,363715144.9,267.10618450000004,265.9988656,6.85232551,1.107318869,7.959644378999999,Medical Mutual of Ohio,OH,28206438.29,6545046.13,No,4026922.8,1180859.0,2665189.0,346011949.3,348902504.4,293.01715889999997,295.465,5.542614427,-2.447841021,3.0947734060000003,Medical Mutual of Ohio,OH,18051088.44,7611488.99,No,9611713.69,1094601.0,2420973.0,369339159.2,371252404.8,337.4189857,339.1668789,6.953665299,-1.747893159,5.20577214
168,273.0,70525.0,"QCA Health Plan, Inc.",AR,4262438.76,-5943287.09,No,-55681.1,157507.0,188500.0,43191534.2,46343131.76,274.2197756,294.2290296,-37.73347908,-20.00925394,-57.74273302,"QCA Health Plan, Inc.",AR,10580046.0,6656762.38,No,-272007.5,324884.0,172403.0,115427342.7,148306395.3,355.2878649,456.49030210000006,20.48965902,-101.20243719999999,-80.71277816,QCA Health Plan INC,AR,5970119.58,2856187.95,No,-59363.91,396976.0,112358.0,134121060.4,193390442.4,337.85684879999997,487.1590283,7.19486304,-149.3021795,-142.1073164
173,275.0,46958.0,Humana Insurance Company,UT,4158821.94,2574546.01,No,-1107146.32,418934.0,89646.0,45384523.25,46358514.91,108.333349,110.6582777,6.145469239,-2.324928652,3.8205405860000003,Humana Insurance Company,UT,4094943.28,3170521.45,No,-414144.63,304972.0,59382.0,36091117.17,47593149.03,118.3423959,156.0574382,10.39610669,-37.71504223,-27.31893554,Humana Insurance Company,UT,602352.46,1967946.16,No,-513885.76,216590.0,28720.0,25777038.09,26458059.81,119.01305729999999,122.1573471,9.086043492,-3.144289764,5.941753727999999
175,410.0,88380.0,"HealthKeepers, Inc.",VA,53997035.62,-11644622.19,No,899569.67,891623.0,693806.0,296040848.4,297778427.2,332.02468799999997,333.97347,-13.06002895,-1.94878194,-15.00881089,"Health Keepers, Inc.",VA,77211953.05,-13597420.4,No,-2356689.22,2282806.0,598828.0,743404018.1,688877488.6,325.65361139999993,301.7678631,-5.956450263,23.88574829,17.92929802,"HealthKeepers, Inc(Anthem BCBS)",VA,49181314.31,22279438.04,No,765174.64,2325167.0,705645.0,841526146.6,857737862.5,361.92073369999997,368.89301389999997,9.58186575,-6.972280228,2.6095855219999997
178,191.0,62294.0,Humana Insurance Company,MI,698246.11,884115.01,No,-107913.09,101756.0,81670.0,18662585.78,14364555.98,183.4052614,141.166673,8.688578659,42.23858839,50.92716705,Humana Insurance Company,MI,1227648.12,-356523.02,No,-541342.84,33385.0,62952.0,10083892.39,6049813.101,302.04859639999995,181.2135121,-10.67913794,120.83508429999999,110.15594640000002,Humana Insurance Company,MI,597264.23,282976.78,No,-442791.4,28784.0,52331.0,9148102.29,9004530.18,317.8190067,312.831093,9.83104433,4.987913772,14.8189581
179,315.0,57173.0,"Presbyterian Health Plan, Inc.",NM,5508787.2,-2442724.87,No,748544.0,239794.0,103447.0,70489796.54,56088935.8,293.95980110000005,233.9046673,-10.18676393,60.05513374,49.86836981,Presbyterian Health Plan,NM,5375417.38,-2390195.41,No,620026.82,223887.0,88730.0,67521634.0,63807149.0,301.5880064,284.99711460000003,-10.67590083,16.59089183,5.9149910000000006,Presbyterian Health Plan,NM,6321646.56,3104066.63,No,-786361.4,305578.0,62198.0,104992337.0,121102498.0,343.5860468,396.3063375,10.15801736,-52.72029073,-42.56227336
185,359.0,79475.0,Compcare Health Serv Ins Co(Anthem BCBS),WI,21561323.02,-5890042.47,No,-663368.87,367520.0,514265.0,129839861.8,127342878.3,353.2865199,346.4923767,-16.02645426,6.794143176,-9.232311085,Compcare Health Serv Ins Co(Anthem BCBS),WI,11971973.11,9974580.81,No,-212388.05,255521.0,452760.0,98165560.27,102318346.9,384.178053,400.4302852,39.03624677,-16.25223222,22.78401454,Compcare Health Serv Ins Co(Anthem BCBS),WI,3715370.52,2548765.78,No,2150353.12,188376.0,286577.0,84411697.33,76242300.81,448.1021857,404.7346839,13.53020438,43.3675018,56.89770618
186,343.0,39159.0,Aetna Life Insurance Company,CT,5454083.6,2822391.74,No,2719970.89,394978.0,430042.0,98469600.06,92307381.1,249.304012,233.70258880000003,7.145693532,15.60142327,22.7471168,Aetna Life Insurance Company,CT,4544078.36,-621770.44,No,-610884.79,93291.0,433610.0,35918919.04,31853805.4,385.0201953,341.4456421,-6.664849127999999,43.57455317,36.90970404,Aetna Life Insurance Company,CT,1447448.75,789659.17,No,5293151.42,56861.0,402628.0,24941307.12,22355443.86,438.6364489,393.1595269,13.88753575,45.47692197,59.36445771
188,426.0,72160.0,Wellmark Inc.,IA,13566797.89,4605847.67,No,3535403.52,1679290.0,960142.0,468125938.0,429710822.0,278.7642027,255.88839449999998,2.7427351260000004,22.87580823,25.61854335,Wellmark Inc.,IA,15298546.8,16573829.24,No,3724624.74,1505991.0,1180164.0,466896242.0,470969260.0,310.02591780000006,312.7304612,11.00526447,-2.7045433869999997,8.30072108,"Wellmark, Inc",IA,10380245.12,18333352.61,No,4987083.29,1261457.0,1275866.0,442903170.0,439553282.0,351.104453,348.4488825,14.53347408,2.6555705030000003,17.18904458
197,179.0,35670.0,Coventry Health & Life Co.,IL,2168704.98,-2604833.08,No,-400513.48,64001.0,98945.0,16645122.0,13080518.26,260.0759676,204.3799044,-40.69988094,55.69606319,14.99618225,Coventry Health & Life Co.,IL,1886166.5,-644379.33,No,458501.8,80734.0,83079.0,21936657.94,17308858.94,271.715237,214.3936748,-7.9815112589999995,57.32156217,49.34005091,Coventry Health and Life,IL,2361904.97,2420350.88,No,359296.65,133442.0,64984.0,48085206.12,43289792.82,360.3453644,324.4090528,18.13784925,35.93631166,54.07416091
198,380.0,50305.0,Wellmark of South Dakota,SD,11018734.68,1820377.38,No,2519007.76,604615.0,346867.0,163256470.0,157543236.0,270.0172341,260.56785890000003,3.010804198,9.449375222,12.46017942,Wellmark of South Dakota,SD,8866320.54,-1043395.44,No,1566498.82,572020.0,353553.0,174208086.0,176193563.0,304.5489423,308.01993460000006,-1.824054124,-3.4709922730000002,-5.295046397,"Wellmark of South Dakota, Inc",SD,3917071.73,8404038.14,No,-351961.4,428302.0,423868.0,147326961.0,148065533.0,343.9791572,345.703576,19.62175787,-1.724418751,17.89733912
205,430.0,17575.0,Anthem Ins Companies Inc(Anthem BCBS),IN,63611127.93,-35299047.7,No,5862596.41,1656793.0,2119317.0,586730639.5,473768725.8,354.1363583,285.9552918,-21.30564754,68.18106649,46.87541896,Anthem Ins Companies Inc.(Anthem BCBS),IN,57453698.83,-13429318.84,No,6782799.4,1348881.0,1731779.0,538041022.9,494138475.3,398.8795327,366.33214889999994,-9.955895917000001,32.54738379,22.59148788,Anthem Ins Companies Inc(Anthem BCBS),IN,24145897.47,23453648.5,No,11000596.02,936386.0,1118153.0,394474929.9,395473402.1,421.2738442,422.3401483,25.04698757,-1.0663040670000001,23.980683499999998
206,421.0,29276.0,Community Insurance Company(Anthem BCBS),OH,29350337.77,4108227.93,No,7243843.64,1263641.0,3825043.0,369264093.2,304745986.1,292.22231089999997,241.1650034,3.2511037,51.05730749,54.30841119,Community Insurance Company(Anthem BCBS),OH,19003555.17,19027175.55,No,14407578.76,941870.0,3304314.0,313395095.8,251590989.9,332.7371036,267.1185938,20.20148805,65.61850988,85.81999793,Community Insurance Company(Anthem BCBS),OH,16021049.52,23234667.9,No,18149090.71,906565.0,2937225.0,336684023.9,288594174.3,371.38431760000003,318.33809410000003,25.62934583,53.04622349,78.67556932
208,299.0,15411.0,"Humana Health Plan, Inc.",KY,7877805.71,1152387.48,No,-1929958.7,301919.0,547482.0,59580665.13,64919042.08,197.3398995,215.02138680000002,3.816876315,-17.68148725,-13.86461094,"Humana Health Plan, Inc.",KY,6821351.04,3404519.29,No,-1964729.71,189064.0,624026.0,51957088.49,55892517.14,274.81217200000003,295.6274972,18.00723189,-20.81532523,-2.8080933439999995,"Humana Health Plan, Inc.",KY,3650974.52,4158571.2,No,-2971979.56,144065.0,575713.0,46009746.68,56155044.47,319.36797060000004,389.7896399,28.8659369,-70.42166932,-41.55573241
212,220.0,45127.0,Capital Advantage Assurance Company,PA,276428.37,395776.73,No,5977678.07,112518.0,1178312.0,24451444.0,15627145.0,217.3113991,138.88573380000003,3.517452585,78.42566523,81.94311781,Capital Advantage Assurance Company,PA,4546704.54,6863660.42,No,-3297707.87,116325.0,1002856.0,35385364.0,44730192.0,304.1939738,384.5277627,59.00417296,-80.33378895,-21.32961599,Capital Advantage Assurance Company,PA,13180606.35,13226705.35,No,-6125098.38,441483.0,722751.0,185914936.0,217985745.0,421.1145978,493.75795899999997,29.95971612,-72.64336113,-42.68364501
217,67.0,81413.0,Network Health Plan,WI,0.0,17211.06,No,-5824.29,18001.0,171588.0,3010754.0,1918512.4319999998,167.2548192,106.578103,0.956116882,60.67671618,61.63283306,Network Health Plan,WI,24525.62,294393.41,No,-54663.83,14440.0,129581.0,2243847.0,1580270.0,155.3910665,109.43698059999998,20.38735526,45.95408587,66.34144114,Network Health Plan,WI,1548847.3,1897726.68,No,-3546.19,55987.0,108312.0,22776443.0,25842938.9,406.81663599999996,461.5882062,33.89584511,-54.77157019,-20.87572508
218,297.0,83198.0,"Sierra Health and Life Ins Company, Inc.",NV,6624972.17,6879575.41,No,2637752.16,308590.0,167244.0,58679798.88,58742830.01,190.1545704,190.3588257,22.29357857,-0.204255258,22.08932331,"Sierra Health and Life Ins Company, Inc.",NV,10119419.06,4132272.63,No,72611.26,377613.0,239448.0,102774924.9,96883579.81,272.1699859,256.56844390000003,10.94314187,15.60154203,26.5446839,"Sierra Health and Life Insurance Company, Inc.",NV,8209939.49,13434434.68,No,266851.71,392267.0,288169.0,127153733.8,130694505.8,324.1509834,333.17741689999997,34.24818983,-9.026433526,25.2217563
219,242.0,48834.0,"Oxford Health Plans (NJ), Inc.",NJ,5793980.12,10751310.08,No,-120834.31,58243.0,519317.0,30857609.88,41148735.29,529.8080434999999,706.5009579,184.59402980000002,-176.6929143,7.901115498999999,"Oxford Health Plans (NJ), Inc.",NJ,12200483.35,18952235.0,No,-185240.53,137784.0,209708.0,65906002.89,89863131.94,478.32841900000005,652.2029549,137.5503324,-173.8745359,-36.32420346,"Oxford Health Plans (NJ), Inc.",NJ,3302998.95,3394240.38,No,-189101.21,98573.0,100068.0,44985863.42,50824009.71,456.37104910000005,515.5976759,34.43377375,-59.22662687,-24.79285311
222,194.0,92036.0,HealthSpan,OH,2399677.86,-4194646.37,No,-11076.66,47842.0,499.0,19096941.0,18659412.0,399.16686180000005,390.021571,-87.67706973,9.145290748999999,-78.53177898,Health Span,OH,4160340.95,-6743522.63,No,-471429.58,107468.0,14217.0,37917125.09,39362987.49,352.8224689,366.2763566,-62.74912188,-13.45388767,-76.20300955,HealthSpan Incorporated,OH,950538.26,1093298.18,No,-971964.91,29277.0,7400.0,13289139.06,15290479.52,453.91054620000006,522.2693418,37.34324487,-68.35879564,-31.01555077
223,407.0,86545.0,Anthem Health Plans Inc. (Anthem BCBS),CT,53879332.07,13893512.78,No,1456630.51,709141.0,882121.0,284597256.0,270068513.8,401.3267545,380.8389499,19.59203146,20.48780454,40.079836,Anthem Health Plans Inc.(Anthem BCBS),CT,37802725.1,25538509.66,No,25341838.53,654579.0,464639.0,280767787.0,281199270.2,428.92880310000004,429.5879798,39.01516801,-0.659176662,38.35599135,Anthem Health Plans Inc(Anthem BCBS),CT,20499214.04,24193391.03,No,14278900.63,638612.0,458553.0,281630564.5,310504939.2,441.0041848999999,486.21845379999996,37.88433514,-45.21426891,-7.329933777999999
224,375.0,48963.0,Humana Insurance Company,MS,24487153.98,1064234.77,No,-492484.94,390056.0,37314.0,152150993.7,149026273.2,390.07474229999997,382.06378880000005,2.72841533,8.010953555,10.73936889,Humana Insurance Company,MS,18785123.87,13191678.23,No,-52010.25,336079.0,32615.0,141591436.3,146082350.7,421.30402760000004,434.66670250000004,39.25171829,-13.36267485,25.88904344,Humana Insurance Company,MS,6980708.93,9062010.42,No,-202527.52,238885.0,30904.0,98100479.05,126432931.6,410.6598533,529.2627482,37.93461465,-118.6028949,-80.66828026
227,281.0,38234.0,Aetna Life Insurance Company,VA,7604605.22,7863949.4,No,-1438865.46,177329.0,120318.0,49757615.84,53645894.85,280.5949159,302.5218371,44.34666298,-21.9269212,22.41974178,Aetna Life Insurance Company,VA,5895017.54,4680612.75,No,-3364075.44,183008.0,156276.0,59806820.06,62772402.77,326.7989381,343.0035997,25.57600078,-16.2046616,9.371339176000001,Aetna Life Insurance Company,VA,3368946.19,6921051.63,No,-5705192.92,168249.0,172740.0,61416390.01,66394656.85,365.03271939999996,394.62140550000004,41.13576681,-29.58868605,11.54708076
228,398.0,32673.0,"Humana Health Plan of Texas, Inc.",TX,53329111.45,-38610710.6,No,-1682294.43,870873.0,1528757.0,242296504.6,305803472.2,278.2225475,351.1458872,-44.33563861,-72.92333968,-117.25897830000001,"Humana Health Plan of Texas, Inc.",TX,51295201.04,-26986914.17,No,-2173306.64,1147557.0,1418824.0,335404567.6,396706517.0,292.2770438,345.6965684,-23.51683983,-53.41952461,-76.93636444,"Humana Health Plan of Texas, Inc.",TX,14209617.01,23973511.28,No,-10567282.01,568737.0,976052.0,185523115.2,227329575.8,326.2019443,399.70948930000003,42.1521921,-73.50754496,-31.35535286
230,247.0,91604.0,Humana Insurance Company,WI,3869243.82,3660246.43,No,2267328.07,118386.0,307398.0,32154163.39,34500075.4,271.6044413,291.4202304,30.91789933,-19.81578911,11.10211022,Humana Insurance Company,WI,1895119.37,596881.13,No,1292326.01,56804.0,290896.0,21773912.09,16382088.94,383.3165286,288.3967492,10.50773062,94.91977942,105.42751000000001,Humana Insurance Company,WI,3018929.45,3575498.87,No,779525.6,81114.0,196188.0,33529779.49,40321097.82,413.3661204,497.0917205,44.07992295,-83.72560014,-39.64567720000001
232,355.0,91450.0,"Health Net of Arizona, Inc.",AZ,26048764.45,-26088803.1,No,-2284176.05,567847.0,130857.0,124579161.0,170970269.0,219.38860469999997,301.08509689999994,-45.94336696,-81.69649219,-127.63985919999999,"Health Net of Arizona, Inc.",AZ,12625077.68,1953496.4,No,-4432593.99,409710.0,94918.0,93736793.0,139654977.4,228.7881502,340.8629943,4.767997852,-112.0748442,-107.3068463,"Health Net of Arizona, Inc.",AZ,4433397.9,9901556.2,No,-2809420.3,217218.0,48583.0,60980911.78,88094557.05,280.7359969,405.5582735,45.58349768,-124.82227659999998,-79.23877888
233,115.0,26539.0,"SHA, LLC DBA FirstCare Health Plans",TX,1960486.45,2143995.88,No,-367353.0,21362.0,57678.0,6901426.81,12310190.48,323.0702561,576.2658216,100.3649415,-253.1955655,-152.830624,"SHA, LLC DBA First Care Health Plans",TX,3006003.71,1137907.19,No,-926124.88,114458.0,58012.0,26371990.0,30111944.0,230.4075731,263.0829125,9.941700799,-32.67533943,-22.73363863,"SHA, LLC",TX,5445263.34,9379089.11,No,-1417544.26,204035.0,115148.0,64154934.0,88989988.0,314.43102410000006,436.15060159999996,45.96804034,-121.71957749999999,-75.75153719
234,177.0,10191.0,"Freelancers CO-OP of New Jersey, Inc.",NJ,5827111.77,9029800.73,No,-615255.45,32684.0,3224.0,16019597.0,25023388.0,490.1357545,765.6158365,276.275876,-275.480082,0.795793966,"Freelancers CO-OP of New Jersey, Inc.",NJ,25518743.04,-38582686.31,No,-7735504.78,563748.0,55523.0,216153196.0,210816361.0,383.42166360000004,373.9549604,-68.43959767,9.466703208,-58.97289447,Freelancers CO-OP of New Jersey,NJ,15360457.2,13846054.57,No,-7147951.36,299362.0,103446.0,128580316.0,201954105.8,429.5144875,674.615034,46.25187756,-245.10054649999998,-198.8486689
238,270.0,79509.0,Humana Insurance Company,CO,1268061.73,1264744.68,No,139778.65,195438.0,11126.0,42583478.25,31808594.15,217.8874029,162.75542190000002,6.471334541,55.13198099,61.60331553,Humana Insurance Company,CO,1442411.66,664060.25,No,-95294.25,87852.0,14273.0,23166217.33,18871983.99,263.69595830000003,214.81564440000002,7.558851819,48.88031394,56.43916576,Humana Insurance Company,CO,164260.09,719860.7,No,621087.18,14536.0,7695.0,4810241.0,2796922.79,330.9191662,192.4135106,49.52261282,138.50565559999998,188.0282684
240,413.0,80519.0,"Empire HealthChoice HMO, Inc.",NY,38100183.86,-4215356.78,No,-7974099.79,768128.0,185458.0,339233913.0,281690007.2,441.63721799999996,366.72274310000006,-5.487831169,74.91447493,69.42664376,"Empire HealthChoice HMO, Inc.",NY,40523011.28,31931835.18,No,1170127.82,869392.0,70270.0,370877634.4,351976595.8,426.59425710000005,404.853732,36.72892686,21.740525100000003,58.46945196,"Empire HealthChoice HMO, Inc.",NY,25247614.68,36682245.97,No,659191.77,734880.0,62745.0,358456700.6,390195765.3,487.7758282,530.9652805,49.91596719,-43.18945229,6.726514900000001
241,423.0,39424.0,"Moda Health Plan, Inc.",OR,110546514.1,-31157398.15,No,-4604925.33,1185822.0,158096.0,388355657.0,470752445.0,327.4991162,396.984071,-26.27493684,-69.48495474,-95.75989158,"Moda Health Plan, Inc.",OR,62768010.24,-10916304.04,No,-1070895.13,1155876.0,210844.0,358676896.0,485000522.0,310.3074171,419.59563310000004,-9.444182629,-109.28821599999999,-118.73239869999999,Moda Health Plan Inc,OR,21536686.44,33462328.92,No,-972379.63,652354.0,172012.0,256991904.0,338079047.2,393.9454713,518.2447677,51.29474016,-124.29929640000002,-73.00455624
245,374.0,99969.0,Medical Health Insuring Corp. of Ohio,OH,45396359.92,9233566.61,No,-614504.61,370847.0,11141.0,151602447.0,189452476.1,408.8005215,510.8642543,24.89858785,-102.0637328,-77.1651449,Medical Health Insuring Corp. of Ohio,OH,39155019.99,21390181.45,No,98427.31,578453.0,8726.0,232610640.7,277168184.5,402.1253943,479.1542001,36.97825312,-77.0288058,-40.05055268,Medical Mutual of Ohio,OH,19747201.84,28217818.37,No,32533.18,507466.0,3087.0,223050403.0,272026371.0,439.5376301,536.0484663,55.60533784,-96.51083619,-40.90549836
246,254.0,37833.0,Unity Health Plans Insurance Corporation,WI,4934795.29,7490116.39,No,802161.46,101128.0,278357.0,34056627.0,41162595.0,336.76753219999995,407.0345997,74.06570277,-70.26706748,3.798635294,Unity Health Plans Insurance Corporation,WI,7185046.24,5592708.14,No,832440.01,194647.0,294566.0,67620965.18,89591632.45,347.403069,460.2774892,28.73256788,-112.8744202,-84.14185233,Unity Health Plans Insurance Corporation,WI,4616486.19,12470418.63,No,839649.69,216904.0,153286.0,80662042.0,93413220.4,371.8789972,430.66619519999995,57.49280156,-58.78719802,-1.2943964609999998
247,414.0,91762.0,AmeriHealth Ins Company of New Jersey,NJ,62373022.13,-27270588.68,No,-9401983.1,796319.0,455609.0,341756592.0,281115769.3,429.17046060000007,353.01904049999996,-34.24580938,76.15142009999998,41.90561072,AmeriHealth Ins Company of New Jersey,NJ,49658797.4,38267701.25,No,-7350774.16,543379.0,444759.0,273822437.0,328425555.0,503.925321,604.4134113,70.4254328,-100.4880903,-30.06265746,AmeriHealth Ins Company of New Jersey,NJ,41759162.3,36425250.15,No,-1777877.29,632759.0,380580.0,312164428.0,442082699.0,493.3385823,698.6588875,57.56575592,-205.32030519999998,-147.7545493
249,101.0,58288.0,"Humana Health Plan, Inc.",IL,1706900.43,614409.67,No,-1028302.66,14469.0,58894.0,5807766.545,9015660.135,401.393776,623.1018132,42.46386551,-221.7080372,-179.24417169999998,"Humana Health Plan, Inc.",IL,434826.64,730433.28,No,-1525019.48,12865.0,44797.0,4870781.62,4513915.877,378.6071994,350.8679267,56.77678041,27.73927268,84.51605309,"Humana Health Plan, Inc.",IL,889216.13,1493121.7,No,-2268324.01,23925.0,33528.0,9338183.26,10831794.73,390.3106901,452.73959160000004,62.40843051,-62.42890157,-0.020471055
250,440.0,93332.0,"Humana Employers Health Plan of Georgia, Inc.",GA,194926953.8,64808.72,No,-6158.42,2871577.0,1208242.0,816862196.8,1037291728.0,284.46466760000004,361.227203,0.022569033999999998,-76.76253543,-76.73996639,"Humana Employers Health Plan of Georgia, Inc.",GA,213566269.9,68541368.02,No,-2579052.1,3442073.0,1307376.0,1157687890.0,1574761849.0,336.3344967,457.503908,19.9128165,-121.1694113,-101.2565948,"Humana Employers Health Plan of Georgia, Inc.",GA,91484441.32,143941804.7,No,-6580193.74,2245359.0,1059874.0,895686097.9,1304791602.0,398.9055193,581.1060067000001,64.10636549,-182.20048740000001,-118.0941219
251,257.0,75729.0,Geisinger Quality Options,PA,2772466.89,490533.38,No,-2827499.0,136674.0,412989.0,34989246.05,37581147.08,256.00513670000004,274.9692486,3.58907605,-18.9641119,-15.37503585,Geisinger Quality Options,PA,1529545.49,1142253.34,No,-1613339.93,96868.0,280427.0,30600743.92,28845822.95,315.9014733,297.784851,11.79185428,18.11662231,29.90847659,Geisinger Quality Options,PA,2364122.23,7409434.09,No,-584164.12,115368.0,216806.0,44235179.47,57912751.19,383.42676889999996,501.9827958000001,64.22434375,-118.556027,-54.33168322
252,442.0,16842.0,Blue Cross and Blue Shield of Florida,FL,265367761.3,221628751.9,No,4537166.63,5946938.0,2327073.0,1964556922.0,2007392657.0,330.3476381,337.55062810000004,37.26770851,-7.202990009,30.0647185,Blue Cross and Blue Shield of Florida,FL,203698387.5,368933330.5,No,8102147.17,6204216.0,2084681.0,2399215803.0,2407327473.0,386.70732979999997,388.0147746,59.46493973,-1.307444808,58.15749492,Blue Cross Blue Shield of FL Inc.,FL,126761966.5,464434259.9,No,24467625.0,7012969.0,1913642.0,2855099437.0,3072017634.0,407.1170765,438.0480841,66.22505531,-30.93100754,35.29404777
256,351.0,51485.0,Health Net Life Insurance Company,AZ,39878281.54,469.35,No,335791.07,383387.0,373703.0,114439203.0,190164372.0,298.495262,496.01152879999995,0.00122422,-197.5162669,-197.5150426,Health Net Life Insurance Company,AZ,46215394.37,26294064.75,No,7584973.03,408507.0,346823.0,131907279.0,288203286.0,322.9009026,705.5039106,64.36625260000001,-382.603008,-318.23675539999994,Health Net Life Insurance Company,AZ,2433371.07,5075983.13,No,6396214.81,66448.0,234437.0,16275889.84,33228323.73,244.94175660000002,500.0650694,76.39030716,-255.1233128,-178.73300569999998
263,396.0,63141.0,Humana Insurance Company,TX,21797558.59,5252230.85,No,-1055927.97,1152876.0,409270.0,225637658.6,235618617.3,195.7171965,204.3746399,4.55576389,-8.657443385,-4.101679495,Humana Insurance Company,TX,22961195.74,16542107.09,No,-1192747.03,960435.0,291529.0,230141545.1,262184110.3,239.6221973,272.984752,17.22355713,-33.36255468,-16.13899755,Humana Insurance Company,TX,40825576.65,75959121.33,No,-1009234.4,825944.0,192074.0,254400868.6,434295724.0,308.0122485,525.8173968,91.96643033,-217.8051483,-125.838718
264,135.0,23307.0,"Humana Health Plan, Inc.",AZ,4117754.92,-351373.9,No,-750038.97,32208.0,137933.0,8637428.75,14286146.19,268.1765012,443.55893539999994,-10.90952248,-175.3824342,-186.2919567,"Humana Health Plan, Inc.",AZ,676362.49,856409.75,No,-1948641.42,16365.0,143566.0,5082191.0,5778329.0,310.5524595,353.0906813,52.33179041,-42.53822181,9.793568592,"Humana Health Plan, Inc.",AZ,2289096.26,6251937.97,No,-6031056.26,67920.0,149687.0,21632437.19,33170875.72,318.4987808,488.3815624,92.04855668,-169.88278169999998,-77.83422497
272,80.0,61724.0,UnitedHealthcare Life Insurance Company,OH,907441.89,1149383.33,No,-975536.98,8881.0,246629.0,3625969.39,5007633.02,408.2839083,563.8591397000001,129.4204853,-155.5752314,-26.15474609,United Healthcare Life Insurance Company,OH,2327012.2,2965356.57,No,-4212359.07,39475.0,467432.0,14906016.34,19732630.09,377.6064937,499.87663310000005,75.11986244,-122.2701393,-47.15027688,UnitedHealthcare Life Insurance Company,OH,1737137.87,4086573.63,No,-6324051.22,34387.0,607074.0,14667975.92,18567660.21,426.55584730000004,539.9616195,118.8406558,-113.4057722,5.434883532000001
274,248.0,96601.0,"Coventry Health Care of Illinois, Inc.",IL,6155110.05,-3262695.3,No,-1048560.53,111531.0,84585.0,33218247.82,34897693.24,297.8386979,312.8968021,-29.25370794,-15.058104199999999,-44.31181214,"Coventry Health Care of Illinois, Inc.",IL,6783435.61,-5367684.26,No,127525.13,168861.0,61975.0,52262152.79,50920827.36,309.4980652,301.55469500000004,-31.78759015,7.9433701679999995,-23.84421998,"Coventry Health Care of Illinois, Inc.",IL,14270273.67,35950670.67,No,728924.09,276448.0,37281.0,125142353.1,156932333.4,452.6795386,567.6739691,130.0449657,-114.9944304,15.05053525
276,400.0,31609.0,Independence Blue Cross (QCC Ins. Co.),PA,67630617.15,50795145.81,No,13315931.52,631413.0,808320.0,247916140.0,317529349.0,392.6370537,502.88693610000007,80.44678493,-110.2498824,-29.80309748,Independence Blue Cross (QCC Ins. Co.),PA,43123145.04,64851297.02,No,24985336.8,525833.0,851405.0,250472344.0,323221752.0,476.33439510000005,614.6851795,123.3305955,-138.3507844,-15.02018888,Independence Blue Cross (QCC Ins Co.),PA,23746836.95,74118152.98,No,32747625.97,496254.0,870165.0,244714245.0,328272799.0,493.1229673,661.5015677,149.3552757,-168.37860049999998,-19.02332479
277,373.0,70194.0,Highmark Health Insurance Company,PA,59657176.61,42359592.09,No,5446786.21,374925.0,1710639.0,150328937.3,258954771.0,400.9573576,690.6841927999999,112.98150849999999,-289.7268352,-176.7453267,Highmark Health Insurance Company,PA,37266490.45,51852279.7,No,777889.23,330905.0,1156811.0,144478467.0,261705910.0,436.61614969999994,790.8792856000001,156.6983868,-354.26313589999995,-197.5647491,Highmark Health Insurance Company,PA,19268231.33,49750020.05,No,-437219.75,323186.0,804211.0,152485135.2,230087842.0,471.8185045,711.9362906,153.9361855,-240.117786,-86.18160053
279,278.0,74320.0,Humana Health Plan,CO,8822154.98,4731745.94,No,-2841602.51,205949.0,173854.0,47543279.95,55236205.29,230.8497732,268.2033187,22.97532855,-37.35354549,-14.37821694,Humana Health Plan,CO,7614421.26,6064407.53,No,3278864.95,138751.0,215339.0,41906992.59,49664673.44,302.03020219999996,357.9410126,43.70712665,-55.91081037,-12.20368372,Humana Health Plan,CO,4384982.12,19133063.67,No,-1635879.75,107490.0,209696.0,38473280.96,55122389.97,357.924281,512.814122,177.9985456,-154.889841,23.10870462
281,397.0,99110.0,Health Net Life Insurance Company,CA,96305759.81,53801059.26,No,-1149328.11,670834.0,739749.0,229515619.0,341244349.0,342.1347442,508.6867228,80.20025708,-166.55197859999998,-86.3517215,Health Net Life Insurance Company,CA,94347305.12,53436905.52,No,11418011.12,444015.0,1101301.0,187024958.0,479433200.0,421.21315269999997,1079.768026,120.349325,-658.5548731,-538.2055482000001,Health Net Life Insurance Company,CA,23086888.56,65553512.41,No,27189932.09,328744.0,1089874.0,169810875.1,280252072.4,516.5444087000001,852.4933456,199.4059585,-335.9489369,-136.5429784
283,389.0,88102.0,PreferredOne Insurance Company,MN,51337471.78,5422835.32,No,-1029344.47,880297.0,192143.0,186382394.0,293227598.0,211.72671719999997,333.100758,6.160233785,-121.3740408,-115.213807,Preferred One Insurance Company,MN,4222933.09,5753591.46,No,-3077770.23,78619.0,178184.0,55169518.0,32466576.0,701.7326346,412.9609382,73.18321856,288.7716964,361.95491499999997,PreferredOne Insurance Company,MN,1189854.34,4665798.89,No,-5741279.42,21744.0,185223.0,9103900.0,13548366.0,418.68561439999996,623.0852649,214.57868330000002,-204.39965049999998,10.17903284
284,93.0,86830.0,Cigna Health and Life Insurance Company,AZ,4060861.27,1978320.29,No,-24005.57,16576.0,1883.0,5021387.0,11070817.0,302.93116549999996,667.8822997000001,119.34847309999999,-364.95113419999996,-245.6026611,Cigna Health and Life Insurance Company,AZ,1431522.46,2978136.23,No,-35.55,11908.0,1943.0,4425413.0,6759424.0,371.6336077,567.6372187000001,250.0954174,-196.003611,54.09180635,Cigna Health and Life Insurance Company,AZ,576234.39,1169118.87,No,28617.42,5370.0,3161.0,2334374.0,4529617.0,434.7065177,843.5040968000001,217.71301119999998,-408.7975791,-191.084568
285,159.0,10940.0,"Health Net Health Plan of Oregon, Inc.",OR,3230190.41,2794804.37,No,-2324193.93,38452.0,294506.0,11359633.0,19496468.0,295.4237231,507.03391239999996,72.68293899,-211.6101893,-138.9272503,"Health Net Health Plan of Oregon, Inc.",OR,1855731.14,3408186.75,No,45710.69,19103.0,257570.0,8270658.0,14324515.0,432.9507407,749.8568288,178.41107419999997,-316.906088,-138.4950139,"Health Net Plan of Oregon, Inc.",OR,550910.97,2480143.2,No,2264459.82,9966.0,261877.0,4221764.73,10920805.29,423.61677000000003,1095.8062699999998,248.8604455,-672.1895003,-423.32905480000005
286,361.0,26420.0,"Oxford Health Plans (NY), Inc.",NY,37810243.67,51416066.7,No,-33465842.73,218868.0,1915952.0,136455382.8,182681607.2,623.4597237,834.6656761,234.9181548,-211.20595240000003,23.71220233,"Oxford Health Plans (NY), Inc.",NY,37053494.34,75516356.91,No,-34043889.75,259030.0,1206429.0,159105636.0,239192567.1,614.2363278,923.4164657,291.535177,-309.1801378,-17.64496078,"Oxford Health Plans (NY), Inc.",NY,19094756.11,79007342.63,No,-9938585.16,250546.0,953675.0,142709646.3,238892350.5,569.5945906000001,953.4869864,315.3406665,-383.89239580000003,-68.55172929999999
287,321.0,77263.0,"Oxford Health Insurance, Inc.",NJ,14105003.88,32851467.14,No,8812791.52,135146.0,511038.0,73111581.68,103775430.1,540.9822095,767.8764455,243.08131310000002,-226.89423599999998,16.18707709,"Oxford Health Insurance, Inc.",NJ,16261309.29,44955766.0,No,5736032.94,94349.0,713116.0,51681556.7,81121203.77,547.7700527000001,859.7992958999998,476.48375710000005,-312.0292432,164.4545139,"Oxford Health Insurance, Inc.",NJ,9589590.25,53596343.52,No,7713849.61,85642.0,752670.0,52549728.11,94329280.26,613.5976286,1101.437148,625.818448,-487.8395197,137.97892819999998
288,130.0,89217.0,Aetna Life Insurance Company,NJ,6801229.68,8273636.8,No,2281721.44,20206.0,111072.0,8379737.33,25868635.87,414.71529889999994,1280.245267,409.46435710000003,-865.5299683000001,-456.0656112,Aetna Life Insurance Company,NJ,3126673.44,5290240.82,No,2477419.03,8849.0,135251.0,5334473.55,20176352.38,602.8334897000001,2280.0714629999998,597.8348762999999,-1677.2379740000001,-1079.403098,Aetna Life Insurance Company,NJ,1890405.94,6356361.63,No,-5730100.37,5865.0,588685.0,4309686.4,19951863.47,734.8143905000001,3401.852254,1083.778624,-2667.037864,-1583.25924
