,MM_smallgroup,Premium_smallgroup,Costs_smallgroup,Transfers_smallgroup,Premium_smallgroup_pmm,Costs_smallgroup_pmm,Transfers_smallgroup_pmm
0,33718.0,18451185.84,14293033.38,22831.39,547.2206489115606,423.89920457915656,0.6771276469541491
1,24712.0,12927536.0,11025731.0,78962.62,523.12787309809,446.169108125607,3.195314826804791
2,17725.0,9544365.0,7698574.0,24371.0,538.4691114245416,434.3342172073343,1.374950634696756
3,222340.0,142330402.0,109230046.0,-119931.53,640.1475308086714,491.2748313393901,-0.5394059998200953
4,25471.0,12303525.0,12800496.0,-317715.76,483.0405166660123,502.551764752071,-12.473627262376821
5,19426.0,11241863.88,9947569.94,311482.27,578.7019396684856,512.0750509626274,16.03429784824462
6,1199.0,287298.01,202121.04,-2634.74,239.61468723936613,168.57467889908258,-2.1974478732276896
7,3172685.0,1159220522.0,1013332161.0,1551403.36,365.3752332803288,319.3926157182323,0.4889875168823883
8,662.0,358219.36,233845.8588,-7318.77,541.1168580060423,353.2414785498489,-11.055543806646526
9,,,,,,,
10,21.0,28300.25,35358.5109,,1347.6309523809523,1683.7386142857144,
11,508.0,217551.0,182334.0,9879.88,428.25,358.9251968503937,19.44858267716535
12,1236.0,367011.0,114740.0,11262.04,296.93446601941747,92.83171521035598,9.111682847896441
13,48846.0,16240047.87,11239814.84,206168.06,332.47446812430906,230.10717029030013,4.220776726855832
14,16.0,7634.16,2597.73,4588.49,477.135,162.358125,286.780625
15,9583.0,3008863.55,2403457.36,-59273.72,313.97929145361576,250.80427423562557,-6.1852989669205884
16,25433.0,8822139.0,6151601.0,-1714074.57,346.8776392875398,241.87476900090434,-67.39568945857744
17,,,,,,,
18,,,,-44702.7,,,
19,7087.0,2709854.805,1857300.7759999998,-55065.97,382.3698045717511,262.0715078312403,-7.769997177931424
20,,,,,,,
21,233627.0,69239147.46,53748220.85,210345.0,296.3662053615378,230.05997102218495,0.9003454224040885
22,2722.0,1227528.855,720706.0656,27385.89,450.9657806759735,264.7707808963997,10.060944158706834
23,1051.0,479575.0,354935.0,-15335.35,456.3035204567079,337.7117031398668,-14.591198858230257
24,188500.0,60841577.98,46390373.0,-55681.1,322.7669919363395,246.102774535809,-0.29539045092838195
25,,,,-83211.31,,,
26,2438.0,814822.0,342574.0,-50048.48,334.2173913043478,140.5143560295324,-20.528498769483186
27,88397.0,27762879.73,21973496.14,-590630.26,314.07038394968157,248.5773967442334,-6.681564532733011
28,219225.0,78368658.29,54901181.19,387592.55,357.4804802828145,250.4330308587068,1.7680125441897594
29,,,,,,,
30,4501.0,2477584.3,1344622.33,-112065.94,550.4519662297267,298.73857587202843,-24.898009331259722
31,788859.0,248804438.0,200741058.0,381417.67,315.39785690471933,254.47013724886196,0.48350550605368003
32,13551.0,4798557.05,2651714.65,324131.01,354.1109180134307,195.68405652719355,23.919342483949524
33,456985.0,115413862.3,88144794.71,-3375392.32,252.55503419149426,192.8833434576627,-7.386221254526953
34,736.0,226843.8,139759.78,-8390.44,308.2116847826087,189.8910054347826,-11.400054347826087
35,518338.0,185536630.6,142491703.5,1494667.03,357.9452608143721,274.90113304446135,2.883576025682084
36,1883.0,813516.0,731071.0,-24005.57,432.0318640467339,388.2480084970791,-12.748576739245884
37,,,,,,,
38,,,,,,,
39,373703.0,112293780.0,99353625.0,335791.07,300.48937257661834,265.862529869977,0.89855064048188
40,130857.0,35206892.0,29333017.0,-2284176.05,269.0485950312173,224.16085497909933,-17.455512888114505
41,137933.0,40906031.07,31580879.01,-750038.97,296.5644992133862,228.95811016943009,-5.4377050452031055
42,70211.0,25719218.07,17565957.71,27209.69,366.31322826907467,250.18811454045664,0.38754169574568087
43,19748.0,7310972.0,5408849.0,700477.89,370.21328742151104,273.8935082033624,35.47082691918169
44,1784.0,600078.0,169085.0,-4301.51,336.3665919282511,94.7785874439462,-2.4111603139013456
45,355.0,122722.0,172220.0,-29408.53,345.69577464788733,485.1267605633803,-82.84092957746479
46,1257.0,424285.0,711194.5553,-12159.89,337.53778838504377,565.7872357199682,-9.67373906125696
47,955.0,225914.0,1003249.0,-615.14,236.55916230366492,1050.5225130890053,-0.6441256544502618
48,44258.0,11982328.0,10157241.0,784218.43,270.73812644041755,229.50067784355372,17.719246915811834
49,486523.0,165553635.3,125030828.0,2961325.69,340.2791549423152,256.9885246946188,6.086712632290765
50,,,,,,,
51,6627.0,2131596.38,1279498.75,-139332.36,321.65329409989437,193.07360042251395,-21.024952467179716
52,,,,,,,
53,919142.0,311994722.1,238168183.8,-23489767.02,339.44126380907414,259.1201183277448,-25.55618938096616
54,796551.0,292890651.0,237908427.8,-1519853.96,367.69855414154273,298.6731895383974,-1.9080435025503701
55,4307547.0,1908263332.0,1541940567.0,23364909.92,443.00464556741923,357.9625636121904,5.424179914926059
56,1599976.0,696601136.0,512106882.0,13755875.29,435.382240733611,320.07160232403487,8.597551019515292
57,21332.0,7427529.8,3522425.852,-3067299.35,348.18722107631726,165.12403206450404,-143.78864382148885
58,1428.0,647687.0,413240.0,,453.56232492997196,289.3837535014006,
59,2088.0,398585.0,28925.0,,190.89319923371647,13.852969348659004,
60,148.0,68126.0,54501.0,,460.31081081081084,368.25,
61,3571.0,1643630.0,863959.0,500462.21,460.2716325959115,241.93755250630076,140.1462363483618
62,739749.0,345866894.0,291941142.0,-1149328.11,467.54628123863637,394.64891740306507,-1.5536730837081227
63,2156540.0,729510318.0,576089197.0,-3718209.96,338.27812978196556,267.1358736680052,-1.7241553414265443
64,1079.0,1780064.44,1108870.888,8197.35,1649.7353475440223,1027.6838628359592,7.597173308619092
65,7801104.0,2799402854.0,2418407378.0,-6119361.66,358.8470111409872,310.008349843817,-0.7844225201971413
66,9335.0,5693815.0,4101097.0,-178446.96,609.9426888055705,439.3247991430102,-19.115903588644883
67,,,,,,,
68,,,,,,,
69,112929.0,39289431.0,36824423.63,-953791.37,347.9126796482746,326.0847402350149,-8.445938332934853
70,,,,,,,
71,,,,-132284.52,,,
72,407230.0,165917239.2,121360012.6,-2215283.01,407.4288220415981,298.01343859735283,-5.439881663924563
73,503041.0,208876000.5,164250781.5,4029609.65,415.22659286221204,326.5156945457726,8.010499442391376
74,344213.0,125095160.5,117231649.7,884571.67,363.42369550249407,340.5787977211785,2.569838065383934
75,,,,,,,
76,3932.0,1898315.0,987420.0,,482.7861139369278,251.12410986775177,
77,32144.0,11849046.0,9596015.0,-534596.16,368.6238800398208,298.5320744151319,-16.63128919860627
78,1277.0,543357.8159,409472.09,-97502.97,425.49554886452626,320.65159749412686,-76.35314800313235
79,,,,,,,
80,18150.0,7372858.057,4445705.824,-860371.91,406.21807476584024,244.9424696418733,-47.40341101928375
81,173854.0,66526525.99,51868806.79,-2841602.51,382.65743664224004,298.3469278244964,-16.344763479701356
82,11126.0,5631207.625,4453911.512,139778.65,506.13047141829946,400.3156131583678,12.563243753370482
83,664202.0,252131904.0,191884377.0,-3582183.17,379.601241790901,288.89460886898866,-5.393213465180773
84,1146.0,835784.0,661852.0,-49499.07,729.3054101221641,577.5322862129145,-43.1929057591623
85,,,,,,,
86,160207.0,71274962.0,65155446.0,404793.25,444.89293226887713,406.69537535813043,2.526688908724338
87,166386.0,67387595.0,59733996.0,-16089.07,405.00760280312045,359.00854639212434,-0.0966972581827798
88,722035.0,255605677.7,207341006.9,2272512.47,354.0073233292015,287.16198923874884,3.147371623259261
89,,,4212.0,,,,
90,648310.0,280237562.9,198285158.1,3694826.77,432.2585844734772,305.84929755826687,5.699166710370039
91,43061.0,16175416.41,11567384.27,1469933.76,375.639590580804,268.62785978031167,34.136080444021275
92,430042.0,137672108.2,112159752.0,2719970.89,320.1364243492496,260.8111579799182,6.324895917142977
93,882121.0,500253256.3,396965704.6,1456630.51,567.1027628862707,450.0127585671354,1.6512819783227017
94,,,,,,,
95,5600.0,2432484.0,1925908.0,,434.3721428571429,343.91214285714284,
96,,,,,,,
97,640290.0,279172554.0,202598000.0,-7957364.87,436.0095487982008,316.4159990004529,-12.427751284574178
98,56182.0,25832398.0,21425000.0,72069.21,459.79847638033533,381.34989854401766,1.2827811398668614
99,,,,9449.37,,,
100,3296.0,1586985.0,1099864.0,-532743.6,481.4881674757282,333.6966019417476,-161.63337378640776
101,842.0,358668.0,218499.85,-130325.86,425.9714964370546,259.50100950118764,-154.78130641330165
102,281054.0,142938889.7,109879146.9,4715438.4,508.5815882357127,390.95386260291616,16.777695389498106
103,71604.0,40895453.57,31791431.14,-86030.15,571.1336457460477,443.98959750851907,-1.201471286520306
104,,,,,,,
105,8132.0,3692360.4,2558128.85,-267093.84,454.0531726512543,314.5756087063453,-32.84479094933596
106,13487.0,4964111.28,2505012.86,-239619.32,368.0663809594424,185.73536442500185,-17.76668792170238
107,12722.0,5521646.6,3706209.64,400712.47,434.02347115233454,291.32287690614686,31.49760022009118
108,411734.0,152269134.8,104965401.5,-6732251.48,369.82404853619084,254.93498593752278,-16.350972909694125
109,491235.0,236772035.0,194179267.1,8238082.97,481.9934145571875,395.2879316416786,16.770146610074608
110,47595.0,17251303.0,13050697.0,-1598160.33,362.46040550477994,274.203109570333,-33.578323983611725
111,18132.0,8742977.64,5048615.38,186718.46,482.1849569821311,278.4367626296051,10.29773108316788
112,91860.0,42127448.09,26299888.7,-255482.82,458.60492151099504,286.3040354887873,-2.7812194644023513
113,43949.0,18139763.95,14820869.22,12382.86,412.74577237252265,337.22881567271156,0.2817552162734078
114,3228.0,1154242.05,877129.85,-77166.51,357.5718866171004,271.725480173482,-23.9053624535316
115,484.0,172444.0,146196.19,,356.2892561983471,302.0582438016529,
116,92287.0,39803491.0,29045100.08,235718.45,431.30116917875756,314.72580190059267,2.554189105724533
117,,,,-438027.53,,,
118,480.0,229862.0,563919.0,-2542.01,478.87916666666666,1174.83125,-5.295854166666667
119,767.0,554031.57,270814.34,-45756.59,722.3358148631029,353.08258148631035,-59.656571056062575
120,2760.0,809318.0,332136.0,-4709.65,293.2311594202898,120.3391304347826,-1.7063949275362318
121,2524.0,1361984.3,951311.16,320100.97,539.6134310618066,376.90616481774964,126.82288827258319
122,883049.0,352932902.3,252382480.2,389940.41,399.67533205971586,285.80801314536336,0.44158411367885586
123,92602.0,41514458.89,39498590.22,1330151.83,448.31060765426236,426.541437765923,14.364180363275093
124,43780.0,14036252.26,11037975.22,31520.79,320.60877706715394,252.12369164001828,0.7199814984010964
125,380802.0,150742989.0,114516701.0,-3118661.5,395.85661052200356,300.7250513390161,-8.189719329205204
126,2327073.0,987076548.0,733942944.0,4537166.63,424.1708566942249,315.3931758909153,1.9497311128615218
127,158719.0,63788638.0,58223242.0,635267.48,401.89667273609336,366.8322129045672,4.002466497394766
128,,,,,,,
129,90788.0,37182360.0,32340672.0,,409.55148257478965,356.221879543552,
130,14868.0,5455447.0,4886159.68,107518.39,366.9254102771052,328.6359752488566,7.231530131826742
131,229598.0,83445599.51,63931293.72,90797.9,363.4421881288165,278.4488267319402,0.39546468174809885
132,,49949.0,34866.78,,,,
133,63494.0,27353324.92,21480354.9,-69476.1,430.8017280372949,338.30527136422336,-1.0942152014363562
134,,,,,,,
135,90358.0,37592238.58,28549076.84,-761118.31,416.0366384824808,315.95516545297596,-8.423363841607827
136,8198.0,3194902.455,2369224.028,-391901.29,389.71730361063675,289.0002473774091,-47.80449987801903
137,491056.0,189981551.0,133425086.0,-1315788.63,386.88367721807697,271.7105299599231,-2.6795083045518227
138,7632.0,5754879.871,4584992.012,-116650.43,754.0461046907757,600.7589114255766,-15.284385482180292
139,,,,,,,
140,764794.0,287535172.8,224407722.2,-6552473.44,375.9642110162998,293.4224408141277,-8.56763185903655
141,439.0,148938.0,88361.0,-890.28,339.26651480637815,201.27790432801822,-2.027972665148064
142,,,,,,,
143,617289.0,255220968.3,191661545.7,-171191.73,413.45458658748174,310.48916423263654,-0.27732833405422747
144,939.0,270613.0,214297.8373,,288.19275825346114,228.21920905218317,
145,,,,,,,
146,1202.0,551841.0,209645.0,-119621.8,459.10232945091514,174.41347753743761,-99.5189683860233
147,1461398.0,663423655.1,460505640.0,3844812.86,453.9650766594727,315.11309034226133,2.630914275235083
148,,,,,,,
149,709422.0,274204859.4,205078644.9,1650597.6,386.5186861980598,289.0784961560256,2.3266794658186525
150,303393.0,108509725.0,83199239.46,-1390717.91,357.65401640776156,274.2292652104696,-4.583882653851605
151,270504.0,104309548.9,86694876.7,-3143639.65,385.6118537988348,320.49388068198624,-11.621416504007334
152,87967.0,49962801.0,40197875.0,-1464662.42,567.9720918071549,456.965396114452,-16.650134936964996
153,,,,-637297.59,,,
154,149454.0,78578048.88,56116289.88,1729140.2,525.7674527279296,375.4753293990124,11.569715096283806
155,1401272.0,535752414.2,399974320.3,2304375.99,382.33291909065474,285.43660352879385,1.6444887145393616
156,,,,,,,
157,46462.0,17323020.0,13638925.0,,372.84275321768325,293.5501054625285,
158,18018.0,7498695.55,7543299.49,-4418.49,416.1780192030192,418.6535403485404,-0.24522644022644022
159,791426.0,268652640.6,211925034.8,2304241.03,339.4538979007513,267.7761847601671,2.9115053460462503
160,36366.0,14644363.38,9691654.658,-55911.28,402.69381785183964,266.50318038827476,-1.5374602650827696
161,,,,,,,
162,1208242.0,436176868.0,347357106.8,-6158.42,361.0012464390412,287.4896807096592,-0.005097008711830908
163,8348.0,4736527.569,2450054.912,721767.42,567.3847111883086,293.49004695735505,86.45992093914711
164,7460.0,3237177.0,2360746.0,159888.81,433.9379356568365,316.4538873994638,21.4328163538874
165,265388.0,93245854.0,85180559.0,-2820212.21,351.35670791444977,320.96612883777715,-10.626751058827075
166,3962.0,2069631.0,2035971.0,-14361.39,522.3702675416456,513.8745583038869,-3.624782937910146
167,14058.0,6600323.715,6192441.084,-113027.35,469.50659517712336,440.49232351685873,-8.04007326789017
168,,,,,,,
169,31215.0,11276837.0,9072117.0,462396.82,361.2633990068877,290.63325324363285,14.813289123818677
170,177314.0,59541853.64,48014970.33,-510878.36,335.7989422155047,270.7906331705336,-2.8812071240849564
171,312624.0,114204152.3,79656773.09,2602799.56,365.30833301346024,254.800569022212,8.325654972107069
172,44914.0,21741409.78,15423228.78,-123324.74,484.06754642205107,343.39468272698934,-2.7457973015095516
173,,3181723.0,794741.97,-541621.36,,,
174,228322.0,71992002.0,59403027.0,-213033.45,315.30908979423793,260.1721559902243,-0.9330395231296152
175,1093845.0,430654359.0,376460841.0,5740424.58,393.7069319693375,344.16287591020665,5.247932367017265
176,321645.0,114632579.0,91878358.0,-4366914.44,356.39471777891777,285.6514418069611,-13.576814313917518
177,89.0,62198.76,18713.51,1398.35,698.8624719101124,210.26415730337078,15.711797752808987
178,319477.0,109937768.0,84797188.0,-620253.71,344.1179427627028,265.42501651136075,-1.9414659271246442
179,8220.0,2580853.0,2033671.27,-8630.65,313.97238442822385,247.40526399026766,-1.0499574209245741
180,,,,,,,
181,120387.0,38869431.96,46321167.41,-3442183.75,322.8706750728899,384.76884887903174,-28.592653276516568
182,29873.0,9528465.0,9852030.09,-19282.26,318.9657885046698,329.7971442439661,-0.645474508753724
183,73989.0,22483575.26,16697931.28,-142786.86,303.877269053508,225.68126721539687,-1.9298390301260997
184,27096.0,11360664.47,9318670.855,-24092.66,419.27459661942726,343.9131552627694,-0.8891592855033953
185,3587.0,1187398.0,1264653.0,-46725.06,331.02815723445775,352.5656537496515,-13.026222470030666
186,11714.0,4230788.0,4044840.0,-19846.16,361.1736383814239,345.29964145466965,-1.694225712822264
187,303.0,136052.0,41130.0,-63213.98,449.016501650165,135.74257425742573,-208.62699669966997
188,27522.0,10012411.0,9014187.0,-285469.43,363.79663541893757,327.52659690429476,-10.372408618559698
189,1854.0,160213.0,91970.0,-61839.36,86.41477885652642,49.60625674217907,-33.354563106796114
190,1964.0,813620.0,776962.2,36341.21,414.2668024439919,395.6019348268839,18.503671079429736
191,306.0,72162.0,24123.0,-2102.24,235.8235294117647,78.83333333333333,-6.870065359477123
192,569.0,206161.0,136886.0,-13859.22,362.32161687170475,240.57293497363796,-24.357152899824253
193,123325.0,44678798.84,33244215.25,111696.1,362.2850098520171,269.5659051287249,0.9057052503547538
194,205835.0,66164856.39,51466887.68,-54442.57,321.4460922097797,250.0395349673282,-0.2644961741200476
195,227104.0,81361387.0,63096985.0,501033.39,358.25607210793294,277.832997217134,2.206184787586304
196,960142.0,323965281.0,259435804.0,3535403.52,337.4139252318928,270.2056612459407,3.682167346080059
197,16326.0,4943033.0,3843924.65,-157276.56,302.7706112948671,235.44803687369838,-9.633502388827637
198,476090.0,140918473.7,118581951.9,557788.36,295.99124892352285,249.07465374193956,1.1716027641832427
199,,,,,,,
200,2136.0,542774.0,541817.0,45076.99,254.10767790262173,253.65964419475657,21.103459737827713
201,72031.0,19270117.0,18039742.42,-228325.54,267.52532937207593,250.44414793630523,-3.169823270536297
202,308078.0,89493715.0,75331478.0,1175263.46,290.49044397847297,244.5207966813599,3.814824362661404
203,64205.0,16772402.0,15554924.0,-1392526.68,261.2320224281598,242.26966747138073,-21.68875757339771
204,12822.0,2707488.0,2385401.0,,211.15956948993917,186.03969739510217,
205,14005.0,5961175.85,4640770.74,-370976.96,425.6462584791146,331.3652795430204,-26.488893966440557
206,262696.0,105099982.4,80541704.2,-719734.14,400.0821573225325,306.59661433748516,-2.7397986265493195
207,4156218.0,1810385289.0,1473745015.0,4303605.47,435.5847765925656,354.5879968278854,1.0354619199474138
208,,,,,,,
209,98945.0,31718051.36,25927161.08,-400513.48,320.562447420284,262.0360915660215,-4.047839506796705
210,84585.0,29279045.0,23825303.87,-1048560.53,346.1493763669681,281.67291919371047,-12.396530472305965
211,44263.0,18575627.27,15664767.12,-390516.48,419.6648955109233,353.90206538192166,-8.822639224634571
212,,,,,,,
213,251994.0,96450598.0,90830583.0,-998963.73,382.74958133923826,360.4474035096074,-3.9642361722898163
214,58894.0,23482388.61,18517906.44,-1028302.66,398.7229362923218,314.4277250653717,-17.460227867015316
215,590776.0,236438054.0,193063081.5,4255065.52,400.21607851368367,326.7957423795144,7.202502335910734
216,13747.0,5707329.0,3500818.0,183726.24,415.16905506655996,254.66050774714483,13.364824325307339
217,2616.0,1050211.0,739726.3,-390929.05,401.45680428134557,282.76999235474005,-149.43771024464831
218,8010.0,1977150.0,2640518.0,-3535.77,246.83520599250937,329.652684144819,-0.4414194756554307
219,3342.0,1553713.0,1105709.0,-131881.33,464.90514661879115,330.8524835427888,-39.46179832435667
220,152.0,105724.5446,14496.13685,-42724.33,695.5562144736841,95.36932138157896,-281.0811184210526
221,39821.0,13408399.0,9331670.71,-52688.31,336.7167826021446,234.34044122447958,-1.3231287511614473
222,211.0,76404.0,28823.0,-28.68,362.1042654028436,136.60189573459715,-0.13592417061611375
223,15244.0,4729636.0,4367166.0,20402.52,310.2621359223301,286.48425610076094,1.338396746260824
224,863764.0,360858990.5,270440971.7,-700664.41,417.7749830972349,313.09590547881135,-0.8111757493945105
225,198542.0,68302804.02,54598568.27,-1540017.03,344.02194004291283,274.99757366199594,-7.756630989916491
226,40461.0,18023120.36,11899183.44,-724765.7,445.4442638590247,294.0901964855045,-17.912698648080866
227,4096.0,2022907.77,917024.02,-217997.08,493.87396728515625,223.8828173828125,-53.221943359375
228,15430.0,7342908.6,5211409.83,-649454.74,475.8851976668827,337.7452903434867,-42.09039144523655
229,43943.0,14061760.81,11311324.63,-425165.15,320.00001843297,257.40902145961815,-9.675378331019731
230,2119317.0,832048058.5,605614823.6,5862596.41,392.60198379949765,285.75943268515283,2.766266872770803
231,,,,,,,
232,,,,,,,
233,109683.0,42982915.89,37512325.69,-22411.92,391.8831167090616,342.006743889208,-0.2043335794972785
234,6121.0,2245198.15,842620.2916,-19667.22,366.8025077601699,137.66056062734847,-3.213073027283124
235,143300.0,48901608.79,33092838.88,28264.72,341.25337606420095,230.93397683182135,0.19724159106769018
236,10937.0,5063311.0,4434742.0,-124424.43,462.95245496937,405.4806619731188,-11.3764679528207
237,,,,,,,
238,15339.0,5434093.0,3742942.06,-265136.19,354.26644500945304,244.01473759697504,-17.285102679444552
239,11926.0,5529940.847,4446592.136,-117653.72,463.68781209122926,372.84857756163007,-9.865312762032534
240,14735.0,7054288.0,4348715.0,-71406.41,478.74367153036985,295.12826603325414,-4.846040719375637
241,312530.0,115400714.0,95421696.0,115029.27,369.24683710363803,305.320116468819,0.3680583304002816
242,80965.0,35618277.0,25919627.93,-840621.54,439.9219045266473,320.1337359352807,-10.382529982091027
243,6764.0,2212364.0,2332089.0,-17085.65,327.0792430514488,344.7795683027794,-2.5259683619160263
244,36418.0,12686480.0,11646028.0,-90416.73,348.35740567851064,319.7876874073261,-2.482748366192542
245,12726.0,5720533.64,3573674.3639999996,39262.67,449.51545183089735,280.81678170674206,3.08523259468804
246,629735.0,255806105.1,186280017.4,-3241006.75,406.21230374681414,295.8069940530541,-5.146620006828269
247,18115.0,6847953.0,7581623.0,-160702.61,378.0266629864753,418.52735302235715,-8.87124537675959
248,3739.0,1496577.65,687949.52,-266018.93,400.2614736560577,183.99291789248463,-71.14707943300347
249,167621.0,55667325.25,45188128.18,1450193.47,332.1023335381605,269.5851246562185,8.651621634520733
250,1305258.0,396049027.0,350507168.0,1056774.58,303.425856803789,268.5347785648508,0.8096288856302739
251,,,,,,,
252,102777.0,33012802.0,27565775.14,-84693.06,321.208071844868,268.20957159675805,-0.8240468198137716
253,142891.0,44209876.0,32164567.19,-713955.94,309.395805194169,225.0986219565963,-4.996507407744364
254,20453.0,8328410.385,5529715.612000001,-171528.97,407.1974959663619,270.36207949934,-8.386494401799247
255,,,,,,,
256,2489.0,910297.5993,442251.9541,-125193.09,365.7282439935717,177.68258501406186,-50.29854961832061
257,183283.0,58227629.21,42788486.7,-291686.41,317.6924712602915,233.4558398760387,-1.5914537081998874
258,3222.0,1107144.0,572735.0,-75807.36,343.62011173184356,177.75760397268778,-23.52804469273743
259,6526.0,1507404.0,1465999.0,-9478.41,230.98437021146185,224.63974869751763,-1.4524072939013177
260,152843.0,53915152.65,43635963.49,-768605.82,352.748589402197,285.49533501697823,-5.028727648632911
261,2453.0,539226.76,482213.03,-3311.9,219.8233836119038,196.5809335507542,-1.350142682429678
262,990852.0,344455627.4,250442798.6,2798476.94,347.63579969561545,252.7550013523715,2.8243137622974976
263,71709.0,23061489.0,23443752.0,-1254224.27,321.59825126553153,326.9290047274401,-17.490472186196993
264,547482.0,172510336.3,144046341.7,-1929958.7,315.0977316149207,263.1069910974242,-3.5251546169554433
265,925.0,296870.0,186836.0,-22525.81,320.94054054054055,201.98486486486487,-24.352227027027027
266,1983.0,687576.0,374614.52,-49429.47,346.73524962178516,188.91302067574384,-24.926611195158852
267,7273.0,1889340.0,1715690.0,196961.32,259.7745084559329,235.8985288051698,27.081165956276642
268,77434.0,28514379.3,27902545.14,312802.38,368.2410736885606,360.3397104631041,4.039599917348968
269,25773.0,8611668.11,6719225.41,-48790.45,334.1352620959919,260.7079272882474,-1.8930838474372405
270,85123.0,30796694.0,24554365.5,-120226.85,361.79051490196537,288.4574733033375,-1.412389718407481
271,16983.0,7848713.51,6896925.71,-11121.47,462.1511811811812,406.1076199729141,-0.6548589766236824
272,1840.0,636707.4,432519.05,-6296.82,346.03663043478264,235.06470108695652,-3.4221847826086953
273,2852.0,1074327.0,1098767.88,-37335.05,376.6924964936886,385.2622300140252,-13.090830995792427
274,,,,,,,
275,562886.0,243204523.0,190320200.0,-674763.59,432.06710239728824,338.11500019542143,-1.1987571017932583
276,363156.0,125898422.5,103527173.9,-119935.54,346.6786243377502,285.07631403584134,-0.3302590071484431
277,1183.0,475990.0,208055.0,-23667.98,402.35841081994926,175.87066779374473,-20.006745562130178
278,1194.0,467130.0,342632.0408,-36621.89,391.23115577889445,286.9615082077052,-30.671599664991625
279,2115029.0,842650694.0,655211208.0,803668.2,398.4109409374529,309.78828564525594,0.3799797544147149
280,3599.0,1188460.0,623247.0,8246.81,330.2195054181717,173.17227007502083,2.2914170602945263
281,205255.0,83265864.06,57069631.68,511621.86,405.67033231833574,278.0425893644491,2.4926158193466663
282,12949.0,6170198.11,3779766.91,-97687.22,476.4999698818442,291.89643292918373,-7.543997219862538
283,14426.0,5840769.0,3988248.0,-195880.47,404.8779287397754,276.4624982670179,-13.57829405240538
284,2824026.0,1198003493.0,1113146458.0,,424.21829437830957,394.1700458848467,
285,49377.0,26367323.0,26400515.0,,534.000101261721,534.672317070701,
286,,,,,,,
287,78.0,16569.20184,9972.184534999999,,212.42566461538465,127.84851967948715,
288,27330.0,10690000.0,8154000.0,,391.1452616172704,298.3534577387486,
289,456555.0,186301424.0,158536065.5,,408.0591035034114,347.2441775908708,
290,48213.0,20651988.85,21377490.38,,428.3489691576961,443.3968095741812,
291,1292301.0,569493171.0,490756140.2,,440.68152156502236,379.75374173663874,
292,252869.0,102178355.0,84872580.0,,404.0762410576227,335.63853220442206,
293,144645.0,50349285.0,45146115.15,,348.08866535310585,312.1166659753189,
294,3029.0,870653.84,453716.2217,,287.43936612743477,149.79076318917134,
295,434996.0,155829120.0,131784947.0,,358.23115614856226,302.956686958041,
296,750718.0,353599651.0,306055975.0,,471.0152827026926,407.6843435218018,
297,7664.0,2235805.0,983940.0,,291.72820981210856,128.3846555323591,
298,24883.0,13105117.0,13004252.0,,526.6694932283085,522.6159225173814,
299,32322.0,15194513.16,13040044.62,,470.09817338036015,403.4417616484128,
300,83092.0,27116891.7,18751748.24,11143.81,326.34780363933953,225.67453232561496,0.1341141144755211
301,146753.0,52361895.56,42526426.3,85307.78,356.80289711283586,289.78233017382945,0.5813017791799827
302,,,,,,,
303,1947671.0,775274987.1,548959299.4,-4834145.8,398.0523338387233,281.8542245584598,-2.482013543355115
304,74785.0,38507765.24,28545568.23,3249730.99,514.9129536671793,381.70178819281944,43.454315571304406
305,156529.0,52634356.17,45762112.11,-1991429.33,336.2594546058558,292.35548754543885,-12.722430540027727
306,113336.0,36742902.0,25884726.58,-4255487.55,324.1944483659208,228.389272428884,-37.54753608738618
307,30240.0,10598307.0,8920395.98,,350.4731150793651,294.98663955026456,
308,350560.0,182877022.7,139390539.1,5641971.56,521.6711053742583,397.6224871633957,16.09416807393884
309,92283.0,33455652.0,30524689.0,773138.57,362.53320763304185,330.772612507179,8.377908932306058
310,138627.0,58346556.75,46736999.42,860842.04,420.88883659027465,337.1421109884799,6.209771833769756
311,115280.0,48221000.86,29781385.01,-765269.83,418.2945945523942,258.33956462526027,-6.638357303955586
312,117747.0,53417284.63,33712330.83,1556233.82,453.6615338819673,286.31159035899003,13.216759832522273
313,75098.0,28051794.96,19338886.12,-332036.0,373.5358459612773,257.5153282377693,-4.421369410636768
314,133557.0,46338910.54,39936352.39,-2225221.04,346.9598039788255,299.0210351385551,-16.661208622535696
315,283531.0,114568401.1,92383760.58,2604015.24,404.0771594640445,325.83301501423125,9.184234669224884
316,164079.0,56715356.0,47698221.85,-814362.12,345.6588350733488,290.70278250111227,-4.963231857824584
317,179483.0,62117462.0,54221916.66,347234.34,346.0910615490046,302.1005703047085,1.934636372246954
318,13093.0,5284384.0,4427345.0,97813.31,403.60375773313984,338.14595585427327,7.470656839532574
319,,,,,,,
320,255.0,169282.77,67257.4,-9479.76,663.8539999999999,263.75450980392156,-37.17552941176471
321,4575.0,1706280.53,1461707.24,,372.95749289617487,319.49885027322404,
322,22978.0,6604361.64,3981067.2,-19155.16,287.4210827748281,173.25560100966143,-0.8336304291061015
323,131419.0,62397097.0,44187958.0,-181245.97,474.7950981212762,336.2372107533918,-1.379145861709494
324,944667.0,350173397.0,255316714.0,-5484016.17,370.6844814098513,270.27165551458876,-5.805237369358727
325,2504910.0,988292695.9,744599050.2,13529304.35,394.5421974841411,297.2558096698085,5.401113952197883
326,,,,,,,
327,19992.0,6447026.0,7316677.15,-1252756.84,322.4802921168467,365.98024959983996,-62.66290716286515
328,111131.0,36012759.12,29782304.61,-1658184.03,324.0568259081624,267.99277078402963,-14.920985413610964
329,193568.0,85323255.0,58713868.0,-59049.89,440.79215056207636,303.3242478095553,-0.30506018556786246
330,64372.0,26769910.0,20564942.0,-322954.15,415.86264214254646,319.4702976449388,-5.016997296961412
331,12414.0,14434730.0,11165911.0,-366651.02,1162.7783148058643,899.4611728693411,-29.53528435637184
332,81670.0,26976525.69,18460206.06,-107913.09,330.31132227256035,226.03411362801518,-1.3213308436390352
333,,,,,,,
334,26951.0,8659416.0,5401249.0,-155335.89,321.30221513116396,200.4099662350191,-5.7636410522800645
335,123749.0,40385465.0,39760938.56,480378.3,326.349829089528,321.30311000492935,3.881876217181553
336,,,,,,,
337,,,,,,,
338,6981.0,2767848.7260000003,1710321.689,-29795.04,396.48312935109584,244.99666079358258,-4.2680189084658355
339,1523.0,1247897.0,761739.0,130383.94,819.3676953381483,500.1569271175312,85.60994090610637
340,13010.0,5337285.0,3504346.0,-53820.3,410.2448116833205,269.3578785549577,-4.13684089162183
341,25176.0,10360984.0,7339734.0,-127949.2,411.5421035907213,291.5369399428027,-5.082189386717508
342,30328.0,13592861.0,10021138.0,-681491.41,448.1951002374044,330.4252835663413,-22.47070067264574
343,931577.0,327999718.0,246462410.0,-1528301.43,352.0908287774387,264.5647219714527,-1.6405529870316677
344,175745.0,72145049.0,52003450.0,267097.25,410.5098238925716,295.9028706364335,1.5197999943099376
345,56167.0,14439203.0,10004183.0,-60605.89,257.0762725443766,178.11496074207275,-1.0790302134705432
346,96901.0,33847623.0,23950983.0,-1225249.24,349.3010701643946,247.16961641262733,-12.644340512481811
347,353331.0,127354049.5,83770521.65,-1087425.35,360.43836940432624,237.08794770342826,-3.077639239127051
348,14.0,4720.94,636.11,-2483.96,337.21,45.43642857142857,-177.4257142857143
349,153707.0,28425403.0,25527886.0,-2779.82,184.9323908475216,166.0814796983872,-0.01808518805259357
350,1267529.0,506489479.0,414043798.0,11759377.1,399.58807964157035,326.65429982272593,9.277402804985131
351,90677.0,36099220.63,26063816.38,-2090475.15,398.10779613352895,287.4358037870684,-23.054083725751845
352,,,,,,,
353,1311.0,459812.0,303857.0,-97647.51,350.7337909992372,231.77498093058733,-74.48322654462243
354,200964.0,80818000.0,71333000.0,-820791.54,402.151629147509,354.9541211361239,-4.0842715113154595
355,1061856.0,351527000.0,300688000.0,-4200533.56,331.04959617876625,283.1721061989573,-3.955841055661031
356,512.0,302096.0,242618.0,113761.56,590.03125,473.86328125,222.190546875
357,,,,,,,
358,551537.0,205318281.1,175435144.5,-4213354.17,372.26565234970633,318.0840895533754,-7.639295586696813
359,104384.0,33047806.0,32545755.0,637606.26,316.59838672593503,311.78873198957695,6.10827578939301
360,192143.0,56116598.0,56151535.0,-1029344.47,292.0564267238463,292.23825484144623,-5.357179132208824
361,1188.0,393171.0,348557.12,-20085.39,330.9520202020202,293.39824915824914,-16.90689393939394
362,1427.0,581571.0,366661.0,-38513.1,407.54800280308336,256.94533987386126,-26.98885774351787
363,,,,,,,
364,124.0,50596.71,26762.96,-10219.44,408.0379838709677,215.83032258064515,-82.41483870967743
365,31802.0,11642898.7,9344417.41,228766.81,366.1058644110433,293.83112414313564,7.193472423118043
366,442946.0,152863208.2,117290420.0,2682326.2,345.10574246070627,264.7962054065281,6.055650575916704
367,,,,,,,
368,,,,,,,
369,469773.0,149817811.0,125627997.1,308569.39,318.9153293186284,267.4227703593012,0.6568478605624419
370,22942.0,7587705.0,5508852.0,-164283.18,330.73424287333273,240.12082643187168,-7.160804637782233
371,88427.0,30794055.92,26342486.14,-752603.4,348.24268515272485,297.90093681794025,-8.511013604442082
372,1313809.0,456014999.8,323269347.9,-3154909.68,347.0938315995704,246.05505663304177,-2.4013457663937454
373,160037.0,57272972.44,34554526.32,-339677.71,357.87331954485524,215.91585895761605,-2.122494860563495
374,163714.0,55663287.32,45475726.59,1697620.38,340.00322098293367,277.7754290408884,10.369427049610906
375,7490.0,2776683.0,2409498.0,-89587.28,370.718691588785,321.69532710280373,-11.960918558077436
376,6547.0,1323099.0,1229793.0,-1744.73,202.09240873682603,187.8406903925462,-0.26649305025202386
377,16203.0,4135194.0,2759090.0,-12141.44,255.21162747639326,170.2826637042523,-0.7493328395976054
378,4243.0,1764655.56,1515176.33,-49295.41,415.8980815460759,357.1002427527693,-11.618055621022862
379,542131.0,210271035.0,152426842.1,-342820.74,387.86019430728,281.16237975692223,-0.6323577511708425
380,,,,,,,
381,42832.0,11558275.75,10134096.79,-50551.73,269.8514136626821,236.60106439110942,-1.18023276989167
382,807922.0,294532457.0,235891350.0,356245.91,364.5555598188934,291.97292560420436,0.4409409695490406
383,2186.0,693376.0,463080.15,16718.65,317.18938700823423,211.839043915828,7.6480558096980795
384,2273.0,989775.43,572936.1416,-32739.65,435.4489353277607,252.06165490541133,-14.403717553893534
385,,,,,,,
386,37314.0,13415491.9,9324682.896,-492484.94,359.5297180682854,249.89770316771185,-13.1983957763842
387,1461.0,607912.0,306514.0,-59314.7,416.0930869267625,209.79739904175221,-40.59869952087611
388,,,,,,,
389,904.0,404528.0,140922.0,-54781.44,447.4867256637168,155.88716814159292,-60.59893805309735
390,93571.0,14211575.62,10444234.43,266871.28,151.88012974105223,111.61828376313174,2.8520725438437124
391,58.0,18151.57,11355.39,1295.5,312.95810344827584,195.78258620689655,22.336206896551722
392,58427.0,19045919.75,14551917.65,48741.1,325.9780538107382,249.0615237818132,0.8342221917948893
393,399124.0,153012928.0,126359234.0,-250657.2,383.37190447079104,316.5914202102605,-0.6280183602088574
394,,,,,,,
395,6316.0,2375027.0,1347199.0,-14700.32,376.03340721975934,213.29939835338823,-2.3274730842305256
396,14972.0,6010762.0,4886113.0,-292758.82,401.46687149345445,326.35005343307506,-19.553755009350787
397,3814.0,1174447.0,1143760.0,-24720.97,307.93051914001046,299.88463555322494,-6.481638699528055
398,8918.0,3771825.0,4192429.0,297652.03,422.94516707782014,470.10865664947295,33.37654518950438
399,143109.0,42874204.0,40874094.2,285047.68,299.59124862866764,285.6151199435396,1.9918221775010656
400,7790.0,2755929.0,1973525.0,-32953.83,353.7777920410783,253.3408215661104,-4.230273427471117
401,101.0,109405.7,46106.18,33091.48,1083.2247524752474,456.4968316831683,327.63841584158416
402,26228.0,8938134.6,6969566.33,207989.26,340.78597681866705,265.72999580600884,7.930046515174623
403,11297.0,4480594.01,3224465.48,205830.47,396.61804107285116,285.4267044348057,18.219922988404
404,1217.0,492938.54,262453.45,-30949.45,405.0439934264585,215.65608052588334,-25.430936729663106
405,2352381.0,897954876.0,741007129.0,9263138.01,381.72170069389267,315.00302416997926,3.9377711391139445
406,,,,,,,
407,,,-98.0,,,,
408,31940.0,12016448.0,7894360.81,-206038.72,376.2194113963682,247.16220444583593,-6.450805259862242
409,348024.0,127167394.0,95344091.47,-7310102.87,365.3983460910742,273.95838065765577,-21.00459413718594
410,34675.0,13946987.53,11324141.34,-269581.82,402.22026041816866,326.5794186012978,-7.774529776496035
411,68965.0,28374272.0,24551408.0,407.05,411.43002972522294,355.9980859856449,0.005902269267019503
412,623.0,314241.16,119459.4559,-9900.45,504.3999357945425,191.7487253611557,-15.891573033707866
413,4125.0,1942544.0,1776970.0,-40668.98,470.91975757575756,430.78060606060603,-9.859146666666668
414,8608.0,2987343.0,2429985.0,-4277.28,347.04263475836433,282.29379646840147,-0.49689591078066914
415,2287.0,965689.0,723534.0,-109748.65,422.25142107564494,316.36816790555315,-47.98804110188019
416,41766.0,16012137.78,13684867.68,-1228032.54,383.3773351529952,327.6556931475363,-29.40268495905761
417,477146.0,142268574.0,94632279.98,-15874.11,298.16570609415146,198.32981934250734,-0.03326887367807757
418,219390.0,84930843.72,56789943.55,-452189.72,387.1226752358813,258.85383814212133,-2.0611227494416333
419,662969.0,250599456.0,205532582.0,309402.76,377.995737357252,310.01839000013575,0.4666926507875934
420,4059.0,1191796.0,1016172.0,-8542.7,293.61813254496184,250.35033259423503,-2.104631682680463
421,1056.0,321413.49,374981.15,-105459.46,304.3688352272727,355.09578598484853,-99.86691287878789
422,80761.0,28620677.36,22932444.55,-987988.94,354.3873572640259,283.95444026200767,-12.23349067000161
423,27498.0,8607729.0,7188707.46,871040.84,313.0310931704124,261.4265568404975,31.676516110262565
424,6332.0,1801436.0,1648539.0,-78452.51,284.4971572962729,260.35044219835754,-12.389846809854705
425,434242.0,145676985.0,116848474.0,3588744.99,335.47419411296005,269.0860718217031,8.26438941880334
426,176495.0,55474134.14,68788943.75,-3208840.42,314.30994725063033,389.7500991529505,-18.180914020227203
427,82769.0,25580361.0,21434694.52,-51592.75,309.0572678176612,258.9700796191811,-0.6233342193333252
428,127745.0,42708999.0,34963809.95,-43854.16,334.33010293944966,273.7000270069279,-0.34329453207561944
429,27279.0,10020660.31,7383603.981000001,-43990.66,367.3397232303237,270.6698918948642,-1.6126199640749295
430,59.0,18249.0,495.0,-9965.96,309.3050847457627,8.389830508474576,-168.91457627118643
431,12.0,8162.32,58687.6901,9531.18,680.1933333333333,4890.640841666666,794.265
432,2630.0,1113912.0,1100419.0,71939.33,423.5406844106464,418.4102661596958,27.35335741444867
433,1972.0,1136411.0,617004.0,-3265.91,576.2733265720082,312.88235294117646,-1.6561409736308315
434,33556.0,9249494.0,9435126.0,128514.67,275.6435212778639,281.17552747645726,3.829856657527715
435,130498.0,46267799.69,34340174.14,-437220.34,354.5479600453647,263.1471297644408,-3.3503987800579322
436,50049.0,28130873.75,22918659.82,1238434.39,562.0666496833104,457.924430458151,24.744438250514495
437,,,,,,,
438,203288.0,86396830.0,60772496.97,-2973746.39,424.9971960961788,298.94778329266853,-14.628243624808155
439,90892.0,38087741.0,33481207.7,1521697.59,419.0439312590767,368.36253685692907,16.74182095233904
440,553020.0,255195112.0,192899456.8,182178.31,461.45729268380893,348.81099562402807,0.32942445119525515
441,,,332.0,,,,
442,4540.0,2212796.36,1420718.82,31436.05,487.40007929515417,312.93366079295157,6.924240088105726
443,840752.0,352088172.1,266648607.0,-4701905.74,418.77768010067183,317.1548887186709,-5.592500214094049
444,111072.0,53660622.64,42615276.18,2281721.44,483.1156604724863,383.67253835350044,20.542723998847595
445,512704.0,217569461.0,181673109.0,-7051442.97,424.3568628292348,354.3430692953439,-13.753438572743727
446,455609.0,199850430.0,158980715.1,-9401983.1,438.64460535239647,348.9411207855859,-20.636078523470783
447,14472.0,7637519.0,6082180.0,67014.8,527.744541182974,420.2722498618021,4.63065229408513
448,196.0,122905.0,73700.0,27532.67,627.0663265306123,376.0204081632653,140.47280612244896
449,3224.0,1328535.0,547193.0,-615255.45,412.0766129032258,169.72487593052108,-190.8360576923077
450,144872.0,49137474.0,51665080.0,97615.72,339.17854381799106,356.62571097244467,0.6738066707162185
451,4342240.0,1582415869.0,1222265335.0,10604745.48,364.42386164744465,281.48267599211465,2.442229236523085
452,511038.0,259667856.0,202186924.8,8812791.52,508.1184882533197,395.6397074190178,17.244884959631182
453,519317.0,245183297.5,198040860.9,-120834.31,472.12646129435393,381.34869626836786,-0.23267928837299762
454,300717.0,135959597.0,112643504.0,1212948.58,452.1180944210005,374.5830930742193,4.033521816192633
455,,,,336586.34,,,
456,,,,,,,
457,22648.0,8838940.0,4446458.0,-1832176.28,390.2746379371247,196.32894736842104,-80.89792829388908
458,103447.0,41247211.81,31503608.1,748544.0,398.7279651415701,304.5386342764894,7.236014577513123
459,131858.0,46802191.0,32840316.36,211847.75,354.9438866052875,249.05820170183074,1.60663554733122
460,,,,,,,
461,82407.0,35796621.08,24298078.19,-677750.41,434.3881112041453,294.85454136177754,-8.2244276578446
462,19627.0,6037025.47,3832240.73,8649.73,307.5877857033678,195.25351454628827,0.44070566056962346
463,1725.0,522652.0,982702.4644,-16246.63,302.9866666666667,569.6825880579711,-9.418336231884057
464,154116.0,53411532.43,40930750.79,-1140094.88,346.5670821329388,265.5840457188092,-7.39764125723481
465,,,,,,,
466,19388.0,6674727.0,4677515.63,-385400.28,344.2710439447081,241.25828502166289,-19.878289663709513
467,214966.0,64041418.78,46991477.53,2092880.93,297.91417610226733,218.59958100350752,9.73586953285636
468,6337.0,1767851.676,1391903.929,-140898.78,278.97296449424016,219.64714044500553,-22.23430329809058
469,5401.0,2651042.0,1387802.0,-275961.08,490.8428068876134,256.9527865210146,-51.094441770042586
470,32964.0,13673183.0,9729000.0,-318074.62,414.79137847348625,295.14015289406626,-9.649151195243295
471,9179.0,2793149.497,2632532.99,-76054.9,304.29779899771216,286.79954134437304,-8.285750081708246
472,51544.0,19086610.91,15589356.94,-358637.74,370.2974334549123,302.4475582027006,-6.957895002328108
473,8074.0,2919138.0,2335139.0,-153107.91,361.5479316324003,289.2171166707951,-18.963080257617044
474,4630.0,1426540.19,1163825.62,-340005.25,308.1080323974082,251.36622462203027,-73.43525917926566
475,83744.0,33046494.0,28170420.0,-844787.93,394.61327378677873,336.3873232709209,-10.08774276366068
476,73375.0,29829347.0,29823463.0,419362.27,406.5328381601363,406.45264735945483,5.715329063032368
477,262202.0,77285130.5,72185033.07,396272.46,294.7541609141044,275.3031367800398,1.5113250852396245
478,167244.0,52184398.98,36938874.57,2637752.16,312.0255374183827,220.8681601133673,15.771879170553204
479,7962.0,2909705.0,2051517.0,-633561.0,365.4490077869882,257.66352675207236,-79.57309721175584
480,51171.0,22195838.96,14993491.76,-872086.46,433.75816302202423,293.0075972718923,-17.042591702331396
481,163448.0,60762388.93,51082886.89,-440146.89,371.75363987323186,312.5329578214478,-2.6928863614115803
482,1109892.0,505730239.4,381421303.4,-62207250.53,455.65716249869354,343.6562326784948,-56.048021366042825
483,,,,,,,
484,,,,,,,
485,,,,12158210.88,,,
486,,,,992090.05,,,
487,125199.0,52726566.0,46292182.0,5699384.43,421.14206982483887,369.7488158851109,45.52260345529916
488,987813.0,355883500.0,340224534.0,-1425321.82,360.2741612025758,344.42200497462574,-1.4429065217809445
489,45872.0,18096008.15,16409151.55,-2505396.9,394.4891905737705,357.7160697157307,-54.61712809557028
490,185458.0,80754379.43,50591661.15,-7974099.79,435.43217024878953,272.7930914277087,-42.9967959861532
491,2348642.0,807568302.4,743531884.1,26430399.01,343.8447845180321,316.5794889557455,11.253481377749356
492,516143.0,192224331.2,179071348.2,-52013211.07,372.42456296026484,346.9413480372687,-100.77286928235004
493,,,,,,,
494,52351.0,18428412.33,21310544.61,11794.91,352.01643387900896,407.07044010620615,0.22530438769077954
495,234100.0,86379651.53,59919652.72,-29376578.45,368.9861235796668,255.95750841520717,-125.48730649295173
496,,,,,,,
497,588220.0,207967183.4,186589142.2,-54673.38,353.5534041685084,317.20978919451903,-0.09294716262622828
498,18361.0,7179711.0,5073036.0,287516.92,391.0304994281357,276.2941016284516,15.65911007025761
499,482984.0,170310123.0,145922817.0,4211250.12,352.6206313252613,302.12764190946285,8.71923318370795
500,414.0,-19240.0,-7558.0,-162614.9,-46.47342995169082,-18.256038647342994,-392.78961352657
501,6897.0,2689694.32,1006261.33,-1169658.09,389.98032767870086,145.8984094533855,-169.58939973901698
502,54533.0,20923969.0,17674908.0,-2812217.01,383.6937083967506,324.11398602680947,-51.569086791484054
503,267907.0,100084357.0,92284269.0,-241575.58,373.5787306789296,344.46382140070995,-0.9017143262400757
504,,,,,,,
505,12221.0,5956038.0,5231992.0,-735698.81,487.3609360936094,428.1148842156943,-60.1995589558956
506,,,,,,,
507,4746318.0,2585539492.0,2070178808.0,145248013.8,544.7463680267525,436.16521438302277,30.60225079735492
508,1915952.0,1009055584.0,806322474.2,-33465842.73,526.6601585008393,420.84690754256894,-17.466952580231656
509,27664.0,14852724.11,11802739.31,-454374.0,536.8971988866397,426.6461578224407,-16.42473973395026
510,,,1150.04,,,,
511,150187.0,60634126.42,45339287.07,-1613799.56,403.72419996404483,301.8855631312963,-10.7452679659358
512,45162.0,18860346.01,12409519.73,-593316.79,417.61538483680977,274.77790465435544,-13.137522474646827
513,305433.0,108464160.0,92688664.8,382.29,355.1160483641257,303.4664387934506,0.0012516329276797203
514,,,,,,,
515,,,,,,,
516,,,,,,,
517,3825043.0,1389907533.0,1048724858.0,7243843.64,363.37043348270856,274.173351253829,1.8937940410081664
518,23358.0,9895280.0,9902068.0,-2121774.3,423.63558523846217,423.9261923109855,-90.83715643462624
519,90091.0,34350405.0,28576961.83,-555698.91,381.2856445149904,317.2010725821669,-6.168195602224418
520,44194.0,17072906.67,13417845.49,-264945.16,386.317298049509,303.6123792822555,-5.9950481965877715
521,499.0,152384.0,171112.0,-11076.66,305.3787575150301,342.90981963927857,-22.197715430861724
522,122878.0,39433822.0,40932205.0,-3621911.77,320.9184882566448,333.1125587981575,-29.47567318804017
523,337804.0,116475319.6,85240225.98,683165.75,344.80148133237026,252.33634290890578,2.022373180897799
524,6861.0,3193495.145,1507129.33,-210554.64,465.4562228538114,219.66613175921879,-30.688622649759512
525,19820.0,5990206.0,4082335.0,6795.41,302.2303733602422,205.9704843592331,0.34285620585267407
526,11141.0,5530235.0,4164069.93,-614504.61,496.3858720043084,373.76087694102864,-55.15704245579391
527,3012271.0,1163497137.0,908702349.0,1218032.8,386.2524776157258,301.66686496666466,0.404356978505586
528,,,,,,,
529,29311.0,11124022.12,9009768.208999999,-200278.3,379.51697724403806,307.38522087270985,-6.8328716181638285
530,123962.0,44087313.0,36885413.0,-528876.15,355.6518368532292,297.5541940272019,-4.266437698649586
531,4197.0,926997.0,1362620.0,-28737.96,220.87133666904933,324.66523707410056,-6.847262330235883
532,419640.0,155055763.0,141956681.0,1182289.72,369.4970998951482,338.28205366504625,2.8173904298922885
533,29460.0,10821313.0,9094990.0,-262670.99,367.3222335369993,308.7233536999321,-8.9161911065852
534,7940.0,2984012.0,2679308.0,65903.79,375.82015113350127,337.44433249370275,8.300225440806045
535,78577.0,22110837.0,21798571.0,66259.04,281.39069956857605,277.416686816753,0.8432370795525408
536,293762.0,88350658.93,75061462.36,-1094386.45,300.7559144137091,255.5179443222745,-3.7254187062996573
537,552184.0,233412943.4,167674097.5,2231396.77,422.70863226750504,303.6562042724889,4.041038440085189
538,246629.0,95338331.89,75232749.54,-975536.98,386.565780544867,305.0442143462448,-3.9554836616942857
539,10160.0,3842305.2,2916859.08,-69215.87,378.17964566929135,287.0924291338583,-6.8125856299212595
540,123106.0,45183595.42,32259894.91,-174947.03,367.03000194953944,262.0497368934089,-1.4211088817766802
541,1415200.0,507396632.0,424069142.0,5538080.47,358.53351611079705,299.6531529112493,3.9132846735443754
542,,,,,,,
543,141504.0,52898324.51,46308771.9,-1245374.77,373.8291815779059,327.2612215909091,-8.800986332541836
544,66286.0,26088013.0,22997679.0,-437673.74,393.567465226443,346.9462480765169,-6.602808134447696
545,92540.0,30198553.0,22024294.11,-977664.58,326.3297276853253,237.99755900151285,-10.564778258050572
546,1001.0,461658.0,599775.22,6653.02,461.1968031968032,599.1760439560439,6.646373626373626
547,19387.0,6912050.37,5524836.392999999,-117688.7,356.5301681539176,284.9763446123691,-6.070495692990148
548,,,,,,,
549,788.0,228178.0,242907.0,-15049.88,289.56598984771574,308.257614213198,-19.098832487309643
550,945.0,889442.26,366076.2406,-81323.21,941.2087407407407,387.3822651851852,-86.05630687830688
551,3822.0,1712014.0,1017538.0,-198017.77,447.9366823652538,266.2318158032444,-51.80998691784406
552,5516.0,2046933.0,1624912.0,29114.13,371.09010152284264,294.58158085569255,5.278123640319072
553,266759.0,104129211.4,73098139.59,-2256892.13,390.34938427569455,274.02314294925384,-8.460416068436304
554,,,,,,,
555,134.0,55285.1,22367.72,-16819.77,412.57537313432834,166.92328358208957,-125.52067164179105
556,,,,,,,
557,3550.0,1279194.69,533071.7344,-356550.41,360.3365323943662,150.16105194366196,-100.4367352112676
558,294506.0,107019956.0,82999503.0,-2324193.93,363.38803284143614,281.8261869028135,-7.891838977813696
559,30386.0,,8867686.0,-3017355.7,,291.8345948792207,-99.30085236622129
560,358876.0,136736095.0,112560436.0,2516711.91,381.01209052709015,313.6471538915949,7.012761817452268
561,124411.0,40048559.0,27564522.0,550216.1,321.90528972518507,221.56016750930385,4.422567940133911
562,158096.0,58520603.0,43367321.0,-4604925.33,370.1586567655096,274.31004579496005,-29.12739936494282
563,427433.0,162918488.0,133741053.0,359543.94,381.1556150320635,312.8936067173101,0.8411702886768219
564,330768.0,134398788.0,105811604.0,1673687.32,406.3234291104339,319.8967372901853,5.060003748851159
565,374065.0,159577988.0,129230198.0,6543460.93,426.6049697245131,345.4752462807266,17.492844639300657
566,,,,,,,
567,,,,,,,
568,,,,-13431.59,,,
569,199773.0,72916121.79,53435885.3,-1310343.26,364.99487813668514,267.48301972739057,-6.559160947675612
570,987408.0,344780538.0,262883636.3,-3059493.02,349.17737956346315,266.2360810323595,-3.098509451007081
571,78728.0,29715546.11,23444386.29,-382153.41,377.4457132151204,297.7896846103038,-4.8540977796971845
572,1178312.0,510758104.0,440818430.0,5977678.07,433.4659275302297,374.11010835839744,5.0730859653470395
573,20418.0,7501282.0,5696472.0,-38116.73,367.3857380742482,278.9926535409932,-1.8668199627779412
574,,,,,,,
575,2287.0,916989.73,555129.0741,-405353.24,400.95746829908177,242.73243292522955,-177.24234368167905
576,500708.0,191051185.0,159069061.2,1050494.99,381.5620780974141,317.6882758014651,2.098019184834275
577,138239.0,54259996.37,50446013.96,-6627591.76,392.50860010561416,364.91882869523073,-47.942995536715394
578,412989.0,142727724.4,124687459.9,-2827499.0,345.59691517207483,301.91472387884426,-6.846426902411444
579,11798.0,5261119.0,5079915.9,,445.93312425834887,430.5743261569758,
580,561514.0,207108759.1,168343914.9,-1641283.35,368.83988484703855,299.80359332091456,-2.9229606919863085
581,1710639.0,614308044.7,565974696.0,5446786.21,359.11027674453817,330.8557188278766,3.184065258654807
582,74636.0,44157804.73,34195373.0,-4503418.41,591.642166380835,458.16191918109223,-60.338421271236406
583,808320.0,366018003.0,327471906.6,13315931.52,452.8132459916865,405.12656695368173,16.473589073634205
584,25732.0,6239615.0,4909378.0,-818247.52,242.4846494637028,190.78882325509093,-31.798831027514378
585,2151.0,676530.0,557359.0,-78133.65,314.5188284518828,259.1162250116225,-36.32433751743375
586,39670.0,16748058.0,13546477.0,-78244.77,422.1844718931182,341.47912780438617,-1.9723914797075877
587,1427814.0,604477066.0,499715914.9,-7900229.63,423.35841082942176,349.98670338013216,-5.533094387644329
588,1498.0,900076.0,675964.0,-59934.41,600.8518024032043,451.24432576769027,-40.00961949265688
589,10071.0,2774489.0,1987533.0,-220045.83,275.4929004071095,197.3521000893655,-21.849451891569853
590,171118.0,62245797.95,47766395.47,-2928219.72,363.7594990006896,279.14302101473834,-17.1122834535233
591,,,,,,,
592,8176.0,3422552.0,3709938.4,480494.03,418.6095890410959,453.75958904109586,58.768839285714286
593,26106.0,11937708.0,12636015.85,1137929.73,457.27832682142036,484.0272676779284,43.588819811537576
594,1607798.0,518145766.0,500987872.1,3575646.12,322.27043820181393,311.59876557876055,2.2239398979225005
595,8636.0,3219894.0,3628889.55,583003.78,372.8455303381195,420.2049038906901,67.50854330708661
596,633682.0,297500185.0,237567982.0,2903419.54,469.4786738458722,374.90094716277247,4.581824227293816
597,409.0,117218.5,31675.2985,-28800.7,286.59779951100245,77.44571760391199,-70.41735941320293
598,4580.0,1992328.0,1332013.0,-192657.68,435.0061135371179,290.8325327510917,-42.06499563318777
599,3241.0,1383573.0,1149914.0,159121.32,426.89694538722614,354.8022215365628,49.096365319345885
600,145710.0,55044220.47,47147746.23,-1740424.21,377.7655649577929,323.5724811612106,-11.944439022716354
601,24434.0,9072871.53,7573584.83,-1100658.25,371.3215818122288,309.9609081607596,-45.046175411312106
602,552.0,349729.09,809214.71,-18182.04,633.5671920289856,1465.9686775362318,-32.938478260869566
603,823623.0,372812093.0,288409412.0,-254611.31,452.6489583219507,350.17163435212467,-0.30913574535922383
604,226624.0,89527468.0,65796277.0,-182715.35,395.0484855972889,290.3323434411183,-0.806248896851172
605,,,,,,,
606,,,-15.0,,,,
607,2277.0,834387.0,500274.484,-96974.11,366.44137022397894,219.7077224418094,-42.58854194115064
608,1572.0,677633.0,572830.24,-12348.91,431.0642493638677,364.3958269720102,-7.855540712468193
609,106103.0,39940430.0,31958795.67,-68109.07,376.4307324015344,301.2053916477385,-0.6419146489731676
610,15630.0,6664397.72,5681334.055,-166720.12,426.3850108765195,363.4890630198336,-10.666674344209852
611,,,,,,,
612,109.0,64853.32,57648.8968,-3229.79,594.9845871559633,528.8889614678899,-29.63110091743119
613,2255.0,1071134.0,738045.0,92798.49,475.0039911308204,327.2926829268293,41.15232372505543
614,3682.0,1396758.0119999999,1256344.063,-24753.92,379.3476404128191,341.2124016838675,-6.722954915806627
615,3100.0,1148623.0,640836.0,-4600.69,370.52354838709675,206.72129032258064,-1.4840935483870967
616,5022.0,1894923.0,1518293.0,-68214.4,377.32437275985666,302.3283552369574,-13.583114297092791
617,101664.0,36984171.84,30890771.13,448146.55,363.7882813975449,303.85162033758263,4.4081144751337735
618,86417.0,38117267.3,25068269.24,359514.77,441.0852876170198,290.08492819699825,4.160232014534177
619,,,,,,,
620,52252.0,17786644.0,13827330.59,-359596.3,340.40120952308047,264.6277767358187,-6.881962412921993
621,6959.0,2269978.0,1743678.15,29000.9,326.19313119701104,250.5644704698951,4.167394740623653
622,9524.0,4503027.6,4681821.671,-87499.03,472.80844183116335,491.58144382612346,-9.187214405711886
623,3252.0,1343889.04,1074189.097,-23780.09,413.250012300123,330.31645049200495,-7.312450799507995
624,24326.0,10113048.0,8745672.86,26954.59,415.7300008221656,359.51956178574363,1.1080568116418648
625,142243.0,53123340.0,44808736.0,-2099623.45,373.46892289954513,315.01540321843606,-14.760820919131348
626,1744.0,628403.0,473544.0,-4464.28,360.32282110091745,271.5275229357798,-2.5597935779816514
627,346867.0,130419577.0,110981259.0,2519007.76,375.99303767726536,319.95335099620314,7.262171841080298
628,80172.0,27456433.94,23340593.77,-866977.39,342.4691156513496,291.1314894227411,-10.813967345207804
629,2621780.0,860900620.0,634602151.0,6557826.76,328.36493527298245,242.05011518891746,2.5012879646652273
630,,,,,,,
631,482.0,214967.0,73597.0,,445.9896265560166,152.6908713692946,
632,3724.0,1368885.0,754977.7942,-377246.42,367.58458646616543,202.73302744360902,-101.30140171858217
633,22295.0,10505994.0,9594494.27,-53103.05,471.2264633325858,430.3428692531958,-2.3818367346938776
634,25844.0,9503776.66,7328152.852999999,-134889.4,367.7362892741062,283.55335292524376,-5.219370066553165
635,128553.0,44017152.44,33257133.93,-251013.94,342.4047080970494,258.7036780938601,-1.9526105186187799
636,257648.0,90525380.12,68190707.23,-1959826.68,351.35293159659693,264.6661617012358,-7.606605446190151
637,3484.0,1285774.0,730270.0,-102240.68,369.05109070034445,209.60677382319173,-29.345774971297356
638,2737.0,1167385.804,714637.0888,-26949.33,426.5202060650347,261.1023342345634,-9.846302521008404
639,,,,,,,
640,359188.0,134222992.8,99255134.9,-3226801.76,373.68451284564077,276.33199021125426,-8.983601233894227
641,257791.0,108197599.0,75636921.19,441221.96,419.7105368302229,293.40404121943743,1.7115491231268742
642,,,,,,,
643,101281.0,39786033.94,31358990.79,-169002.71,392.8282100295218,309.6236292098222,-1.6686516720806468
644,988673.0,373087474.5,285538762.5,-2896197.55,377.3618521998679,288.8101146688541,-2.9293786216474
645,18120.0,5321544.0,4052888.0,-10501.89,293.6834437086093,223.6693156732892,-0.5795745033112583
646,8623746.0,3309250143.0,2748819823.0,16110806.25,383.73696801830664,318.75009108570686,1.8681911839704
647,7662.0,2427954.0,2065140.8059999999,,316.88253719655444,269.5302539806839,
648,78230.0,33477214.0,26158312.0,,427.9331969832545,334.37699092419786,
649,184.0,99391.0,578869.0,,540.1684782608696,3146.0271739130435,
650,,,,,,,
651,42925.0,18750442.5,14447728.98,-727599.82,436.81869539895166,336.58075666860805,-16.950490856144437
652,,,,,,,
653,1528757.0,546346741.4,422224250.3,-1682294.43,357.3797152850322,276.1879424264288,-1.1004328549272382
654,409270.0,172512012.5,132834139.7,-1055927.97,421.51150218682045,324.56358809587806,-2.5800277811713537
655,56294.0,20912767.0,17890350.0,-684147.34,371.4919351973567,317.80207482147296,-12.15311294276477
656,1090.0,444523.0,206073.0,-16438.83,407.8192660550459,189.05779816513763,-15.081495412844038
657,61445.0,19913364.0,22483184.0,-3622713.02,324.08436813410367,365.90746195784845,-58.95862999430385
658,,,,,,,
659,14054.0,5248200.714,4334082.431,-24203.08,373.43110246193254,308.3878206204639,-1.722148854418671
660,246275.0,75457298.0,63024924.0,-1609323.38,306.39446959699524,255.9127966703888,-6.534659953304232
661,,,,,,,
662,57678.0,18821888.59,15895136.09,-367353.0,326.32699798883453,275.58403706785947,-6.3690315198169145
663,882.0,269678.0,120628.0,-207.52,305.75736961451247,136.76643990929705,-0.23528344671201815
664,,,,,,,
665,147385.0,45858013.0,41074499.0,262942.05,311.1443701869254,278.68846219086066,1.7840489194965565
666,2647537.0,1105361681.0,826578950.1,-3289829.48,417.50565941099217,312.2067605098626,-1.2426000014352963
667,,,,,,,
668,1319.0,743464.28,328304.71,-204053.17,563.6575284306293,248.904253222138,-154.7029340409401
669,32953.0,10950385.7,6714860.03,-13955.11,332.30314994082477,203.77082602494463,-0.4234852668952751
670,419799.0,104899001.7,86285936.76,347136.03,249.879112861155,205.54107265619976,0.8269100926872147
671,9108.0,2744227.45,2215035.31,-521777.35,301.29857817303474,243.19667435221783,-57.28780742204655
672,,,,,,,
673,89646.0,22270139.81,16626065.5,-1107146.32,248.42312886241436,185.4635510786873,-12.350203243870336
674,,,,,,,
675,,,,,,,
676,512345.0,152168787.0,124559049.0,1299608.61,297.0045321023919,243.115574466424,2.536588841503284
677,1347616.0,339956273.0,308169818.0,-1805886.51,252.2649426839693,228.6777672571415,-1.3400601580865765
678,,,,,,,
679,394224.0,110441419.8,86500603.99,1548121.19,280.1488996103738,219.41993381935143,3.9270089847396403
680,,,-0.18,,,,
681,3115.0,775820.55,557192.57,239944.32,249.05956661316213,178.87401926163722,77.02867415730337
682,95972.0,33414503.3,25601086.11,-670080.1,348.1692920851915,266.7557840828575,-6.982037469261868
683,120318.0,45935331.34,33857961.34,-1438865.46,381.78270366861153,281.4039573463655,-11.958854535480976
684,1383390.0,562196808.1,415185181.1,6936085.85,406.3906838274095,300.1215717187489,5.01383257794259
685,398671.0,143862621.8,106451234.2,-4403583.34,360.8554968884118,267.0152436470172,-11.045657547200573
686,58564.0,19878390.0,15889820.63,-933262.58,339.4301960248617,271.32403234068715,-15.935772488218017
687,278477.0,91575007.88,72968716.14,-2031737.44,328.84226661447804,262.02780172150665,-7.295889570772451
688,20490.0,8487201.45,7069821.169,-385476.13,414.21188140556364,345.0376363591996,-18.8128906783797
689,290550.0,138299034.5,113888962.1,3282304.3,475.99048184477715,391.97715401824127,11.29686559972466
690,693806.0,261893533.7,191723121.3,899569.67,377.4737227697656,276.3353463360075,1.2965723415479256
691,75.0,55143.01,13989.0669,-11304.8,735.2401333333333,186.520892,-150.73066666666665
692,49013.0,20141344.0,14391576.17,-656684.17,410.9388121518781,293.6277348866627,-13.398163140391325
693,62394.0,20586420.74,12982772.19,-2752451.2,329.9423140045517,208.07725406289066,-44.11403660608392
694,1878.0,782351.0,310356.0,-60268.14,416.587326943557,165.258785942492,-32.09166134185303
695,106010.0,39626317.0,31582345.0,-728218.07,373.79791529101027,297.9185454202434,-6.869333742099801
696,141545.0,50880109.0,45685587.0,2089955.19,359.46242537708855,322.76369352502735,14.765305662510155
697,546331.0,191462530.0,159841619.0,1872934.03,350.45152114743627,292.57285235507413,3.428203836135969
698,32934.0,13987741.97,10048895.99,514379.01,424.720409607093,305.1222441853404,15.618479686646019
699,14549.0,5122451.0,4148895.0,342665.34,352.0826860952643,285.16702178843906,23.552501202831813
700,2600.0,1043660.0,832706.0,186843.57,401.4076923076923,320.27153846153846,71.86291153846155
701,,,,,,,
702,384873.0,150629568.0,110262167.7,-1683466.68,391.3747340031647,286.48974518867266,-4.374083606800165
703,15726.0,6430540.18,4791656.91,-369338.77,408.91136843443974,304.69648416634874,-23.485868625206667
704,274491.0,93325168.67,78530393.28,-4980835.16,339.99354685581676,286.09460157163625,-18.145713921403615
705,112860.0,48602969.0,40706131.0,2090209.09,430.6483164983165,360.6781056175793,18.52037116781854
706,,,,,,,
707,,,,,,,
708,,,,,,,
709,168274.0,66816393.99,45522791.0,-1709657.09,397.0690302126294,270.5277761270309,-10.159959886851208
710,79175.0,42206517.0,32877124.0,997685.2,533.0788380170509,415.2462772339754,12.601012946005683
711,105858.0,44646110.0,32457936.0,294987.75,421.75470913865746,306.61769540327606,2.7866363430255627
712,6302.0,1468514.0,1752268.0,,233.02348460806093,278.049508092669,
713,,,,,,,
714,,,,,,,
715,1271163.0,410290254.0,333762822.0,-7510310.41,322.7676183148817,262.56492833727856,-5.9082198034398425
716,21425.0,9759785.0,7521206.0,-175111.08,455.5325554259043,351.04812135355894,-8.17321260210035
717,508653.0,261187803.0,210000500.0,15701650.08,513.4891625528602,412.8561121235892,30.869079863875765
718,,,,,,,
719,,,,-25877.34,,,
720,262176.0,102021104.2,76922312.9,-4690024.61,389.13212574758944,293.3995213139265,-17.888840359148055
721,8509.0,2880694.83,1904061.99,7283.57,338.54681278646143,223.7703596192267,0.8559842519685039
722,12207.0,4374916.98,3318319.93,-226568.25,358.39411649053824,271.83746456950934,-18.5605185549275
723,91660.0,30218519.65,25391297.26,-57996.4,329.68055476761947,277.01611673576264,-0.6327340170194196
724,24396.0,10719941.28,7666329.801,-33656.01,439.4138908017708,314.2453599360551,-1.379570831283817
725,,,,,,,
726,7958.0,3030854.0,1921238.0,-1311259.94,380.85624528776077,241.42221663734605,-164.77254837898968
727,514265.0,199209790.5,157347572.2,-663368.87,387.3679727377908,305.9659362390985,-1.2899358696391938
728,,,,174003.0,,,
729,45264.0,19228924.25,18609778.42,59805.56,424.81716706433366,411.13861832803116,1.3212610463061152
730,141267.0,59360983.0,55093770.0,-300007.81,420.2041736569758,389.9974516341396,-2.1236935023749353
731,81062.0,33051284.0,29389650.0,-2319871.19,407.7284547630209,362.5576719054551,-28.618479558856183
732,26371.0,16106131.0,14686667.0,-69764.62,610.7516210989344,556.9249175230367,-2.6455052899017857
733,65686.0,26564000.0,22792000.0,31748.61,404.408854245958,346.98413665012333,0.483339067685656
734,307398.0,115175854.0,88617463.24,2267328.07,374.67990683088374,288.28249773908743,7.375871248349045
735,156416.0,56860785.72,47405788.87,540251.68,363.5228219619476,303.0750618223199,3.453941284779051
736,9807.0,3171224.0,3042910.0,-41526.94,323.36331192005713,310.279392270827,-4.234418272662384
737,,,,,,,
738,87023.0,37000455.77,27878822.3,-890267.24,425.1801910989049,320.3615400526298,-10.230252232168507
739,22923.0,8519390.0,7298263.0,-494521.63,371.6524887667408,318.38166906600355,-21.5731636347773
740,40296.0,14295013.47,13748115.32,176359.16,354.7501853782013,341.1781645820925,4.3765922175898355
741,1572.0,727043.0,630922.33,-394787.04,462.49554707379133,401.350082697201,-251.13679389312975
742,,,,,,,
743,171588.0,49861846.0,49760491.52,-5824.29,290.59051915052333,289.99983402102714,-0.03394345758444647
744,179478.0,65931894.0,61973768.0,-104807.25,367.35362551399055,345.30008134701745,-0.5839559723197272
745,122979.0,53254104.0,47779847.0,-545101.95,433.0341277779133,388.52037339708403,-4.43247993559876
746,39192.0,11098306.0,11853479.0,-145802.24,283.1778424168198,302.446392120841,-3.720204123290467
747,1086472.0,427517191.7,332616870.8,2979572.04,393.49121900978577,306.1439878800374,2.742428741835961
748,,,104.07,,,,
749,236775.0,89365729.74,70006497.98,260942.05,377.4289082039911,295.666763720832,1.102067574701721
750,278357.0,112152418.0,98442360.0,802161.46,402.9085598709571,353.6550544803975,2.8817721846405875
751,28026.0,11099332.0,9976864.0,-5690.86,396.0369656747306,355.9860129879398,-0.2030564475843859
752,231523.0,111812520.0,94350080.0,391472.58,482.9434656599992,407.5192529467915,1.690858273260108
753,65263.0,24840700.0,23628628.0,-72821.47,380.6245498981046,362.0524339978242,-1.1158155463279347
754,46745.0,27784199.03,19292569.41,805014.72,594.3779875922559,412.71942261204407,17.221408065033692
755,49971.0,21612704.0,16000869.45,140229.75,432.5049328610594,320.2031068019451,2.8062226091132856
756,3297.0,1608582.04,910555.6695,-9423.93,487.89264179557176,276.1770304822566,-2.858334849863512
757,491027.0,199128472.0,169383830.0,-413253.52,405.5346691729783,344.95828131650603,-0.8416105835320665
758,1972.0,879864.0,700128.0,20283.29,446.17849898580124,355.0344827586207,10.285644016227181
759,523.0,257955.74,104862.06,-51774.44,493.22321223709366,200.5010707456979,-98.9951051625239
760,9648.0,7922848.0,6809654.0,-127889.82,821.1907131011609,705.8099087893864,-13.255578358208956
761,2432.0,1855372.0,2255615.0,16747.8,762.8996710526316,927.4732730263158,6.886430921052631
762,2207.0,945288.0,716271.0,-59979.36,428.31354780244675,324.54508382419573,-27.17687358405075
763,5479.0,3215015.33,1530293.29,-319954.48,586.788707793393,279.30156780434385,-58.396510312100744
764,4618.0,1827333.0,1218401.82,11533.35,395.69792117799915,263.8375530532698,2.497477262884366
765,176808.0,74958842.0,64931788.0,-490054.01,423.95616714175827,367.24462693995747,-2.771673284014298
766,,,,,,,
767,,,,,,,
768,22626.0,10743554.0,10181831.0,45022.01,474.832228409794,450.0057897993459,1.989835145407938
769,34096.0,12532215.0,10395834.0,594176.69,367.5567515251056,304.89893242609105,17.426580537306428
770,18432.0,6705127.3,5814707.11,-160678.0,363.7764377170139,315.46805067274306,-8.717339409722221
771,14609.0,7234521.0,7084877.0,,495.20987062769524,484.9665959340133,
