,MM_individual,Premium_individual,Costs_individual,Transfers_individual,Premium_individual_pmm,Costs_individual_pmm,Transfers_individual_pmm
0,2906.0,958431.34,462786.99,-34550.55,329.8111975223675,159.25223331039228,-11.889384033035101
1,143355.0,78693115.0,105293849.0,12358455.76,548.9387534442468,734.497220187646,86.20875281643472
2,18660.0,8912183.0,8302282.0,-2908793.99,477.608949624866,444.92400857449087,-155.88392229367633
3,1050.0,448136.0,916563.0,,426.7961904761905,872.9171428571428,
4,159592.0,93990086.0,146808709.0,-9415111.19,588.9398340768961,919.9001767005865,-58.99488188631009
5,63.0,46308.04,46241.06,,735.048253968254,733.9850793650793,
6,8015.0,2778694.0,2867433.0,-223260.2,346.68671241422334,357.75832813474733,-27.855296319401123
7,80011.0,26352276.29,29268855.5255,-3473430.83,329.3581668770544,365.81039513941835,-43.41191623651748
8,,,,,,,
9,2535110.0,803165836.0,1033752425.0,13434646.95,316.81695705511794,407.77418928567204,5.2994335354284425
10,229.0,107151.0,812.0,,467.90829694323145,3.5458515283842793,
11,7077.0,2060581.79,1537350.79,-805865.4,291.1660011304225,217.23198954359194,-113.87104705383638
12,233318.0,76838688.38,87467271.39,-8989541.02,329.3303061915497,374.8843697871574,-38.5291362860988
13,700.0,283446.31,172189.06,,404.9233,245.98437142857142,
14,,,,,,,
15,248.0,53139.0,120337.0,57450.42,214.2701612903226,485.22983870967744,231.6549193548387
16,,,,,,,
17,356.0,128379.22,38490.31,,360.6157865168539,108.11884831460674,
18,15038.0,5306873.0,7590690.0,-668914.23,352.8975262667908,504.7672562840803,-44.481595291927114
19,,,,-2751129.36,,,
20,539.0,223170.0,55766.0,,414.04452690166977,103.46196660482374,
21,7917.0,2593474.69,3610832.45,-280355.58,327.58300997852723,456.0859479600859,-35.41184539598333
22,,,,-15072.7,,,
23,740.0,191137.0,67604.0,-5029.01,258.29324324324324,91.35675675675675,-6.79595945945946
24,511698.0,178753728.3477,191626223.44511983,-10893205.76,349.33442840835806,374.4908587587206,-21.288349299782293
25,18.0,7065.0,3756.56,,392.5,208.6977777777778,
26,324884.0,115427342.65,148306395.28,6656762.38,355.28786474557074,456.4903020154886,20.48965901675675
27,3088102.0,942571978.65,1148724125.6500006,8441174.73,305.2269577397379,371.98386764750666,2.733450750655257
28,1564.0,654047.07,501682.0,,418.18866368286444,320.7685421994885,
29,,,,,,,
30,8077.0,1784005.94,1254218.0495,-484230.53,220.87482233502539,155.28266057942304,-59.951780363996534
31,,,,,,,
32,16365.0,5082191.0,5778329.0,856409.75,310.55245951726243,353.0906813321112,52.331790406355026
33,171.0,112639.71,159460.77,,658.7117543859649,932.5191228070175,
34,408507.0,131907279.0,288203286.0,26294064.75,322.9009025549134,705.5039105817036,64.3662525978747
35,1857597.0,542138872.72,597086526.71,20131634.31,291.84956302147344,321.42952788468114,10.837460606364028
36,,,,,,,
37,525565.0,110954506.0,113931264.0,-48452998.55,211.1147165431488,216.7786363247172,-92.19220943175439
38,3091.0,355126.0,76279.06723196305,-247328.86,114.89032675509544,24.677795933989987,-80.0158071821417
39,54591.0,15798846.0,12122248.972500002,689053.89,289.40385777875474,222.05581455734466,12.62211518382151
40,58566.0,13465931.75,12713287.44290283,-5999819.7,229.9274621794215,217.07624633580627,-102.44544104087696
41,,,,,,,
42,2690.0,862943.0,295044.0,,320.7966542750929,109.6817843866171,
43,172.0,72532.0,289093.0,168620.34,421.69767441860466,1680.7732558139535,980.3508139534883
44,105.0,25975.82,16675.03,,247.3887619047619,158.80980952380952,
45,137808.0,40988927.0,76820522.0,11878587.57,297.43503279925693,557.4460263555092,86.19664729188436
46,7959.0,3526468.74,2392772.56,,443.07937429325295,300.6373363487875,
47,127740.0,33153017.92,25205733.12,-3663100.18,259.5351332393925,197.32059746359795,-28.67621872553625
48,11908.0,4425413.0,6759424.0,2978136.23,371.6336076587168,567.63721867652,250.0954173664763
49,92463.0,24466345.22,15147518.560000002,-9792044.0,264.6068721542671,163.8224863999654,-105.90229605355655
50,17049.0,6337200.43,7551443.03,784206.91,371.7051105636694,442.92586251393044,45.99723796117075
51,409710.0,93736793.0,139654977.38000005,1953496.4,228.78815015498768,340.8629942642358,4.767997852139318
52,37735.0,11365541.0,25838238.0,-558586.58,301.1936133563005,684.7287133960514,-14.80287743474228
53,3113.0,1710434.0,2478740.0,,549.4487632508834,796.2544169611307,
54,98433.0,29722210.17,40129573.55,2979667.72,301.9537164365609,407.6841460688996,30.271024148405516
55,199582.0,60304876.0,28198872.0,-25983024.62,302.15588580132476,141.28965537974366,-130.18721437805013
56,2133.0,804160.83,1476307.62,,377.00929676511953,692.1273417721519,
57,,,,,,,
58,7358067.0,2764613657.122,2568707976.67,-26380560.05,375.7255345897231,349.10092238491444,-3.5852568412328947
59,842.0,74003.11,33189.3,-165775.07,87.88967933491686,39.41722090261283,-196.88250593824228
60,294886.0,101545360.0,116800407.0,5953639.83,344.3546319594691,396.0866470432642,20.189632027291903
61,7551901.0,2864002080.0,2536678058.0,-82078859.73,379.2425350914955,335.8992733088,-10.868635556795567
62,15408.0,7411703.3500000015,5604240.789999999,,481.02955282969896,363.7227927050882,
63,155023.0,70273738.3,24778424.53955945,-28712244.96,453.31169116840726,159.83708571992187,-185.21280687381872
64,3275.0,1498719.36,2149910.87,,457.6242320610687,656.4613343511451,
65,,,,,,,
66,720760.0,278139241.0,441889313.0,63308434.85,385.8971654919807,613.0880084910373,87.83566631056108
67,1277.0,687072.76,577429.05,309874.09,538.0366170712608,452.1762333594362,242.65786217697732
68,,,,,,,
69,2736915.0,895993865.0,681419303.0,-125635855.9,327.37365427863125,248.97349862893074,-45.904186246193255
70,,,,,,,
71,6984408.0,2658951422.0,2638243806.0,181516599.0,380.6981811486385,377.73334633371934,25.988830978946247
72,202.0,68830.0,123885.46,-40592.4,340.74257425742576,613.2943564356436,-200.95247524752477
73,22876.0,9807595.0,8941213.0,-115235.31,428.7285801713586,390.85561286938275,-5.037388966602553
74,230438.0,105005537.0,105532273.0,9791489.44,455.6780435518447,457.9638471085498,42.49077600048603
75,187043.0,57736325.1,33021025.17559849,-23491264.75,308.6794218441749,176.54242701196245,-125.59285699010388
76,82544.0,36465371.66999999,35046006.27382124,-1713529.97,441.76889501356834,424.5736367733723,-20.758988781740648
77,10567.0,4656797.6,4845846.23,,440.69249550487365,458.582968676067,
78,444015.0,187024958.0,479433200.0,53436905.52,421.2131527088049,1079.7680258549824,120.349324955238
79,4585.0,1634767.0,2504367.0,173278.24,356.54678298800434,546.2087241003271,37.7924187568157
80,890026.0,239276326.00577003,322392216.64743537,-41180913.97,268.8419506910697,362.2278637336835,-46.269338165401905
81,829731.0,231648599.0,261842374.0,-7630792.84,279.18518049825786,315.57501648124514,-9.1967069327288
82,4469.0,1024383.0,2636489.0,98569.13,229.21973595882747,589.9505482210785,22.056193779368986
83,,,,,,,
84,135223.0,44349854.0,54965967.0,6541514.95,327.97566981948336,406.48385999423175,48.375756712985215
85,90880.0,35996954.0,46141581.0,10417522.17,396.0932438380282,507.7198613556338,114.62942528609155
86,1201.0,647029.81,767349.24,,538.7425562031641,638.9252622814321,
87,65551.0,24627126.0,29021855.0,1562462.46,375.6941312870894,442.7370291833839,23.835829506796234
88,2857.0,1259820.1499999994,2795911.49,2379976.29,440.95910045502256,978.61795239762,833.0333531676584
89,19084.0,9615388.77,8685449.61,,503.8455653950953,455.1168313770698,
90,138751.0,41906992.590626895,49664673.435,6064407.53,302.0302022372948,357.94101256927877,43.70712665133945
91,193986.0,61543183.634,65114183.225,29925.42,317.2558000783562,335.66434291649915,0.15426587485694843
92,87852.0,23166217.33,18871983.9891,664060.25,263.6959583162591,214.81564436893868,7.5588518189682645
93,,,,,,,
94,534111.0,181263174.244,148064739.164,-318263.67,339.37360257324787,277.21716864846445,-0.5958755202570252
95,1504.0,754995.49,928849.03,168907.5,501.99168218085106,617.5857912234043,112.30551861702128
96,20210.0,8327280.45,12051717.3,2513503.26,412.0376274121722,596.3244581890153,124.3692855022266
97,310694.0,141690627.0,212669755.0,18515843.4,456.0455850450926,684.4990730429297,59.59511094517435
98,7471.0,4981886.02,4654320.68,,666.82987819569,622.984965868023,
99,93291.0,35918919.04,31853805.4,-621770.44,385.0201953028695,341.44564213053775,-6.664849127997341
100,65695.0,27024135.59,21847286.23,-164216.71,411.3575704391506,332.55630154501864,-2.4996835375599358
101,27086.0,12920412.57,14534404.08,1159270.36,477.0144196263753,536.6020852100717,42.79961456102784
102,399.0,260782.68,197148.41,,653.5906766917293,494.10629072681706,
103,11204.0,4087279.69,2760050.1223229608,-1899004.88,364.80539896465547,246.3450662551732,-169.49347375937165
104,439258.0,194807925.73,183674757.7277596,4456584.71,443.4931765158517,418.14778041096486,10.145710971684068
105,11893.0,5746681.99,8209998.99,2156886.02,483.1986874632137,690.3219532498108,181.35760699571176
106,44378.0,16848251.0,19155290.0,905352.48,379.6532290774708,431.63932579205914,20.400930190635
107,654579.0,280767787.03000003,281199270.2,25538509.66,428.92880313911695,429.58797975492644,39.01516800875066
108,7637.0,3105679.0,5626276.0,1551767.81,406.66217100955873,736.7128453581249,203.19075684169178
109,,,,,,,
110,204238.0,95596346.48,94063469.84283228,-6912671.83,468.06346752318376,460.55812259634484,-33.84615903994359
111,482538.0,169320298.01999998,166089425.65856674,-26170707.17,350.8952621762431,344.19968097552265,-54.23553620647493
112,,,,,,,
113,,,-16.66,,,,
114,4233.0,989112.32,15388473.43,,233.66697850224426,3635.358712497047,
115,,,,,,,
116,181.0,103401.8,12905.09,,571.2806629834255,71.29883977900552,
117,7547.0,2045560.4,1150528.64,-254043.25,271.04285146415793,152.44847489068502,-33.66148800848019
118,78795.0,30954934.21,34339711.12,3510581.06,392.8540416270068,435.8107890094549,44.55334805507964
119,110036.0,33188114.25,30505235.97000001,-1630614.05,301.61142035333893,277.2295973136065,-14.818914264422553
120,28987.0,8721639.0,9746356.0,-1625923.79,300.88105012591853,336.23196605374824,-56.09148204367475
121,23387.0,8127670.650000001,7114111.22,-1832345.1,347.52942446658403,304.1908419207252,-78.34887330568264
122,358.0,142305.26,59814.41,,397.5007262569833,167.07935754189944,
123,12516.0,4569217.03,4965220.65,-743159.52,365.07007270693515,396.7098633748802,-59.37675934803452
124,,,,2779948.94,,,
125,279.0,79509.0,42692.0,,284.97849462365593,153.0179211469534,
126,814.0,412018.92,430624.65,,506.1657493857494,529.0229115479116,
127,4600.0,1972578.68,1133510.71,-245126.83,428.82145217391303,246.41537173913042,-53.28844130434782
128,,,,,,,
129,2948.0,986662.0,772875.0,40682.47,334.6886024423338,262.1692672998643,13.800023744911805
130,37.0,44598.83,-11362466.1354,-279.3,1205.373783783784,-307093.6793351351,-7.548648648648649
131,6204216.0,2399215802.77,2407327472.99,368933330.5,386.70732978510097,388.01477462905865,59.46493972808168
132,197146.0,81792203.05,116989596.14,10189460.6,414.88137243464234,593.4160274111572,51.68484574883588
133,485275.0,153265045.82,124845466.75,-28025200.75,315.83132413579926,257.2674602029777,-57.75117356138272
134,168528.0,55062372.0,50135453.0,-148477.46,326.72536314440333,297.4903458179056,-0.8810254675780879
135,111.0,196528.25,635771.1170135455,193747.7,1770.5247747747749,5727.667720842752,1745.474774774775
136,34529.0,12535255.490000002,10352181.89,-2790586.53,363.0355784992326,299.81122795331464,-80.81863158504444
137,99351.0,40411166.72,40149485.54345126,814327.97,406.7514843333233,404.1175785191015,8.196474821592133
138,1110889.0,481493023.5,549283125.4800003,81745567.9,433.43036387973956,494.4536542174783,73.58572089560704
139,3470273.0,1188746061.4998102,1144224613.9529998,-135056370.8,342.55116571514986,329.72178671620355,-38.918082467863485
140,10292.0,3189781.0,4324035.0,544782.95,309.9281966575981,420.1355421686747,52.93266129032258
141,2136.0,835630.0,581247.0,,391.2125468164794,272.1193820224719,
142,158.0,75514.52,53235.14,,477.94,336.9312658227848,
143,38845.0,21615308.07,17434902.57,,556.4502013129103,448.83260574076456,
144,497891.0,238338961.0,448394923.0,73421679.32,478.69706622533846,900.5885284128453,147.46536756036963
145,741265.0,248150190.0,203700851.0,-62496825.44,334.76582598665794,274.80165797656707,-84.31104320317296
146,1722261.0,586687204.0,333655952.1,-218903904.1,340.649416087341,193.7313520424605,-127.10263084398937
147,37045.0,18538858.37,20950336.53,2314125.36,500.44158105007426,565.5374957484141,62.467954109866376
148,2827355.0,798433547.06,727386476.85,-110567546.0,282.3959308470284,257.2674732568072,-39.10635417200882
149,778753.0,316317240.0,490160774.0,35074237.06,406.18429720334944,629.4175097880843,45.03897520780016
150,,,,,,,
151,1434483.0,550885456.07,697124928.44,14572435.15,384.03066196671557,485.9764308395429,10.158667024983915
152,280.0,125.65,3921.93,,0.44875000000000004,14.006892857142857,
153,18268.0,7453747.0,7254775.727989506,700760.1,408.022060433545,397.1302675711356,38.359979198598644
154,7636.0,4216909.92,3195481.36,,552.2406914614982,418.4758198009429,
155,1312.0,41041.0,198363.0,-166901.91,31.28125,151.19131097560975,-127.21182164634146
156,187352.0,64261869.34859996,27042932.64781481,-26584661.51,343.0007117543446,144.34290879101803,-141.8968653123532
157,41870.0,15021291.46,13064460.97,-1502492.36,358.7602450441844,312.0243842846907,-35.88469930737999
158,231548.0,60196665.78,44044679.37979999,-2261208.38,259.97488978527133,190.2183537745953,-9.765613954773956
159,,,,,,,
160,270.0,243554.01,163690.47,,902.0518888888889,606.261,
161,176902.0,59247314.0,86145427.0,10590785.72,334.9160212999288,486.96694780160766,59.868094877389744
162,18.0,15253.299999999988,17190.80201125357,1983.9,847.4055555555549,955.044556180754,110.21666666666667
163,873.0,348635.46,588424.27,,399.35333333333335,674.0255097365407,
164,15247.0,6050468.51,8094148.9124,1622203.69,396.8300983800092,530.8682962156489,106.3949426116613
165,59.0,31164.0,103869.42,,528.2033898305085,1760.4986440677965,
166,126026.0,53132280.58,89861489.51,9760768.12,421.59777014266894,713.0392895910368,77.45043181565708
167,223797.0,67911724.15759999,43566063.28059851,-13768906.67,303.4523436757418,194.66777159925516,-61.524089554372935
168,,,,-58546619.35,,,
169,1329937.0,388444221.092,358677256.28000003,-15389290.74,292.0771593631879,269.69492260159694,-11.571443414236915
170,6138.0,1688342.0,1012820.0,,275.0638644509612,165.0081459758879,
171,44469.0,16818343.0,23889040.0,3938467.33,378.20375992264275,537.2065933571702,88.5665818885066
172,260103.0,110547996.0,91511228.51,,425.0162281865261,351.82688592596014,
173,,,,,,,
174,1023.0,223213.0,152912.0,370.93,218.19452590420332,149.47409579667644,0.36259042033235583
175,11225.0,4721469.34,8614071.95,586323.62,420.62087661469934,767.4006191536747,52.23373006681514
176,,,,,,,
177,940354.0,259367562.61,233200810.61,,275.81906666000253,247.99257578528938,
178,151336.0,55822683.76,78554433.0,4679043.57,368.8658598086377,519.0730097267009,30.91824529523709
179,248398.0,80536607.94999999,68980935.35999998,-14644018.02,324.22405957374855,277.70326395542634,-58.953848340163766
180,263617.0,92779598.0,98734595.0,2627520.08,351.9484631112561,374.53804193204536,9.967187548602707
181,3442073.0,1157687889.9542172,1574761849.3990002,68541368.02,336.33449666936673,457.50390808068283,19.9128164975002
182,,,,,,,
183,308670.0,91329533.0,125172066.0,15467100.5,295.8808209414585,405.5206725629313,50.10885573589918
184,4.0,836.0,,,209.0,,
185,,,,,,,
186,226746.0,61802512.0,67622713.0,-15467100.5,272.562744215995,298.2311176382384,-68.21333342153775
187,,,,,,,
188,616196.0,201598194.82,218553382.55,-10780079.07,327.16569860888416,354.68159895552714,-17.494561908873152
189,121898.0,25305558.0,32017398.0,-4391485.66,207.59617056883624,262.6572872401516,-36.02590411655647
190,739.0,408588.0,840584.0,160860.73,552.893098782138,1137.4614343707713,217.67351826792964
191,,,,,,,
192,12.0,18039.0,20933.0,,1503.25,1744.4166666666667,
193,,,,,,,
194,29.0,15787.94,18378.66,,544.4117241379311,633.7468965517241,
195,608.0,237862.13,74051.1,,391.2206085526316,121.79457236842106,
196,1768.0,611530.0,638330.0,,345.88800904977376,361.04638009049773,
197,36399.0,12243011.0,9924785.0,-244924.54,336.35569658507103,272.66641940712657,-6.728881013214649
198,10554.0,4079846.93,5848206.17,-1753954.62,386.56878245215086,554.1222446465795,-166.18861284820923
199,1505991.0,466896242.0,470969260.0,16573829.24,310.02591781756996,312.73046120461544,11.005264467051928
200,1474.0,615416.0,729492.0,435753.94,417.51424694708277,494.9063772048847,295.6268249660787
201,,,,,,,
202,,,,,,,
203,521.0,186913.12,156641.77,,358.7583877159309,300.6559884836852,
204,278361.0,81043959.0,154031972.0,9855840.04,291.1469602422753,553.3532786561336,35.40668426970732
205,7920.0,2280755.0,1914234.0,137386.95,287.97411616161617,241.6962121212121,17.346837121212122
206,216324.0,56230235.0,81455972.0,-6390206.43,259.93525914831457,376.5461622381243,-29.539979059188994
207,,,,,,,
208,126390.0,31416377.0,20804518.0,1002953.94,248.56695149932747,164.60572830128964,7.935389983384761
209,13.0,7649.37,2034.58,,588.4130769230769,156.50615384615384,
210,16.0,3344.0,715.5,,209.0,44.71875,
211,270.0,83730.0,14761.0,,310.1111111111111,54.67037037037037,
212,11749.0,3156976.0,5057888.0,-37955.58,268.7016767384458,430.4951910800919,-3.230537066984424
213,34541.0,7143434.0,8342078.866933582,600458.28,206.81028343128457,241.5123727435101,17.383928664485683
214,337.0,60670.37,28072.34,-16255.24,180.03077151335313,83.3007121661721,-48.23513353115727
215,1019070.0,290413106.99,366301108.39969856,-5152221.99,284.97856574131316,359.44646432502043,-5.055807736465601
216,11737.0,4028987.04,3811020.9,-702032.46,343.27230467751554,324.7014484110079,-59.81362017551333
217,96.0,14461.0,,,150.63541666666666,,
218,275330.0,92073345.0,102635610.0,-1326442.96,334.41087059165363,372.77307231322413,-4.817647768132786
219,,,,,,,
220,24.0,31253.30000000001,60705.3763877256,-76.03,1302.2208333333338,2529.3906828219,-3.1679166666666667
221,2645.0,1057632.37,416438.84,,399.8610094517959,157.44379584120983,
222,80734.0,21936657.94,17308858.939999998,-644379.33,271.7152369509748,214.39367478385807,-7.981511259196868
223,6478135.0,2068327690.0,2620797653.0,23056950.67,319.2782629568541,404.5605182664455,3.5591957669915804
224,12.0,4451.16,19587.4,,370.93,1632.2833333333335,
225,,,,,,,
226,5992.0,2096598.0,1271982.0,,349.89953271028037,212.28004005340455,
227,128.0,40386.17,8992.64,,315.516953125,70.255,
228,12865.0,4870781.6200003,4513915.8769,730433.28,378.6071993781811,350.8679266925767,56.77678041197046
229,,,,,,,
230,12.0,14551.92,3803.39,,1212.66,316.94916666666666,
231,18886.0,7425714.26,6383004.59,-368112.74,393.1861834162872,337.9754627766599,-19.491302552155034
232,117846.0,36490055.0,37441924.0,5250022.24,309.64186310948185,317.7190910170901,44.54985523479796
233,86198.0,30799902.728042,25580582.551,4859821.84,357.31574663033945,296.765383779206,56.379751734378985
234,16369.0,4679028.8922,1271944.2142316015,-2232448.52,285.84696024192067,77.70445440965248,-136.3827063351457
235,36698.0,12785277.03,10256028.67,-670691.43,348.3916570385307,279.47105210093196,-18.275966810180392
236,229.0,17740.0,15380.2,-8129.85,77.46724890829694,67.16244541484717,-35.501528384279474
237,414794.0,127889882.83914328,183230368.37417576,-22604098.38,308.3214386879831,441.73823240976424,-54.49475734943128
238,3229.0,740957.0,602404.0,26867.72,229.46949519975226,186.5605450603902,8.320755651904614
239,3303.0,1841854.78,1709451.63,,557.6308749621556,517.5451498637602,
240,168861.0,52262152.79,50920827.36,-5367684.26,309.49806521340037,301.554695045037,-31.78759014810998
241,29.0,538.16,4345.89,,18.557241379310344,149.85827586206898,
242,,,,,,,
243,1348881.0,538041022.8510001,494138475.284,-13429318.84,398.87953262815626,366.3321488582017,-9.955895916689464
244,561.0,230269.61,60378.7,,410.46276292335114,107.62691622103387,
245,9312.0,4856198.49,4363185.98,79692.27,521.4989787371135,468.55519544673547,8.55801868556701
246,,,,-8064367.37,,,
247,,,,,,,
248,310475.0,143149170.83,191255324.16,13324209.36,461.0650481681295,616.0087741686126,42.91556279893711
249,175956.0,70833855.12,76193125.79,-8198015.22,402.5657273409262,433.0237433790266,-46.59127975175612
250,,,,,,,
251,,,,,,,
252,,,,,,,
253,111408.0,40754310.0,43521941.03,-7085738.88,365.811342093925,390.6536427366078,-63.60170616113744
254,203446.0,73953771.20000021,54159873.27796608,-18119292.96,363.5056535886683,266.2125245911253,-89.06192778427692
255,211299.0,103834074.08000349,109330228.32783006,17928174.59,491.4082607111415,517.4195255435665,84.847418066342
256,5900.0,2624740.62,2069099.3,-233538.83,444.87129152542377,350.6947966101695,-39.582852542372876
257,2194.0,1022172.57,749367.48,,465.894516864175,341.5530902461258,
258,158525.0,62672128.89070003,41910124.08089376,-8090.12,395.345395935657,264.3754870266126,-0.051033717079325025
259,12.0,22.0,,,1.8333333333333333,,
260,150303.0,55542965.0,84176799.0,15394607.15,369.53996260886345,560.0473643240654,102.42381822052786
261,6522.0,1705257.0,1170953.0,,261.46228150873964,179.53894510886232,
262,,,,,,,
263,105258.0,36172211.59,57228856.8685,8411678.81,343.65284909460564,543.7007815890479,79.91486452336164
264,692644.0,220132355.0,284277498.0,17980150.06,317.8145699666784,410.42367796443773,25.958717696247998
265,52893.0,10922316.9,11120538.0675,129998.03,206.4983438262152,210.24593173954966,2.457754901404723
266,212523.0,53701829.0,66859475.0,-11980761.66,252.68713974487468,314.5987728387045,-56.37395321918098
267,36.0,26610.160000000003,80378.07940460596,4300.78,739.1711111111113,2232.7244279057213,119.4661111111111
268,19843.0,6597045.54,7867083.1,325366.78,332.4621045204858,396.4664163684927,16.397055888726506
269,,,,,,,
270,857.0,175437.0,148699.0,12212.08,204.71061843640607,173.5110851808635,14.249801633605601
271,,,133.99,,,,
272,641288.0,163491388.53,187931271.11,-18755986.82,254.94222335362582,293.0528422643181,-29.247369075984583
273,165451.0,45094200.14,55453253.68999999,-1458451.11,272.55320390931456,335.1642098869151,-8.815003294026631
274,29203.0,10792425.0,11634598.0,838285.82,369.5656268191624,398.4042050474266,28.7054693010992
275,2813.0,690716.26,398728.39,,245.54435122644864,141.74489512975472,
276,309590.0,86715627.10999994,103606226.78835638,12904886.1,280.0982819535513,334.65624467313665,41.68379501921896
277,401.0,197729.86,44840.81,,493.0919201995012,111.82246882793017,
278,,,,,,,
279,427.0,175461.0,184816.0,,410.91569086651054,432.824355971897,
280,189064.0,51957088.4900003,55892517.14350001,3404519.29,274.8121720158269,295.62749726812086,18.007231889730463
281,35805.0,8818172.0,13346144.0,1187533.23,246.2832565284178,372.74525904203324,33.166687054880605
282,216.0,117157.12,104418.16,,542.3940740740741,483.41740740740744,
283,319.0,87921.25,27455.87,,275.6152037617555,86.06855799373041,
284,916.0,180760.0,94276.0,,197.33624454148472,102.92139737991266,
285,1020298.0,297745092.262,253014028.12,3129303.34,291.8216954870048,247.98051953448893,3.0670483917443727
286,51.0,18184.0,123278.52830094815,,356.54901960784315,2417.2260451166303,
287,56561.0,11993627.340000065,11147992.217404844,-3862217.41,212.04765368363473,197.09680199085668,-68.28410760064355
288,314.0,88014.12,25073.73,,280.2997452229299,79.8526433121019,
289,13076.0,3446377.59,2092053.89,-1451612.01,263.5651261853778,159.9918851330682,-111.01346053839094
290,486.0,154888.51,211868.39152822032,-53971.89,318.70063786008234,435.94319244489776,-111.05327160493827
291,,,,,,,
292,623708.0,221493442.32764772,324284775.72576433,-2353554.57,355.12361926999125,519.9304413696223,-3.7734878661168363
293,778.0,423520.1,166012.12,,544.3703084832905,213.38318766066837,
294,599791.0,224819726.0,202707594.0,-30654005.69,374.8301091546889,337.96371402705273,-51.10781203785986
295,322.0,180964.0,1301182.0,235529.13,562.0,4040.9378881987577,731.4569254658385
296,,,,,,,
297,20764.0,8172343.0,7963945.0,-317760.3,393.58230591408204,383.5458004238104,-15.303424195723366
298,348378.0,141085363.9,139128345.93,-16112496.42,404.9778226524063,399.36030957752786,-46.25003995659887
299,248033.0,72076866.8460134,70634494.8765,-2526804.46,290.5938598735386,284.7786176698262,-10.187372083553399
300,15331.0,5107939.55,4578883.32,198496.43,333.17719326854086,298.6682747374601,12.947389602765638
301,287238.0,74287655.86,119232310.90670002,-8658833.22,258.62753486655663,415.0993632691358,-30.145152173458946
302,84352.0,36491283.0,35727199.9,-261974.85,432.60720551972685,423.54893659901364,-3.1057337111153265
303,7895.0,3230043.86,2202185.69,,409.12525142495247,278.9342229259025,
304,78262.0,19409194.68,12798652.92,-9447131.62,248.00279420408373,163.53598068027907,-120.71160486570749
305,226.0,138756.0,115687.0,,613.9646017699115,511.8893805309734,
306,,,,,,,
307,1471589.0,545121264.0,646659307.0,67544981.11,370.43037424172104,439.4292883406984,45.899351727962085
308,2558.0,2307543.0,2184281.0,,902.0887412040656,853.9018764659891,
309,129455.0,68889815.0,68596735.0,,532.1526012900235,529.8886485651385,
310,15810.0,6049869.1121999975,2862510.9529405264,,382.66091791271333,181.05698627074804,
311,5476.0,3167887.19,3646002.74,,578.5038696128561,665.8149634769906,
312,54482.0,25232898.0,25529506.0,,463.14191843177565,468.58606512242574,
313,135389.0,63734606.66999998,72589175.31077889,,470.7517351483502,536.1526808734749,
314,5867.0,3904718.0,7432948.0,,665.5391170956195,1266.9077893301517,
315,590554.0,211691538.77905965,269160627.38619614,,358.462627937597,455.7764868008618,
316,592588.0,304248807.0,331241353.0,,513.4238408472665,558.9741152368931,
317,200.0,138890.06351238664,195992.1,,694.4503175619332,979.9605,
318,688066.0,207545372.0,151069668.0,,301.6358488865894,219.55694366528792,
319,56185.0,13457110.0,7964463.0,,239.51428317166503,141.75425825398239,
320,282386.0,83798266.0,61347073.42628569,,296.75078084607594,217.24544923008114,
321,83136.0,36503435.73669797,32574554.69,,439.0809725834533,391.8224919409161,
322,,,,,,,
323,120352.0,30878843.46000001,25117387.64279139,,256.57108697819734,208.69937884531532,
324,568.0,11199.55,6216.41,,19.7175176056338,10.944383802816901,
325,2914.0,1417059.83,1293575.05,,486.2936959505834,443.91731297186,
326,1994245.0,542184203.79,550886744.48,-16434375.57,271.87442054010415,276.23824779803886,-8.240900977562937
327,27649.0,8397232.7,6850854.38,-1146080.38,303.70836919960936,247.77946327172774,-41.45106079785887
328,4317.0,1553035.0,3564937.0,1034979.8,359.7486680565207,825.7903636784804,239.7451470928886
329,6662.0,2650550.76,3724009.19,596980.74,397.86111678174717,558.99267337136,89.60983788652057
330,670981.0,214100821.73,226180077.86,22545287.16,319.0862658257089,337.08864760701124,33.60048520002802
331,1665.0,818143.05,953204.31,,491.3772072072072,572.4950810810811,
332,319.0,119536.79,163878.64999999994,,374.7234796238244,513.7261755485891,
333,1657.0,150911.86,125088.95,,91.07535304767651,75.49121907060953,
334,7335.0,2167727.03,1461037.56,,295.53197409679615,199.1871247443763,
335,1479.0,882196.92,638634.77,,596.482028397566,431.80173766058147,
336,47868.0,15266749.0,15460626.0,-3443885.2,318.9343402690733,322.9845826021559,-71.94545834377872
337,287296.0,87409483.0,83733862.0,-17702319.36,304.2488687625306,291.4550219982179,-61.6170060147026
338,306744.0,99853831.58,114469208.05,14549412.84,325.52823064183815,373.1750516717523,47.43177646506533
339,3228.0,1222730.1800000002,2854907.904829077,208585.27,378.78877942998764,884.4200448665047,64.61749380421313
340,688724.0,291354380.0,339462243.31014127,2738773.24,423.0350329014235,492.8857471354872,3.976590390345044
341,260198.0,93504165.992,86563583.55299999,-3917017.08,359.3577429188541,332.6835085319641,-15.053986118263785
342,342.0,142985.64,32681.709999999995,,418.0866666666667,95.56055555555554,
343,2633.0,780401.94,602279.6099999999,-207447.42,296.39268515001896,228.74273072540822,-78.78747436384353
344,36.0,25614.06,1742.34,,711.5016666666667,48.39833333333333,
345,10766.0,4919770.760000002,6071183.4274618365,1177105.98,456.97294817016547,563.9219234127658,109.33549879249489
346,54902.0,14782117.0,15350630.0,-4076070.63,269.24551018177846,279.6005609995993,-74.2426620159557
347,1553522.0,627863417.5285665,680168155.820771,84043000.54,404.15482853063327,437.82331748167775,54.09836522430967
348,36196.0,17867425.0,17796813.96,3123625.29,493.62982097469336,491.67902420156923,86.2975270748149
349,,,,,,,
350,,,,,,,
351,255090.0,59195738.0,53108065.0,37908.56,232.05824610921636,208.19344153044023,0.14860856952448154
352,497784.0,171533872.0,159298734.0,-27447894.51,344.59498899120905,320.0157779277759,-55.14017025456825
353,41.0,14481.0,5097.443294528459,428.3,353.1951219512195,124.32788523240144,10.446341463414635
354,94081.0,35127892.0,33194265.0,3869249.1,373.3792370404226,352.8264474229653,41.12678542957664
355,14956.0,4317884.0,2129192.42,-489545.74,288.70580369082643,142.36376170098956,-32.732397699919765
356,66465.0,26023019.0,33438912.0,-7071364.84,391.52966222824045,503.1055743624464,-106.39230933574062
357,46145.0,14749675.81,16108348.77,358625.01,319.6375730848413,349.08113056669197,7.77169812547405
358,210962.0,60800064.0,49356249.0,-10842830.41,288.20386609910787,233.958006655227,-51.39707819417715
359,,,,,,,
360,288.0,121830.0,45897.57,45009.16,423.0208333333333,159.3665625,156.28180555555556
361,,,,,,,
362,,,,,,,
363,306867.0,83682650.0,92279790.0,-4117248.29,272.70006224194844,300.71591275699245,-13.417044810944155
364,12200.0,5515047.52999999,4722514.6920689,-347998.34,452.0530762295074,387.09136820236887,-28.524454098360657
365,33385.0,10083892.39,6049813.1005,-356523.02,302.0485963756178,181.2135120712895,-10.679137936198892
366,2949.0,1146442.41,576681.84,,388.7563275686673,195.55165818921668,
367,108034.0,32834737.0,28529176.0,1882988.25,303.92966103263785,264.07590203084214,17.429589295962383
368,118357.0,35855316.0,35364842.0,4463306.2,302.942082006134,298.7980601062886,37.71053845568915
369,55506.0,15960199.94,12734732.13,-3038785.1,287.5400846755306,229.42982974813535,-54.74696609375563
370,7574.0,1778772.0,989333.0,,234.85238975442303,130.62226036440455,
371,29548.0,9219535.85,7865754.380000001,-1395523.24,312.01894713686204,266.20259848382295,-47.22902531474212
372,,,,,,,
373,105644.0,25854093.0,24852227.0,1364106.91,244.72845594638596,235.24503994547726,12.912298947408276
374,,,,,,,
375,,,,,,,
376,1596397.0,519788391.0,452587896.7826948,-40004463.16,325.60095703011217,283.50585523694593,-25.059219705374037
377,87919.0,26449251.0,29740330.0,1018837.12,300.8365768491452,338.26965729819494,11.588361105108111
378,138388.0,36796777.04999998,35785272.12999997,-5042829.16,265.89572108853355,258.5865257825821,-36.43978639766454
379,145243.0,34215000.0,40862000.0,-4257609.45,235.57073318507605,281.33541719738645,-29.313698078392765
380,2462520.0,782721397.0,1073087950.0,29086945.86,317.85382331920147,435.768217110927,11.811861775741923
381,,,,,,,
382,4840.0,1210818.0,651360.0,-93357.87,250.1690082644628,134.5785123966942,-19.288816115702478
383,93058.0,27829594.0,39416864.0,865806.78,299.05643792043674,423.5730834533302,9.303947860474112
384,261.0,131424.39,254229.57,,503.5417241379311,974.0596551724138,
385,76939.0,25770963.61999998,40944996.07627061,7678426.35,334.9531917493076,532.1747888102342,99.79888418097454
386,111.0,45439.0,440419.2400000001,-17274.78,409.36036036036035,3967.740900900902,-155.62864864864864
387,9394.0,4443000.0,5931000.0,31708.01,472.9614647647434,631.3604428358527,3.375347030019161
388,507606.0,109802000.0,100347000.0,-29118111.14,216.3134399514584,197.6867885722391,-57.3636070889627
389,115591.0,26968684.88,29837423.0,-5906132.97,233.3112861727989,258.1292920729123,-51.09509364915954
390,78619.0,55169518.0,32466576.0,5753591.46,701.7326346048665,412.96093819560156,73.18321856039888
391,,,,,,,
392,,,,,,,
393,134182.0,36013379.0,39018665.0,3559221.84,268.39202724657554,290.7891147843973,26.52533007407849
394,100794.0,34181806.75,37885711.01,1543008.5,339.12541173085697,375.8726810127587,15.308535230271643
395,299911.0,110824255.31,109717536.72,-10361029.92,369.5238097635632,365.83365305040496,-34.54701534788654
396,785.0,72029.7,32729.91,-53584.07,91.7575796178344,41.694152866242035,-68.2599617834395
397,85368.0,26388328.34,32700323.223,-188325.95,309.1126457220504,383.05129817964576,-2.206048519351514
398,1037701.0,337688912.117,277405688.64400005,7298221.08,325.4202435161959,267.3271863899139,7.033067405736334
399,,,,,,,
400,659275.0,197237281.45999992,232319618.51753065,20705929.36,299.1730028592013,352.38651324186515,31.407120488415305
401,1752758.0,534928354.89,554088580.74,-20980901.39,305.19236248814724,316.1238349732251,-11.970221439582646
402,,,,-1547250.27,,,
403,7897.0,2054294.03,2303668.8400000003,,260.1360048119539,291.71442826389773,
404,7379.0,1713773.0,1357051.0,,232.25003387992953,183.9071689930885,
405,,,,,,,
406,63041.0,22905020.0,23492364.0,1879512.84,363.3352897320791,372.6521470154344,29.81413429355499
407,825.0,244782.78,209938.68,34117.16,296.7064,254.47112727272727,41.35413333333334
408,646.0,697745.0,515889.94,,1080.1006191950464,798.5912383900928,
409,4821.0,2245406.86,1630747.4,,465.7554158888197,338.2591578510682,
410,120726.0,26708066.0,24317228.303946,-1884389.93,221.22878253234597,201.4249482625615,-15.60881607938638
411,24.0,7499.470000000001,14294.534674169043,-4529.5,312.4779166666667,595.6056114237101,-188.72916666666666
412,793293.0,227165202.0,207890018.0,2213375.4,286.35725009548804,262.05956437281054,2.7901108417696867
413,67.0,20331.88,69522.74,,303.46089552238806,1037.6528358208957,
414,,,,,,,
415,28059.0,10499567.0,11707483.0,-67176.42,374.1960511778752,417.2451976193022,-2.3941131187854165
416,336079.0,141591436.31772548,146082350.678,13191678.23,421.3040276771994,434.6667024062795,39.251718286474315
417,679.0,203766.0,49337.0,,300.09720176730485,72.66126656848306,
418,10571.0,3888454.02,3007970.06,-448183.32,367.8416441207076,284.54924415854697,-42.397438274524646
419,2953.0,647952.86,526416.9,-199659.48,219.4218963765662,178.26512021672875,-67.61242126650863
420,,,,-4508929.62,,,
421,21.0,12143.0,50480.0,-289.05,578.2380952380952,2403.809523809524,-13.764285714285714
422,266447.0,105615989.28,102925934.93,-10180815.77,396.38648316550757,386.29046275619544,-38.2095342413313
423,622.0,271920.09,145388.03,,437.1705627009647,233.74281350482315,
424,122296.0,36162384.0,52480931.90754251,-805324.98,295.69555831752467,429.1304041631984,-6.585047589455092
425,67694.0,21696872.0,24865264.0,1231200.88,320.5139598782758,367.31858067184686,18.1877401246787
426,555866.0,174623320.18,233970780.89606345,-4708322.25,314.1464312981906,420.9121998756237,-8.470246876045666
427,223233.0,76503090.0,112773266.0,4282446.27,342.70511080351025,505.1818772314129,19.183750923922535
428,,,,,,,
429,52.0,58753.32,18546.07,,1129.8715384615384,356.6551923076923,
430,,,,,,,
431,3055.0,854241.0,281775.0,,279.62062193126025,92.23404255319149,
432,6595736.0,2458601688.0,2480964788.0,67566338.19,372.75623038884515,376.14676936736095,10.243942175672283
433,1.0,469.0,,,469.0,,
434,28992.0,6801002.18,5108896.3385000015,-520970.75,234.58202883554083,176.21745096923294,-17.969465714679913
435,5539.0,2106567.0,2571812.0,596150.26,380.3153998916772,464.30980321357646,107.62777757718
436,25083.0,8892903.68,10284776.67,-684964.86,354.5390774628234,410.02976797033847,-27.3079320655424
437,,,,,,,
438,15.0,15074.319999999992,18276.069348338096,8222.85,1004.9546666666662,1218.4046232225398,548.19
439,624707.0,239706071.42,273354882.56,-15787937.71,383.70959733122885,437.5729462932223,-25.272548106552353
440,1258611.0,398670798.61,394678419.38,-47680707.29,316.754579937725,313.5825281838471,-37.883593334239094
441,93.0,54953.8,44764.35,,590.9010752688172,481.3370967741935,
442,3338.0,1007779.0,550467.0,-138633.22,301.91102456560816,164.90922708208507,-41.53182144997004
443,16986.0,4390892.19,4106034.29,-715751.32,258.500658777817,241.7305010008242,-42.13772047568585
444,77.0,2405.05,32968.3,,31.234415584415586,428.1597402597403,
445,3025.0,1825650.49,1357995.77,,603.5208231404958,448.9242214876033,
446,,,,,,,
447,,,,,,,
448,82276.0,22802565.0,24135384.0,-2641746.14,277.1472239778307,293.3465895279304,-32.1083443531528
449,36.0,29987.99,4494.539999999999,,832.9997222222223,124.8483333333333,
450,514810.0,194054519.0,175053351.0,1716903.71,376.9439579650745,340.03486917503545,3.3350240088576366
451,13459.0,3338127.2700000014,2110928.249999999,,248.02193847982772,156.84138866186188,
452,46779.0,19001114.0,15054750.0,-162737.22,406.1889736847731,321.82710190470084,-3.4788520489963446
453,53628.0,18429287.98,17357765.700000007,-825246.58,343.65048071902737,323.66983105840245,-15.388352726187811
454,28955.0,9384377.0,9045705.67,-728919.89,324.10212398549476,312.40565256432393,-25.17423208426869
455,1908.0,530894.0,208105.0,,278.2463312368973,109.06970649895179,
456,317.0,41203.0,31226.0,4484.41,129.97791798107255,98.50473186119874,14.146403785488959
457,547175.0,172505064.98,190002625.67,-13630630.99,315.2648877964088,347.24288512815826,-24.910916964408095
458,80376.0,29893734.0,40852504.0,6667658.89,371.9236339205733,508.2674430178163,82.95584365979894
459,847755.0,295502067.0,336088448.0,13541049.63,348.5701258028558,396.4452559996697,15.972833696056055
460,53942.0,15877797.06,21803023.04,-10205123.79,294.3494319824997,404.19382002891996,-189.18697471358124
461,,,,,,,
462,45570.0,16368775.92,26210136.49,3559594.19,359.20070046082947,575.1620910686855,78.11266600833882
463,1806.0,652604.11,342126.26,,361.35332779623474,189.43868217054265,
464,74.0,22035.0,161599.0,14477.63,297.77027027027026,2183.7702702702704,195.64364864864865
465,1265.0,77943.39,74911.12,48490.02,61.61532806324111,59.21827667984189,38.33203162055336
466,2420.0,715408.0,226936.0,,295.62314049586774,93.77520661157025,
467,,,,,,,
468,47854.0,20020663.0,26184833.69,5306302.38,418.3696869645171,547.1817129184603,110.88524219500982
469,25390.0,14018171.0,25648645.0,6151610.42,552.1138637258763,1010.1868846002363,242.28477432059867
470,20.0,23555.87,3973.01,,1177.7935,198.65050000000002,
471,127889.0,47145922.0,35682494.16,,368.647201870372,279.0114408588698,
472,99053.0,37180019.76000001,30801493.11396277,-1229943.19,375.35480762823954,310.95971968504506,-12.417021089719645
473,92215.0,28174228.0,18870456.0,-10494673.57,305.52760396898555,204.6354280756927,-113.80657778018761
474,,,,,,,
475,18.0,73380.15999999999,193944.8321800572,110166.0,4076.675555555555,10774.712898892067,6120.333333333333
476,359424.0,125557357.011,90778872.65,156537.94,349.3293631226629,252.56764336827814,0.4355244502314815
477,563748.0,216153196.0,210816360.96,-38582686.31,383.4216635801812,373.9549603014113,-68.43959767484763
478,28.0,187369.0,4024.0,-945.51,6691.75,143.71428571428572,-33.768214285714286
479,,-95113.0,1026.0,,,,
480,352.0,288404.0,1939512.0,817727.44,819.3295454545455,5509.977272727273,2323.089318181818
481,137784.0,65906002.89,89863131.94,18952235.0,478.3284190472043,652.2029549149393,137.55033240434304
482,27789.0,10354780.0,9203574.2986226,-1957295.7,372.6215408974774,331.19487202211667,-70.43418978732592
483,94349.0,51681556.7,81121203.77,44955766.0,547.770052676764,859.7992959119863,476.4837571145428
484,179483.0,84242801.0,80346158.0,-4859744.69,469.36367789707106,447.65330421265526,-27.07635090788543
485,7037.0,3126280.33,2756796.21,,444.2632272275117,391.7573127753304,
486,8849.0,5334473.549999999,20176352.380000006,5290240.82,602.8334896598484,2280.0714634421975,597.8348762572042
487,2105500.0,938578431.0,702371782.0,-62882998.27,445.77460508192826,333.589067679886,-29.866064246022326
488,543379.0,273822437.0,328425555.0,38267701.25,503.92532100062755,604.4134112654335,70.42543280104678
489,48422.0,13765542.0,8974418.0,-265619.48,284.2828053364173,185.33761513361696,-5.485512370410143
490,,,,,,,
491,223887.0,67521634.0,63807149.0,-2390195.41,301.5880064496822,284.9971146158553,-10.675900833902817
492,3453.0,986130.31,517386.0,-455783.17,285.5865363452071,149.83666377063423,-131.99628439038517
493,402278.0,135578668.0,184280106.36,14139955.41,337.02729952918133,458.0914351766689,35.14971092130318
494,234.0,123422.76,89339.32,,527.4476923076923,381.79196581196584,
495,237567.0,63129854.0,64799269.0,-11035028.09,265.7349463519765,272.76207975013364,-46.45017233033207
496,,,,,,,
497,2858.0,933798.0,838772.0,6670.67,326.73128061581525,293.482155353394,2.334034289713086
498,40064.0,17990277.0,20894048.56,3206374.59,449.0384634584665,521.516787140575,80.03131464656549
499,61178.0,15883638.09,10385016.78,-1803076.9,259.62990110824154,169.75083820981396,-29.472635587956454
500,8373.0,1949729.12,682849.7899999999,-1143730.03,232.8590851546638,81.55377881285082,-136.5973999761137
501,17260.0,5939058.05,13692385.6555,1431529.89,344.0937456546929,793.3016022885284,82.93915932792584
502,69307.0,21101584.96,14683496.19,-7118682.16,304.4654213860072,211.8616617369097,-102.71231131054583
503,122900.0,49128591.0,81262351.0,9178690.86,399.7444344995932,661.2070870626526,74.68422180634661
504,150570.0,56191661.79,43181616.75,-4821040.08,373.1929454074517,286.7876519226938,-32.01859653317394
505,214706.0,68155979.0,113125730.0,5244157.68,317.4386323623932,526.8866729388094,24.424830605572268
506,1279.0,597072.0,444341.0,-64141.23,466.8272087568413,347.41282251759185,-50.149515246286164
507,,,,,,,
508,,,11.55,,,,
509,163550.0,52492039.017,39126115.855,-8860894.35,320.95407531030264,239.23030177315803,-54.17850412717823
510,1.0,1961.0,34183.0,1509.65,1961.0,34183.0,1509.65
511,,,,,,,
512,93.0,26179.029999999995,81052.5447304369,-10494.15,281.4949462365591,871.532739036956,-112.84032258064516
513,,,,,,,
514,805.0,388784.23,482796.42,,482.9617763975155,599.7471055900621,
515,377613.0,102774924.91,96883579.81,4132272.63,272.16998596446626,256.5684439095052,10.943141867467487
516,3534.0,1423220.0,2103218.0,397248.75,402.7221279003962,595.1380871533673,112.40768251273344
517,435.0,139237.0,56652.0,,320.08505747126435,130.2344827586207,
518,,,,,,,
519,357716.0,118703087.09,102375682.26,230274.9,331.8361132574445,286.192628397947,0.6437366514217983
520,286497.0,115991995.63,82911394.41753945,-30578616.79,404.86286289210705,289.397077168485,-106.73276435704388
521,38982.0,23793093.93,36376276.41,9153245.87,610.3610366322919,933.1557234108049,234.80698450566925
522,45191.0,19640713.0,23502144.0,7655906.8,434.6155871744374,520.0624903188688,169.41220154455533
523,786748.0,279998282.61002326,199535627.27790907,-56655138.64,355.8932245268158,253.62076202025182,-72.01179874623132
524,259030.0,159105636.03,239192567.08,75516356.91,614.236327954291,923.4164655831371,291.5351770451299
525,,,,420500.61,,,
526,5221.0,2104764.8200000008,1365577.7730173136,-846218.15,403.13442252442076,261.5548310701616,-162.07970695269105
527,85075.0,32826816.86132218,41373492.31000002,3626.81,385.8573830305281,486.3178643549811,0.042630737584484275
528,,,,,,,
529,213.0,839592.0,-651223.1200000008,,3941.7464788732395,-3057.385539906107,
530,,,,8271129.24,,,
531,1381.0,660946.39,-10509239.35,,478.5998479362781,-7609.8764301230985,
532,102501.0,55064189.41,62996690.7,10564737.15,537.2063629623125,614.595864430591,103.0696007843826
533,1284.0,787174.58,1357190.9,-7577.79,613.0643146417445,1057.002258566978,-5.901705607476636
534,391924.0,154749651.0,148032955.53,25548029.99,394.8460696461559,377.7083198017983,65.18618403057735
535,190900.0,75887448.0,42445398.0,-24567668.78,397.5246097433211,222.3436249345207,-128.69391712938713
536,,,,,,,
537,1358859.0,413183595.4272,597117145.976,-37496765.22,304.0665701350913,439.42538996025337,-27.594301704591867
538,166.0,68321.0,29103.0,-41505.88,411.5722891566265,175.31927710843374,-250.035421686747
539,416880.0,161499087.0,176497659.19151923,-30977083.32,387.3994602763385,423.3776127219325,-74.30695480713875
540,334217.0,147028138.85999995,169661735.26206535,44746473.2,439.9181934491661,507.6394535947165,133.88449181220585
541,869392.0,370877634.401,351976595.81,31931835.18,426.5942571371717,404.85373204492333,36.728926859230356
542,189964.0,76546973.0,82818832.0,2282312.43,402.9551546608831,435.9711945421238,12.01444710576741
543,,,,,,,
544,175060.0,102949591.36,111681758.54,,588.0817511710271,637.9627472866446,
545,618.0,383538.33,575948.434,-72128.3,620.6121844660195,931.9553948220065,-116.71245954692557
546,273179.0,112500247.48302974,110455976.35599104,5515480.63,411.81879823496587,404.3355322187688,20.189987627160214
547,,,,,,,
548,401015.0,161272546.63000005,107590270.36000004,-48556174.15,402.1608833335413,268.2948776479684,-121.08318678852412
549,,-10572.0,-878.0,,,,
550,53205.0,26813056.0,33639246.0,8189242.42,503.9574476083075,632.2572314632083,153.91866215581243
551,,,,,,,
552,69063.0,22893677.0,24954747.0,2988966.3,331.48975573027525,361.33308718126926,43.278836714304326
553,192418.0,71644539.0,117238425.0,-3985495.69,372.33802970616057,609.2903210718332,-20.712696785124052
554,74581.0,26936545.8,29106547.012471266,-4273438.02,361.17168984057605,390.26758842696216,-57.29928560893524
555,21655.0,7515934.4,7944636.962292653,-2005787.99,347.07616716693605,366.87309915920815,-92.62470514892634
556,94212.0,31591227.41,26237396.03000317,-246739.17,335.3206322973719,278.4931434424826,-2.618978155648962
557,941870.0,313395095.79,251590989.85,19027175.55,332.7371036236423,267.1185937018909,20.201488050367885
558,608.0,230550.67,44873.47,,379.19518092105267,73.80504934210526,
559,30269.0,12999817.05,17521253.33,2912248.94,429.4762644950279,578.8514100234563,96.21226138954046
560,63391.0,20472680.632000007,11338993.879481915,-6141372.01,322.95878960735763,178.87387609411297,-96.88081920146392
561,5339.0,1539217.0,1065907.0,,288.296872073422,199.64543922082788,
562,53021.0,20259503.0,20052655.0,35681.99,382.1033741347768,378.2021274589314,0.6729784425039135
563,,,,,,,
564,4768.0,2305123.88,2296010.41,,483.4571895973154,481.54580746644297,
565,39475.0,14906016.34,19732630.09,2965356.57,377.60649373020897,499.87663305889805,75.11986244458518
566,36.0,16829.380000000005,20911.534674169045,-11014.35,467.4827777777779,580.8759631713624,-305.95416666666665
567,25466.0,10039493.0,8782096.0,1592334.51,394.23124950914945,344.8557292075709,62.52786106966151
568,113702.0,37209008.3061274,40856750.4642,-1928407.65,327.25025334758755,359.3318540060861,-16.960191113612776
569,260828.0,93890790.37,70425596.8,-16376734.46,359.97205196527983,270.00780897756374,-62.787486236140296
570,33167.0,12165663.0,11503977.0,-580499.95,366.80022311333556,346.85009195887477,-17.502335152410527
571,,,,,,,
572,489641.0,160889855.3,130505937.40999998,-16752738.98,328.58738402217136,266.5339246713408,-34.21433045843792
573,1180859.0,346011949.34,348902504.39000005,6545046.13,293.01715898341797,295.4649999618922,5.542614427294029
574,1491.0,692887.0,886379.0,-74715.6,464.71294433266263,594.4862508383635,-50.11106639839035
575,173.0,92388.66,96595.45,,534.0384971098266,558.3552023121387,
576,107468.0,37917125.09,39362987.48946899,-6743522.63,352.8224689209812,366.27635658492756,-62.74912187814047
577,,,,,,,
578,50883.0,15292961.66,20542930.9091,1602746.25,300.55149381915373,403.72876813670575,31.498658687577382
579,,,,,,,
580,96.0,17209.51,35744.76,60728.8,179.26572916666666,372.34125,632.5916666666667
581,578453.0,232610640.7,277168184.54,21390181.45,402.1253942844103,479.1542001510927,36.97825311650212
582,2381.0,841575.83,325591.7969999999,74763.49,353.4547795044099,136.74581982360348,31.400037799244018
583,,,,,,,
584,55501.0,15835716.0,19997887.0,2221935.85,285.32307525990524,360.31579611178176,40.0341588439848
585,48.0,35147.8,43528.96,,732.2458333333334,906.8533333333334,
586,9743.0,1666568.13,1429357.23,-200398.31,171.05287180539872,146.70606897259572,-20.568439905573232
587,24.0,6046.395999999998,39685.406033760715,-5294.26,251.93316666666658,1653.5585847400298,-220.59416666666667
588,4047.0,1238526.13,903335.91,-37821.69,306.0356140350877,223.21124536693847,-9.345611564121572
589,2057.0,631438.0,349806.0,,306.9703451628585,170.0563928050559,
590,48.0,16893.0,2454.15,,351.9375,51.128125000000004,
591,458.0,103289.52,40406.56,-49715.88,225.52296943231443,88.22393013100437,-108.54995633187772
592,733.0,221799.0,319378.0,19738.01,302.5907230559345,435.71350613915416,26.92770804911323
593,13431.0,4524856.0,7859076.0,,336.89643362370634,585.1445164172437,
594,4882.0,2116229.78,1474239.28,,433.4759893486276,301.9744530929947,
595,2028437.0,563366273.0,783660741.01,-4417436.82,277.7341731589396,386.3372345357534,-2.1777540145442034
596,1733.0,466916.0,352432.0,1200.32,269.4264281592614,203.36526255049048,0.6926255049047894
597,24179.0,8196319.07,14955965.78,637091.31,338.9850312254436,618.5518747673601,26.348951983125854
598,27269.0,7749880.0,9761451.0,1755937.92,284.2011074846896,357.9687924016282,64.39319080274304
599,94382.0,35834863.0,54917003.45946751,6385295.65,379.67899599499907,581.8588656678976,67.65374382827234
600,19103.0,8270658.0,14324515.0,3408186.75,432.95074072135264,749.8568287703503,178.41107417683085
601,2990.0,1073974.54,1283535.093115911,-163736.68,359.1888093645485,429.2759508748866,-54.76143143812709
602,,,,,,,
603,1155876.0,358676896.0,485000522.0,-10916304.04,310.30741705857724,419.59563309559155,-9.444182628586457
604,332567.0,88766690.5,103343329.0,-4161991.69,266.9137061103477,310.7443883488139,-12.514746472139448
605,214.0,17434.4,31706.85,-17648.46,81.46915887850469,148.1628504672897,-82.46943925233644
606,2095.0,608257.0,606509.0,-143117.09,290.33747016706445,289.5031026252983,-68.31364677804295
607,254073.0,73999375.0,91876946.0,13259754.64,291.2524156443227,361.6163307395906,52.18875929358885
608,47345.0,14552037.0,20087300.0,2081868.31,307.3616432569437,424.2750026401943,43.97229506811701
609,281509.0,62826201.0,68324502.0,5024567.08,223.17652721582613,242.70805551509898,17.84869073457687
610,491563.0,129662987.0,153472918.0,-19940058.64,263.7769461900102,312.21413735370646,-40.56460441489697
611,507.0,183545.82,43557.35,,362.0233136094675,85.91193293885601,
612,213.0,77160.93,10643.8,-29917.47,362.25788732394363,49.97089201877934,-140.4576056338028
613,48710.0,15289106.0,34625393.0,4811777.33,313.8802299322521,710.847731471977,98.78417840279204
614,101241.0,32382491.22,47794308.61,401324.32,319.8555053782558,472.0845172410387,3.9640493475963297
615,9.0,1358.9300000000076,15054.802011253567,-2443.12,150.99222222222306,1672.7557790281742,-271.4577777777778
616,3060.0,300025.67,254744.52,,98.04760457516339,83.2498431372549,
617,630940.0,170872680.91666615,215887269.208502,-3105783.44,270.8223934394176,342.16766920547434,-4.922470345833201
618,10.0,2341.057142857143,1692.4134237728492,,234.1057142857143,169.24134237728492,
619,77397.0,24251992.0,30705750.0,3948940.01,313.34537514373943,396.7304934299779,51.02187436205537
620,247339.0,87519010.47626515,115945179.41689444,11417706.62,353.84233976956784,468.7703088348155,46.16217668867424
621,2683.0,1017074.56,737885.15,,379.08108833395454,275.0224189340291,
622,356422.0,113565491.51,77868258.46,-39114321.98,318.6264919393304,218.4720877499144,-109.74160399750856
623,525833.0,250472344.0,323221752.0,64851297.02,476.33439514066254,614.6851795151692,123.33059549324597
624,2659756.0,792882593.0,1082562250.0,-46784130.23,298.1035076149842,407.0156247415176,-17.589632368533053
625,1291544.0,482068666.0,469929005.0,-12386830.58,373.2498977967456,363.85055793685694,-9.590715128559307
626,217406.0,65677880.61,54041189.78,-9332073.48,302.09782899276007,248.57266947554345,-42.924636302585945
627,43144.0,18231157.0,17352915.0,63115.8,422.5652929723716,402.20922955683295,1.462910254033006
628,116325.0,35385364.0,44730192.0,6863660.42,304.19397378035677,384.5277627337202,59.004172963679345
629,33447.0,10045141.52,15860896.66,1720000.53,300.3301198911711,474.2098442311717,51.42465781684456
630,994.0,38528.0,34416.0,,38.76056338028169,34.62374245472837,
631,2351.0,1064770.4195238096,1359652.73873796,197264.42,452.9010716817565,578.3295358306933,83.90660144619312
632,30665.0,8559182.0,9790442.0,298016.86,279.1189303766509,319.27089515734554,9.718469264633947
633,470448.0,168011577.0,210195605.0,-3237217.38,357.1310261707989,446.7988066693875,-6.88113751147842
634,3900.0,1137651.0,587741.0,,291.7053846153846,150.70282051282052,
635,155.0,39144.0,16718.6,-11718.3,252.54193548387096,107.86193548387097,-75.60193548387096
636,324022.0,105458417.15,77700405.67999998,-25852344.53,325.46684222058997,239.79978421218306,-79.78576926875336
637,330905.0,144478467.0,261705910.0,51852279.7,436.6161496502017,790.8792855955637,156.69838684818907
638,96868.0,30600743.91929069,28845822.94811369,1142253.34,315.9014733378483,297.78485101492436,11.791854275921875
639,32.0,28404.0,22046.0,,887.625,688.9375,
640,130.0,35789.0,47401.0,,275.3,364.62307692307695,
641,12.0,2575.92,,,214.66,,
642,,6850.0,,,,,
643,76021.0,21208977.19,19608073.02,-2527671.54,278.9884004419832,257.92969074334724,-33.24964864971521
644,270.0,141579.44,58426.78999999999,,524.3682962962963,216.3955185185185,
645,297884.0,117073563.0,118616160.34,9680258.57,393.0172919660002,398.19580890548,32.49673889836312
646,,,,,,,
647,187810.0,58621412.0,25640382.0,-8608201.54,312.1314732974815,136.5229859964858,-45.834628294553
648,14930.0,6471172.88,3626616.76,-1072057.02,433.4342183523108,242.90802143335566,-71.80556061620898
649,,,,,,,
650,6049.0,2884114.13,3251346.46,,476.7918879153579,537.501481236568,
651,,,,,,,
652,8505.0,2661666.91,2139771.392,16975.57,312.9531934156379,251.58981681363903,1.995951793062904
653,3120.0,999909.67,1046345.73,,320.4838685897436,335.3672211538462,
654,1019835.0,355349837.0,335721470.0,8615922.98,348.4385581981399,329.19194771703263,8.44834995857173
655,,,,,,,
656,36813.0,14524584.65,16070654.17,-414394.03,394.5504210469128,436.5483435199522,-11.256730774454677
657,50993.0,17767630.0,32877829.0,5534568.01,348.4327260604397,644.7518090718333,108.53583844841448
658,377602.0,118212880.95,132898521.84,-3234564.95,313.0621155343457,351.9539669811071,-8.566069432894954
659,544809.0,189594963.0,211322829.0,3622506.76,348.00262660859124,387.88424750692445,6.649131640630019
660,1809.0,667368.0,1367339.0,437792.66,368.9154228855721,755.8535102266445,242.00810392482032
661,,,,,,,
662,2064.0,1070968.11,846268.33,,518.879898255814,410.0137257751938,
663,36.0,17933.28,161955.3271519232,-15341.23,498.14666666666665,4498.759087553422,-426.1452777777778
664,2200.0,994457.07,635770.73,,452.0259409090909,288.98669545454544,
665,810658.0,271084672.0,361029515.61,-14555844.07,334.40078553471375,445.35367024071803,-17.955591716852236
666,,,,,,,
667,2028.0,421461.0,432622.0,-7622.19,207.82100591715977,213.32445759368835,-3.7584763313609466
668,2384.0,643822.0,271989.0,,270.0595637583893,114.08934563758389,
669,53788.0,13453355.0,22994377.0,201919.38,250.11814902952332,427.5001301405518,3.753985647356288
670,572020.0,174208086.0,176193563.0,-1043395.44,304.54894234467326,308.0199346176707,-1.8240541239816788
671,139552.0,44433569.0,69065181.0,3672370.39,318.4015205801422,494.9064219789039,26.31542643602385
672,154506.0,45750926.0,72189787.0,-2809177.34,296.11099892560804,467.22966745628,-18.181671520847086
673,,,,,,,
674,,,601.64,,,,
675,5498.0,2567338.0,3053213.0,-21716.99,466.9585303746817,555.3315751182248,-3.9499799927246273
676,,,,,,,
677,2218.0,899910.21,547940.29,,405.7304824165915,247.04251127141572,
678,2916902.0,856845692.0,1134323885.0,22571330.93,293.75196424151375,388.8796692518295,7.738117677590814
679,,,,,,,
680,15249.0,4098764.8700000006,2798856.850000001,-112658.65,268.78909239950167,183.54363236933577,-7.3879369138959925
681,1608.0,459621.0,191155.0,,285.8339552238806,118.87748756218906,
682,8862.0,3334637.81,3792328.45,315512.89,376.28501579778833,427.93144324080345,35.60289889415482
683,59553.0,21297500.0,20491491.0,746097.06,357.6226218662368,344.08830789380886,12.528286736184576
684,368678.0,99796456.0,119274416.0,-25536300.68,270.6873097933698,323.5192118867955,-69.26450908380755
685,2010.0,972773.15,574155.03,,483.9667412935323,285.64926865671646,
686,296844.0,78246627.8381328,83685155.4745,618404.6,263.59511338660303,281.9162774875019,2.0832646103677352
687,,,,,,,
688,,,,,,,
689,15616.0,5229779.0,7147753.0,1397613.95,334.89875768442624,457.71983862704917,89.49884413422132
690,,,,,,,
691,114458.0,26371990.0,30111944.0,1137907.19,230.4075730835765,263.0829125093921,9.941700798546192
692,382268.0,104696740.0,60925783.81156883,-36084527.66,273.883087258154,159.37976448870643,-94.395888905166
693,312094.0,98748890.0,137450043.0,13466856.6,316.4075246560331,440.4123212878171,43.150001602081424
694,39.0,52201.84,121937.244608417,6632.38,1338.508717948718,3126.5960156004357,170.06102564102565
695,1470.0,644960.0,723057.5166744903,142237.3,438.7482993197279,491.8758616833267,96.76006802721088
696,1147557.0,335404567.5891267,396706517.0482001,-26986914.17,292.2770438323558,345.69656849132554,-23.516839834535453
697,11485974.0,3682739521.0,4792483100.1987295,38571557.86,320.62927541016546,417.246556556608,3.3581442775336248
698,78033.0,19335941.0,15910959.153464245,-1613428.88,247.791844476055,203.90039026391713,-20.676238001871003
699,142.0,104727.72,177893.1,,737.5191549295774,1252.768309859155,
700,254595.0,78083137.0,92377528.02028774,-13412865.64,306.6954849859581,362.8410927955684,-52.6831463304464
701,255.0,54741.0,87077.0,-43008.69,214.6705882352941,341.47843137254904,-168.66152941176472
702,2897.0,558542.0,464989.0,,192.80013807386953,160.5070762858129,
703,,,,,,,
704,154159.0,53436933.0,33378968.0,-4116190.69,346.6351818576924,216.5229924947619,-26.70094311717123
705,13561.0,4164328.0,5832931.0,694470.34,307.08118870289803,430.1254332276381,51.210850232283754
706,6793.0,2037537.0,6603686.0,808134.93,299.9465626380097,972.1310172236125,118.96583689091713
707,365755.0,144781224.0,266079574.0,53407229.68,395.842091017211,727.4803461333406,146.0191376194447
708,8627.0,3390637.0,1661624.0,,393.02619682392486,192.60739538657702,
709,120.0,18997.81,18441.43,,158.31508333333335,153.67858333333334,
710,960435.0,230141545.142574,262184110.2756,16542107.09,239.62219738199255,272.9847519880054,17.22355712775982
711,4119.0,1174795.0,995269.4789729108,-170079.29,285.213644088371,241.62890968024055,-41.2914032532168
712,145701.0,52260167.58,95892226.31,5956388.28,358.6809121419894,658.1439132881724,40.88090184693311
713,72061.0,20742943.0,16440299.785399998,-4376813.02,287.8525554738347,228.14420817640607,-60.73761146806177
714,,,,,,,
715,953930.0,281305981.68,373952212.7,-28130267.1,294.8916395123332,392.01221546654364,-29.48881689432139
716,102284.0,29012527.37730001,23280657.024501506,-5580967.25,283.64678128837363,227.60800344630152,-54.56344345156623
717,562121.0,175730854.76,170561451.51,-10218459.31,312.6210455755967,303.4247991268784,-18.17839808510979
718,,,,,,,
719,20042.0,11455459.35,10559244.15,,571.5726649037022,526.8558102983734,
720,72932.0,16190660.0,18398259.0,-2854734.71,221.99665441781386,252.2659326495914,-39.142416360445345
721,355.0,102243.0,15973.0,-3711.09,288.00845070422537,44.9943661971831,-10.453774647887323
722,234400.0,54021852.0,56735020.0,1629776.02,230.4686518771331,242.04360068259385,6.952969368600683
723,385348.0,88767594.0,135527522.0,-13206183.16,230.35696046171253,351.7016359238922,-34.2707972014906
724,,,,,,,
725,91739.0,21116576.0,33499438.0,-2946127.55,230.1810135275074,365.16026989611834,-32.11423222402686
726,131934.0,28394641.19,27965900.910000004,-3519378.66,215.2185273697455,211.96887011687664,-26.675297194051574
727,4244.0,1430023.97,2386267.14,47918.32,336.95192507068805,562.2684118755891,11.290838831291234
728,11169.0,2375538.0,2326739.0,214883.2,212.69030351866775,208.32115677321156,19.239251499686635
729,304972.0,36091117.17,47593149.0255,3170521.45,118.3423959248718,156.05743814350168,10.396106691761867
730,296.0,76791.76,120891.81,,259.4316216216216,408.41827702702705,
731,150566.0,32572721.0,25970854.0,-12348265.88,216.3351686303681,172.48817130029357,-82.012312739928
732,16.0,7848.96,336.07,,490.56,21.004375,
733,1430842.0,333665717.52,492765465.8261716,29815302.0,233.19536155634233,344.3884550678353,20.83759213106688
734,,,,,,,
735,777.0,192338.79,119228.74,,247.54027027027027,153.44754182754184,
736,291585.0,88246618.16,84564349.17,-4690047.91,302.64457417219677,290.0161159524667,-16.084667969888713
737,458023.0,142090442.70000002,118565881.92,-9421914.58,310.225562253424,258.8644716968362,-20.570832862105178
738,,,,,,,
739,27231.0,11517067.0,10912977.0,435467.3,422.93955418456903,400.75564613859206,15.991601483603246
740,985484.0,217477958.0,165992563.82,,220.68136874875697,168.43760408083742,
741,412840.0,152207789.0,216307264.60811585,42170520.55,368.6846938281174,523.9493862225459,102.14737077318088
742,560.0,334836.84,324277.52,,597.9229285714287,579.067,
743,2701.0,1400243.25,996189.3,,518.4166049611255,368.82239911144023,
744,183008.0,59806820.06,62772402.76999999,4680612.75,326.7989380792097,343.0035996787025,25.576000775922363
745,195299.0,76036999.8,85811732.92,11441513.48,389.33634990450537,439.3864429413361,58.58459838504038
746,124118.0,28964094.43,20729126.35,263834.56,233.35933893552908,167.01144354565818,2.125675244525371
747,54075.0,21007566.0,27921423.0,4298069.65,388.4894313453537,516.3462413314841,79.48348867313916
748,26924.0,9158641.07,11430095.720999999,43710.21,340.16643403654734,424.5318571163274,1.6234664240083196
749,37231.0,14784988.32,18449770.37,2658704.33,397.1149934194623,495.54861190943035,71.41103730761999
750,375.0,117036.56,66840.45000000001,,312.0974933333333,178.24120000000002,
751,2282806.0,743404018.14,688877488.5810001,-13597420.4,325.65361145011883,301.7678631390491,-5.956450263403899
752,,274939.0,113657.9426292034,-4260.56,,,
753,,,,,,,
754,161.0,29123.33,10482.320000000003,,180.89024844720498,65.10757763975157,
755,,,,,,,
756,591522.0,204436285.0,184696053.0,-39306435.97,345.61061972335773,312.23868765658756,-66.4496603169451
757,628.0,240565.0,307726.0,,383.06528662420385,490.00955414012736,
758,507146.0,143754585.75,143169176.9,1027646.58,283.4579899082316,282.3036697519058,2.026332811458633
759,15402.0,7049384.53,17799756.44949758,6748059.74,457.69280158420986,1155.6782527916882,438.1287975587586
760,2289.0,866073.9,1267689.57,,378.3634338138925,553.8180733944954,
761,61548.0,25264201.0,23545272.0,1500350.01,410.47964190550465,382.55137453694675,24.376909241567557
762,105901.0,37454117.04,36403961.6005774,84523.22,353.67104219979035,343.7546538802976,0.7981342952380053
763,660.0,301790.92,573395.4700000001,,457.2589696969697,868.7810151515152,
764,,,,,,,
765,777909.0,264335190.0,220628830.0,-22413845.18,339.80220051445605,283.6177881988767,-28.81293979115809
766,33244.0,12030222.0,16359630.0,1137459.68,361.8764889904945,492.1077487666947,34.21548790759235
767,79.0,30351.07,19892.23,,384.1907594936709,251.80037974683543,
768,1100658.0,418268282.0,462242211.0,18747955.38,380.0165737222643,419.9689740137263,17.033406725794933
769,122870.0,43512275.0,49813908.0,3046204.15,354.13261984210953,405.41961422641816,24.79209042076992
770,335837.0,102415296.69809996,52321436.15303677,-34636348.44,304.9553703079171,155.79413868345887,-103.13440282041584
771,204794.0,78396175.0,108833405.0,6134914.63,382.805038233542,531.4286795511588,29.956515474086153
772,35287.0,12501291.0,13278499.0,1091276.01,354.2746903958965,376.30002550514354,30.92572363760025
773,52337.0,15966797.0,20919459.0,1286238.74,305.0766570495061,399.70688040965285,24.5760884269255
774,445529.0,155309681.88,138406445.2160409,-9944277.0,348.59612254196696,310.65642240132723,-22.32015648812984
775,50553.0,17631287.0,17023375.0,1537384.84,348.7683619171958,336.74312108084587,30.41134729887445
776,552202.0,200189096.0,218920708.0,25715713.27,362.5287412939468,396.4504076406822,46.56939538429778
777,318.0,22188.80000000001,7545.9699999999975,-35609.15,69.77610062893085,23.729465408805023,-111.97845911949686
778,6.0,10781.0,2373.2,,1796.8333333333333,395.5333333333333,
779,62.0,36000.0,68000.0,,580.6451612903226,1096.774193548387,
780,,,,,,,
781,1095.0,502491.4581000001,956826.153558364,346192.62,458.8963087671234,873.8138388660859,316.15764383561645
782,,,,,,,
783,194647.0,67620965.18,89591632.44999999,5592708.14,347.4030690429342,460.27748924977004,28.732567879289174
784,368674.0,169150496.0,230112614.0,-10390482.3,458.8077705506762,624.1628484786017,-28.183387762630403
785,,,,-10372087.89,,,
786,79.0,14825.64,8090.359999999999,,187.66632911392404,102.40962025316455,
787,184612.0,82028492.09,100707483.58,5293092.41,444.3291448551557,545.5088703876238,28.671442863952507
788,69211.0,33123546.0,29973645.85,-4413566.24,478.58788342893473,433.0763296296832,-63.769722153992866
789,281235.0,110447203.0,132747617.0,-4595003.52,392.722111401497,472.01670133518235,-16.338661688623393
790,,,,,,,
791,9384.0,2131433.7499999995,1542374.9300000004,,227.13488384484222,164.36220481670932,
792,76759.0,38717010.52000002,35813462.65372942,-2183267.46,504.3970155942628,466.5702087537542,-28.44314621086778
793,10511.0,5800173.0,8315467.52,686857.72,551.8193321282466,791.1204947198173,65.34656264865379
794,31587.0,9953281.0,9656285.0,175983.58,315.1068794124165,305.70440371038717,5.571392661537974
795,3128.0,1710491.76,1118015.09,,546.8324040920717,357.4217039641944,
796,,,,,,,
797,,,,,,,
798,255521.0,98165560.271,102318346.882,9974580.81,384.17805296237884,400.43028511159554,39.03624676641059
799,502.0,228812.07,154543.27,,455.8009362549801,307.85511952191234,
800,14440.0,2243847.0,1580270.0,294393.41,155.39106648199447,109.43698060941828,20.387355263157893
801,313928.0,114358725.0,146607291.63072285,5160942.97,364.2832910731123,467.00928757779764,16.4398937654494
802,215901.0,88373512.0,114331131.96609998,1825501.39,409.3242365713915,529.5535081639268,8.455270656458284
803,396688.0,161071543.0,222934983.86690345,194955.1,406.0408759528899,561.9907430194597,0.4914570140765539
804,51450.0,21204925.8,22200055.13,-1371221.77,412.14627405247813,431.4879519922254,-26.6515407191448
805,34379.0,15798432.0,9261911.260000002,,459.53727566246835,269.40606940283317,
806,55370.0,29584232.87,34509322.89255304,-855334.89,534.3007561856601,623.2494652799899,-15.447623081090844
807,56804.0,21773912.09,16382088.936,596881.13,383.31652858953595,288.39674910217593,10.507730617562144
808,,,,,,,
809,120758.0,35272430.0,40672616.0,2979855.24,292.0918696897928,336.8109442024545,24.676255320558475
810,23018.0,10363196.0,10382746.44939774,1059019.73,450.22139195412285,451.0707467806821,46.008329568164044
811,2435.0,731543.0,1070851.0,,300.4283367556468,439.77453798767965,
812,,,,,,,
813,141.0,5069.43,1735.6662700000006,,35.95340425531915,12.309689858156032,
814,511698.0,213700381.0,278020361.0,-71601.45,417.6298930228377,543.328996791076,-0.13992911834715008
815,4.0,1661.83,9672.78,-435.24,415.4575,2418.195,-108.81
816,5818.0,2422025.0,2676648.0,382756.67,416.2985562048814,460.06325197662426,65.78835854245445
817,1635.0,400687.79,84137.48,-295477.04,245.0689847094801,51.46023241590214,-180.71990214067276
818,1250.0,338247.0,259478.0,,270.5976,207.5824,
819,217.0,95471.01,39432.290000000015,,439.9585714285714,181.71562211981575,
820,,,,,,,
821,656.0,282517.0,213902.0,-15242.9,430.6661585365854,326.0701219512195,-23.236128048780486
822,571.0,244509.79,187046.82,,428.21329246935204,327.57761821366023,
823,,,,,,,
824,211926.0,106424294.11,112604550.0,1438732.96,502.1766753961288,531.3390051244302,6.788845917914744
825,24048.0,11843016.0,12790612.0,1254913.51,492.4740518962076,531.8784098469728,52.183695525615434
826,1150.0,300646.0,772120.0,18632.31,261.4313043478261,671.408695652174,16.202008695652175
827,12.0,679.2199999999957,24030.80201125357,-7210.87,56.60166666666631,2002.5668342711308,-600.9058333333334
828,266.0,158056.23,100043.0,,594.1963533834587,376.1015037593985,
829,96015.0,51883227.0,69331174.0,-2626798.16,540.3658490860803,722.0869030880591,-27.358206113628082
830,1938.0,677409.0,472450.0,,349.5402476780186,243.78224974200205,
831,1259.0,304182.5,160959.46,-78269.7,241.60643367752184,127.84706910246227,-62.168149324861
