,HIOS ID,1.1Directpremiumwritten2HealthInsuranceINDIVIDUALTotalasof3/31/15,2.16Totalincurredclaims2HealthInsuranceINDIVIDUALTotalasof3/31/15,"HHS RISK ADJUSTMENT TRANSFER AMOUNT (INDIVIDUAL MARKET, INCLUDING CATASTROPHIC)",7.4Membermonths2HealthInsuranceINDIVIDUALTotalasof3/31/15,IndPremiumPMM,IndCostsPMM,IndRTPMM,IndPremiumMinusCostsPMM
111,41549.0,490382.0,1233461.0,,2542.0,192.91188040912667,485.23249409913456,,-292.3206136900079
113,84600.0,578805.78,419864.08,,2217.0,261.0761299052774,189.38388813712226,,71.69224176815516
114,82506.0,610525.0,558316.0,48327.14,2435.0,250.7289527720739,229.28788501026693,19.846874743326488,21.441067761806977
123,77150.0,841052.42,544300.5391,,3307.0,254.32489265195042,164.5904260961597,,89.73446655579073
124,28700.0,947270.0,3221773.0,530940.43,2558.0,370.31665363565287,1259.4890539483972,207.56076231430808,-889.1724003127443
126,18699.0,1059597.35,1138446.15,,2840.0,373.0976584507043,400.8613204225352,,-27.763661971830913
127,54362.0,1104887.0,2557657.0,1025644.49,2670.0,413.8153558052434,957.9239700374532,384.1365131086142,-544.1086142322097
128,41842.0,1111059.47,2838024.02,,2603.0,426.838059930849,1090.2896734537073,,-663.4516135228583
129,23489.0,1130375.27,1182640.54,,3322.0,340.2694972907887,356.0025707405178,,-15.73307344972909
130,34446.0,1166064.03,782782.61,,2780.0,419.4474928057554,281.5764784172662,,137.87101438848924
131,66699.0,1167062.43,3274884.0,2810015.23,2490.0,468.6997710843373,1315.2144578313253,1128.520172690763,-846.514686746988
132,33906.0,1257596.17,1435338.08,-64.1,3432.0,366.43245046620046,418.2220512820513,-0.018677156177156175,-51.78960081585086
133,73102.0,1273463.31,1134335.28,,4208.0,302.6291135931559,269.56636882129277,,33.06274477186315
134,89587.0,1277647.86,730562.83,922.26,3013.0,424.04509127115836,242.4702389644872,0.30609359442416195,181.57485230667115
135,53799.0,1327125.0,2016748.0,306657.04,4057.0,327.119792950456,497.1032782844466,75.58714320926792,-169.98348533399064
136,23620.0,1333475.87,986947.18,,2632.0,506.63976823708214,374.9799316109423,,131.65983662613985
137,99685.0,1351592.12,1182334.65,-106659.16,6183.0,218.59811094937734,191.22345948568653,-17.250389778424715,27.37465146369081
138,17808.0,1359755.98,734010.32,-7953.72,3908.0,347.9416530194473,187.82249744114634,-2.0352405322415557,160.11915557830096
139,37001.0,1389158.73,743344.81,-131960.47,3794.0,366.1462124406958,195.92641275698472,-34.781357406431205,170.2197996837111
140,67920.0,1406937.0,1111295.2,-583807.56,3535.0,398.0019801980198,314.36922206506364,-165.15065346534655,83.63275813295616
141,81839.0,1418806.48,1116925.2,-248705.2,3994.0,355.23447170756134,279.65077616424634,-62.26970455683526,75.583695543315
142,43129.0,1449222.67,2421683.0,316788.43,3878.0,373.70362815884477,624.4669932955131,81.68861010830325,-250.76336513666837
143,20895.0,1499865.65,3624000.93,,5603.0,267.6897465643405,646.7965250758523,,-379.1067785115118
144,70767.0,1592211.84,1578757.4,,5709.0,278.8950499211771,276.53834296724466,,2.3567069539324166
145,11593.0,1665613.5,3116413.943,617069.84,4163.0,400.09932740811917,748.59811265914,148.22720153735287,-348.4987852510209
146,73886.0,1686889.08,2092136.6,256671.44,4938.0,341.6138274605103,423.68096395301745,51.978825435398946,-82.06713649250713
147,69347.0,1690554.87,748514.99,,3239.0,521.9372861994443,231.09447051559124,,290.8428156838531
148,92137.0,1781624.24,1860916.19,939139.28,3267.0,545.3395286195287,569.6100979491888,287.4622834404653,-24.270569329660134
149,31552.0,1857278.33,1553781.03,-130203.17,5110.0,363.4595557729941,304.06673776908025,-25.48007240704501,59.392818003913874
150,39041.0,1895256.09,1119818.11,,3019.0,627.776114607486,370.92352103345485,,256.8525935740311
151,19298.0,1928281.34,751358.68,-835974.11,6968.0,276.73383180252586,107.82989092996556,-119.97332233065441,168.9039408725603
152,57637.0,1938508.43,1088224.095,,7817.0,247.98623896635536,139.21249776128948,,108.77374120506587
153,90117.0,1960006.23,2336722.65,,3659.0,535.6671850232303,638.623298715496,,-102.95611369226572
154,63631.0,1975678.7,1473969.81,,5156.0,383.1805081458495,285.8746722265322,,97.3058359193173
155,25978.0,1987823.29,1007559.33,,3848.0,516.5860940748441,261.8397427234927,,254.74635135135145
156,85757.0,2060557.22,1600365.71,,4726.0,436.0044900550148,338.63006982649176,,97.37442022852304
157,72850.0,2085892.22,1906880.46,,4549.0,458.5386282699494,419.1867355462739,,39.35189272367552
158,56726.0,2145394.14,1362827.56,,5143.0,417.1483842115497,264.9868870309158,,152.1614971806339
159,24675.0,2164115.0,2138372.0,,2994.0,722.8173012692051,714.2191048764195,,8.598196392785667
160,92476.0,2205124.3,1333436.43,,4115.0,535.8746780072903,324.04287484811664,,211.83180315917366
161,49116.0,2295597.16,2683968.02,,4715.0,486.8710837751856,569.24030116649,,-82.3692173913044
162,88000.0,2310915.78,4211427.08,1232207.56,3645.0,633.9960987654321,1155.3983758573388,338.05420027434843,-521.4022770919067
163,97596.0,2323436.0,762431.4,,9151.0,253.89968309474375,83.31673041197683,,170.58295268276692
164,73250.0,2332638.38,2017789.27,-370234.08,7375.0,316.2899498305085,273.59854508474575,-50.20123118644068,42.691404745762725
165,86830.0,2334374.0,4529617.0,1169118.87,5370.0,434.7065176908752,843.5040968342645,217.71301117318438,-408.79757914338927
166,59158.0,2404001.31,2452882.65,,4441.0,541.3198176086468,552.3266494032875,,-11.006831794640789
167,34822.0,2429496.97,997826.41,-1109860.03,8316.0,292.14730278980284,119.98874579124579,-133.46080206830206,172.15855699855706
168,41094.0,2435314.0,681987.0,-528674.34,5315.0,458.1964252116651,128.31364063969897,-99.46836124176858,329.8827845719661
169,40442.0,2475206.0,3616725.0,173446.74,6944.0,356.4524769585253,520.8417338709677,24.977929147465435,-164.38925691244236
170,53135.0,2596462.56,3918316.96,-189796.85,6740.0,385.2318338278932,581.3526646884272,-28.15977002967359,-196.12083086053406
171,59809.0,2738518.56,2428831.42,-959823.85,7809.0,350.68748367268535,311.02976309386605,-122.91251760788833,39.657720578819294
172,38712.0,2768339.0,6046304.0,,4290.0,645.3004662004662,1409.3948717948717,,-764.0944055944055
173,47949.0,2776951.37,2037936.88,-458879.82,9264.0,299.7572722366149,219.98455094991363,-49.53365932642487,79.77272128670126
174,39364.0,2826000.95,1493400.755,,11085.0,254.93919260261617,134.72266621560667,,120.21652638700951
175,75091.0,2880064.18,2328469.831,-1145321.71,7751.0,371.57323958198947,300.4089576828796,-147.76438007998968,71.16428189910988
176,79888.0,2893000.0,4485000.0,,5648.0,512.2167138810198,794.0864022662889,,-281.8696883852691
177,69842.0,2904954.25,1660442.12,,6772.0,428.9654828706438,245.19227997637333,,183.7732028942705
178,32812.0,2939706.0,6442194.0,1770732.37,7748.0,379.41481672689724,831.4654104284976,228.54057434176562,-452.0505937016004
179,87354.0,2992995.0,5399617.0,1027304.78,6669.0,448.7921727395412,809.6591692907482,154.0418023691708,-360.866996551207
180,95426.0,3200237.21,2614594.4,,6660.0,480.5160975975976,392.5817417417417,,87.93435585585587
181,72001.0,3479436.75,2613640.46,-421842.76,9451.0,368.1554068352555,276.546445878743,-44.63472225161359,91.60896095651253
182,82011.0,3630950.63,3739603.56,,8232.0,441.07757896015545,454.2764285714286,,-13.198849611273147
183,31779.0,3691236.16,4654679.44,,6330.0,583.1336745655608,735.3364044233808,,-152.20272985782003
184,40733.0,3745286.25,1882111.11,,7162.0,522.9385995531974,262.79127478358004,,260.14732476961734
185,41541.0,3829284.0,4414942.0,-1608171.62,24135.0,158.66103169670603,182.92695255852496,-66.63234389890201,-24.265920861818927
186,80779.0,3953536.42,2592755.81,,7094.0,557.3070792218776,365.4857358330984,,191.82134338877927
187,57860.0,3982764.68,5709415.61,565945.16,7966.0,499.9704594526739,716.7230241024354,71.04508661812704,-216.7525646497615
188,10940.0,4221764.73,10920805.29,2480143.2,9966.0,423.61677001806146,1095.806270319085,248.86044551475018,-672.1895003010234
189,39595.0,4238879.0,1642364.5580000002,-2270393.89,10071.0,420.89951345447327,163.0785977559329,-225.43877370668255,257.8209156985404
190,75605.0,4283638.0,5521538.183999999,-136719.12,15258.0,280.74701795779265,361.8782398741643,-8.960487613055445,-81.13122191637166
191,89217.0,4309686.4,19951863.47,6356361.63,5865.0,734.814390451833,3401.8522540494455,1083.7786240409207,-2667.0378635976126
192,48069.0,4310405.41,3423991.3,-301887.1,10687.0,403.3316562178348,320.38844390380837,-28.248067745859455,82.94321231402643
193,30969.0,4478146.0,3079833.0,-1946142.2,18468.0,242.48137318605154,166.76591942820014,-105.37915312973793,75.7154537578514
194,78726.0,4535201.7,11151553.61,4214131.36,9477.0,478.5482431149098,1176.6965928036298,444.6693426189723,-698.1483496887199
195,85266.0,4537475.0,3729342.0,-674631.16,11181.0,405.82014131115284,333.54279581432786,-60.33728289061801,72.27734549682498
196,95677.0,4565554.32,4285516.25,,10293.0,443.55914893617023,416.3524968425143,,27.20665209365592
197,36677.0,4610816.65,6571803.34,1316533.03,11155.0,413.3408023307934,589.1352164948454,118.0217866427611,-175.794414164052
198,29462.0,4713848.61,4244556.35,,6822.0,690.9775153913808,622.1865068894751,,68.79100850190571
199,19968.0,4799724.78,2746896.52,1652.45,24433.0,196.44434903613967,112.42567511152949,0.06763189129456064,84.01867392461018
200,79509.0,4810241.0,2796922.79,719860.7,14536.0,330.9191662080352,192.41351059438637,49.522612823335166,138.50565561364886
201,85732.0,4945107.28,5683843.72,810976.08,9584.0,515.9753005008348,593.055479966611,84.61770450751251,-77.08017946577615
202,64210.0,4979278.0,4054261.0,52744.83,10875.0,457.8646436781609,372.8056091954023,4.850099310344827,85.05903448275859
203,61794.0,5337829.33,3723701.95,-943059.23,13025.0,409.8141520153551,285.88882533589253,-72.40377965451056,123.92532667946256
204,40411.0,5578645.0,5479908.0,-717206.52,13889.0,401.6592267261862,394.5502195982432,-51.63845633234934,7.109007127943016
205,74189.0,5593409.77,5380630.1,368431.18,11570.0,483.44077528089883,465.0501382886776,31.843662921348315,18.390636992221232
206,99791.0,5643355.52,4911117.86,122433.72,28330.0,199.2006890222379,173.35396611366045,4.321698552770914,25.846722908577448
207,23340.0,5732502.0,2569708.45,-1964185.4,16186.0,354.16421598912643,158.76117941430869,-121.35088347955022,195.40303657481775
208,60597.0,5969401.0,5955373.512999999,303111.16,26839.0,222.41517940310743,221.89252628637428,11.293683073139833,0.522653116733153
209,34620.0,6021758.0,5248426.0,-2957260.83,30978.0,194.3882109884434,169.4243011169217,-95.46325876428433,24.963909871521707
210,31234.0,6035656.62,3246383.453,,15471.0,390.1271165406244,209.83669142266177,,180.29042511796263
211,37873.0,6212695.1,8948337.27,425818.57,12585.0,493.65872864521253,711.0319642431466,33.83540484704013,-217.37323559793407
212,66593.0,6390599.57,4246815.26,-1690229.4,15496.0,412.4031730769231,274.0588061435209,-109.07520650490449,138.34436693340223
213,50328.0,6474663.42,5564449.936000001,-2281060.6,14999.0,431.67300620041334,370.988061604107,-152.08084538969266,60.684944596306366
214,98905.0,6991090.0,6324078.0,-358787.81,24262.0,288.14978155139727,260.65773637787487,-14.788055807435496,27.4920451735224
215,58326.0,7035331.83,6227139.75,-14819.28,15670.0,448.9682086790045,397.39245373324826,-0.9457102744097001,51.575754945756216
216,41446.0,7130573.36,5227058.28,-134489.36,19766.0,360.7494364059496,264.4469432358596,-6.804075685520591,96.30249317009003
217,63474.0,7171780.0,6881098.0,-597610.71,15167.0,472.85422298411027,453.6887980483945,-39.40203797718731,19.16542493571575
218,79881.0,7376842.78,5593087.51,-421370.22,18580.0,397.03136598493006,301.02731485468246,-22.678698600645856,96.0040511302476
219,67190.0,7435683.86,5513011.15,-1048438.16,17224.0,431.7048223409197,320.07728460287973,-60.87077101718533,111.62753773803996
220,23841.0,7536015.89,6111808.46,-1657914.8,17849.0,422.2094173343044,342.4174161017424,-92.88558462658973,79.79200123256203
221,67879.0,7545206.71,5549825.71,,15932.0,473.588169093648,348.3445713030379,,125.24359779061007
222,50727.0,7698364.02,10145325.44,-329364.82,19761.0,389.5736055867618,513.4014189565305,-16.667416628713124,-123.8278133697687
223,32754.0,7975509.353999999,11152575.95,3858801.53,18280.0,436.29701061269145,610.0971526258205,211.09417560175055,-173.80014201312906
224,42261.0,8117349.57,19828725.11,11236007.43,22604.0,359.1112002300478,877.2219567333215,497.08049150592814,-518.1107565032737
225,93078.0,8175571.48,9872189.995,-59528.99,15054.0,543.082999867145,655.7851730437093,-3.954363624285904,-112.70217317656432
226,81068.0,8459027.85,7486055.48,-1407174.88,24391.0,346.8093907588865,306.91876019843386,-57.6923816161699,39.89063056045262
227,94529.0,8881249.0,9818764.263,747453.25,21069.0,421.53158669134746,466.0289649722341,35.47644643789454,-44.497378280886664
228,62210.0,9003556.0,8825749.0,30568.28,26411.0,340.9017454848359,334.16943697701714,1.1574071409639923,6.732308507818743
229,94506.0,9015097.0,9548927.0,-1825261.64,28489.0,316.44132823194917,335.17943767770015,-64.06899645477202,-18.73810944575098
230,72034.0,9044258.0,5807818.0,-3546966.8,33015.0,273.9439042859306,175.91452370134786,-107.43500832954717,98.02938058458275
231,88102.0,9103900.0,13548366.0,4665798.89,21744.0,418.6856144223694,623.0852649006622,214.57868331493745,-204.3996504782928
232,45404.0,9133722.57,10832316.79,-300893.24,29116.0,313.7011461052343,372.04000515180655,-10.334291798323946,-58.33885904657228
233,62294.0,9148102.29,9004530.18,282976.78,28784.0,317.81900673985547,312.8310929683157,9.831044330183436,4.987913771539752
234,58288.0,9338183.26,10831794.73,1493121.7,23925.0,390.3106900731452,452.7395916405434,62.408430512016714,-62.42890156739816
235,58594.0,9350089.0,4877603.0,-4071093.14,31334.0,298.4007467926214,155.66486883257804,-129.92574009063637,142.73587796004338
236,58564.0,9684500.24,8602133.78,66070.22,28030.0,345.5048248305387,306.8902525865144,2.3571252229753834,38.614572244024316
237,29497.0,9954488.68,11091264.04,-617987.08,22659.0,439.3172108213072,489.4860338055518,-27.27336069552937,-50.16882298424463
238,65598.0,9963149.44,10049247.84,-2303279.85,34703.0,287.0976411261274,289.57864853182724,-66.37120277785783,-2.4810074056998133
239,37204.0,10003125.0,11454812.0,-1362.57,25737.0,388.66709406690757,445.0717643859036,-0.052942067840074596,-56.40467031899601
240,32536.0,10015117.31,12039165.51,-2249966.76,24978.0,400.95753503082716,481.99077227960606,-90.07793898630794,-81.0332372487789
241,20126.0,10983572.0,13767889.42,431007.37,28541.0,384.83486913562945,482.38987491678637,15.101340878035106,-97.55500578115692
242,32237.0,11018852.23,9552219.98,-1766155.71,36040.0,305.7395180355161,265.04494950055494,-49.00543035516093,40.69456853496115
243,17255.0,11213653.76,8871499.43,-1071172.33,45693.0,245.41294640316897,194.15445319852054,-23.442810277285364,51.25849320464843
244,98809.0,11403154.84,10237930.92,,19975.0,570.8713311639549,512.5372175219023,,58.33411364205256
245,40047.0,11597704.0,7390148.76,-1474611.65,42348.0,273.866628884481,174.50998299801643,-34.821281996788514,99.35664588646455
246,23671.0,11788231.83,16251510.63,3445308.96,25688.0,458.90033595453133,632.6498999532856,134.12133914668328,-173.7495639987543
247,90028.0,11793485.08,8641799.62,,22406.0,526.353881995894,385.6913157190038,,140.66256627689017
248,39481.0,11876645.34,13232655.76,1009347.25,25048.0,474.1554351644842,528.2919099329288,40.29652068029384,-54.1364747684446
249,74917.0,11939257.43,12795652.03,1946788.76,26154.0,456.4983340980347,489.24264089623,74.43560296704138,-32.74430679819528
250,60829.0,11973670.85,8934064.583999999,-3011163.79,40538.0,295.36905742759876,220.38740401598497,-74.28002836844442,74.98165341161379
251,45002.0,12108813.3,10161339.15,-1058410.43,35903.0,337.26466590535614,283.0220079102025,-29.47972119321505,54.24265799515365
252,98704.0,12269610.86,8541960.63,-666540.06,32232.0,380.66551439563165,265.0149115785555,-20.679450856291886,115.65060281707616
253,71667.0,12756227.3,10187764.01,167256.82,41018.0,310.99096250426646,248.37300721634404,4.077644448778585,62.61795528792243
254,66303.0,12912117.97,12629904.0,904689.42,34017.0,379.5783863950378,371.28212364406033,26.595214745568395,8.296262750977462
255,69364.0,12961373.0,11787125.0,-208979.24,34440.0,376.34648664343786,342.2510162601626,-6.067922183507549,34.095470383275256
256,38927.0,13206793.47,12018181.51,-2076263.76,49789.0,265.2552465404005,241.38226335134266,-41.701254493964534,23.872983189057834
257,92036.0,13289139.06,15290479.52,1093298.18,29277.0,453.91054616251665,522.2693418041466,37.343244867985106,-68.35879564162997
258,37392.0,13439969.0,16127021.0,598698.13,36058.0,372.73195962061124,447.2522325142825,16.603753119973376,-74.52027289367129
259,49650.0,13602441.52,18958398.21,2483964.33,27478.0,495.030261299949,689.9482571511755,90.39829427178107,-194.91799585122652
260,15668.0,13619735.0,13443639.0,-213248.62,32710.0,416.37832467135433,410.9947722409049,-6.5193708346071535,5.383552430449413
261,10544.0,13994688.41,10996857.35,-4894494.13,49187.0,284.52006444792323,223.5724347896802,-99.50788074084616,60.947629658243045
262,38949.0,14384084.0,12302391.0,232540.31,29592.0,486.0801567991349,415.7336780210868,7.858215396052987,70.3464787780481
263,97667.0,14402982.0,14006163.0,-1946342.41,45447.0,316.9182124232623,308.18674499966994,-42.82664224261227,8.731467423592335
264,61724.0,14667975.92,18567660.21,4086573.63,34387.0,426.5558472678629,539.961619507372,118.84065577107627,-113.40577223950913
265,51485.0,16275889.84,33228323.73,5075983.13,66448.0,244.9417565615218,500.0650693775584,76.39030715747653,-255.12331281603662
266,42754.0,16443289.8,12811120.52,-3588674.3,37599.0,437.3331684353307,340.7303524029894,-95.44600388308199,96.60281603234131
267,68303.0,16672494.51,11777595.34,,46303.0,360.0737427380515,254.3592281277671,,105.71451461028443
268,66663.0,16815742.47,24991003.68,4297345.9,37979.0,442.76422417651855,658.021635114142,113.15058058400696,-215.25741093762343
269,81941.0,17194438.38,9795494.66,-6121430.71,51289.0,335.246122560393,190.98626723079022,-119.35172668603404,144.2598553296028
270,84014.0,17269187.0,13356316.0,-2983496.65,36673.0,470.896490606168,364.200256319363,-81.35403839336841,106.69623428680501
271,43861.0,17737283.49,25380039.56,4943888.94,41820.0,424.13399067431845,606.8876030607364,118.21829124820661,-182.75361238641796
272,74313.0,18375620.0,16605362.0,-2330312.51,48824.0,376.36449287235786,340.1065459610028,-47.72883233655579,36.25794691135508
273,46224.0,18741688.0,22905902.0,2895968.79,59016.0,317.5696082418327,388.1303714246984,49.0709094143961,-70.56076318286568
274,40591.0,18882951.75,15509827.5,-418099.6,42488.0,444.43023324232723,365.04018781773675,-9.840416117491998,79.39004542459048
275,43839.0,18908544.2,14725667.31,,34121.0,554.1614899915008,431.57197356466696,,122.58951642683388
276,63509.0,19011152.0,29201322.42,212479.07,66085.0,287.67726412953016,441.8751973972914,3.2152390103654387,-154.19793326776124
277,10091.0,19072646.02,34439156.23,9211343.15,46575.0,409.50394031132583,739.4343796027912,197.77441009125067,-329.93043929146535
278,73331.0,19144269.69,12300433.32,,66843.0,286.4065001570845,184.01976751492305,,102.38673264216146
279,90169.0,19215156.59,18384841.95,-819920.79,55822.0,344.2219302425567,329.3476039912579,-14.68812994876572,14.874326251298783
280,40788.0,19611642.0,57707747.49,4400630.58,103181.0,190.07028425776065,559.2865691357905,42.64962134501507,-369.21628487802985
281,56764.0,19984930.07,16416733.2,-5105680.26,75653.0,264.1657312994858,217.00042562753623,-67.48814006053956,47.16530567194957
282,76589.0,20194133.0,37603137.0,5195337.43,51585.0,391.4729669477561,728.9548706019192,100.71411127265678,-337.4819036541631
283,52664.0,20264605.0,22509348.0,241239.17,52250.0,387.8393301435407,430.8009186602871,4.6170176076555025,-42.96158851674642
284,68389.0,20711331.0,24252853.01,-1689164.64,58140.0,356.23204334365323,417.1457346061232,-29.05339938080495,-60.91369126246997
285,67183.0,20781599.0,22173053.56,2404013.29,66614.0,311.97044164890264,332.8587618218392,36.08870943045006,-20.888320172936574
286,71281.0,21293460.0,20013979.0,1808456.1,58273.0,365.4086798345718,343.4520103650061,31.03420280404304,21.956669469565668
287,23307.0,21632437.19,33170875.72,6251937.97,67920.0,318.4987807714959,488.38156242638394,92.04855668433451,-169.88278165488805
288,26734.0,21777720.83,25095970.38,-3009733.85,64803.0,336.0603803836242,387.2655645571964,-46.444359829020264,-51.205184173572206
289,99389.0,22002270.73,26359133.74,-2371948.67,78796.0,279.2308077821209,334.52375425148483,-30.102399487283616,-55.292946469363926
290,92291.0,22453450.1,21889130.32,1604316.11,65010.0,345.3845577603446,336.70405045377635,24.67798969389325,8.680507306568245
291,89364.0,22471555.0,21669276.86,-3640352.33,66684.0,336.9857087157339,324.9546646871813,-54.59109126627077,12.031044028552571
292,81413.0,22776443.0,25842938.9,1897726.68,55987.0,406.8166360047868,461.5882061907228,33.89584510689981,-54.771570185936014
293,18029.0,23367811.0,33489709.0,9237924.35,63567.0,367.60915254770555,526.84111252694,145.32578775150628,-159.2319599792345
294,41892.0,23368892.85,16831139.4,43730.3,92724.0,252.02636696001036,181.51869418920666,0.47161791984815155,70.50767277080371
295,50491.0,23576429.0,25404651.0,-770019.98,65045.0,362.46335613805826,390.5703897301868,-11.83826550849412,-28.107033592128516
296,40586.0,24338285.0,23590509.0,-9882852.36,85598.0,284.33240262622957,275.5964975817192,-115.45658029393209,8.735905044510389
297,39159.0,24941307.12,22355443.86,789659.17,56861.0,438.63644888412097,393.1595269165157,13.887535745062522,45.47692196760528
298,53732.0,25453606.0,28458860.0,5119648.78,65169.0,390.5784345317559,436.6932130307355,78.55957249612547,-46.114778498979604
299,46958.0,25777038.09,26458059.81,1967946.16,216590.0,119.01305734336765,122.15734710743801,9.086043492312664,-3.144289764070365
300,59036.0,26572408.43,35061697.98,6746077.39,66639.0,398.7516083674725,526.1438193850447,101.2331726166359,-127.39221101757221
301,59765.0,26986002.0,25756225.0,-6574515.53,86364.0,312.46818118660553,298.22871798434534,-76.1256487656894,14.239463202260197
302,27990.0,27246865.02,22211052.61,-4923899.31,75300.0,361.84415697211153,294.96749814077026,-65.39042908366534,66.87665883134127
303,30609.0,27658787.0,29372014.62,-704433.24,69838.0,396.0420831066182,420.5735361837395,-10.086675448896017,-24.53145307712134
304,91058.0,27745515.97,34016030.85,1397440.88,46899.0,591.6014407556664,725.3039691677861,29.79681613680462,-133.7025284121197
305,66083.0,27809359.49,27429005.53,-415576.63,79134.0,351.42112732832913,346.61467295978974,-5.2515559683574695,4.8064543685393915
306,86052.0,27910624.1,26359366.05,-7984910.32,110621.0,252.3085499136692,238.2853712224623,-72.18259028575045,14.023178691206908
307,65817.0,27965799.21,27667235.53,-3066401.15,77542.0,360.6535710969539,356.80322315648294,-39.54503559361378,3.8503479404709537
308,66105.0,28240828.17,30256833.69,-1311469.26,97980.0,288.23053857930194,308.80622259644826,-13.385071034905083,-20.57568401714633
309,50816.0,28482808.38,32281883.0,-2126520.47,73278.0,388.6952206665029,440.5399028357761,-29.019903245175907,-51.8446821692732
310,19304.0,28535161.0,44274744.0,8228830.0,62314.0,457.9253618769458,710.510382899509,132.05427351798954,-252.58502102256318
311,94788.0,28776102.84,35336606.36,7154086.73,56589.0,508.5105380904416,624.4430253229426,126.42186166922902,-115.93248723250099
312,31616.0,28906770.34,26696904.84,-5073958.4,94007.0,307.4959347708149,283.98847787930686,-53.97426149116556,23.50745689150807
313,73751.0,29935799.47,27173036.06,-1809702.29,76021.0,393.7832897488852,357.44118151563384,-23.80529445811026,36.34210823325134
314,89106.0,30442418.01,27912439.39,-1255163.33,66356.0,458.77415772499853,420.64680496111885,-18.915596630297188,38.127352763879685
315,20305.0,31017932.99,50345949.62,11059909.41,69051.0,449.2032409378575,729.112534503483,160.17015553721163,-279.90929356562543
316,45480.0,31070203.21,45624557.28,5010932.12,73034.0,425.4210807295232,624.7029777911657,68.61094996850782,-199.2818970616425
317,96384.0,32195573.0,32947426.0,-3684258.43,132265.0,243.4171776358069,249.1016217442256,-27.85512743356141,-5.684444108418717
318,44648.0,33429631.0,28925018.0,-319665.28,125888.0,265.55057670310117,229.76787302999492,-2.5392831723436706,35.782703673106255
319,91604.0,33529779.49,40321097.82,3575498.87,81114.0,413.3661203984515,497.0917205414602,44.079922947949804,-83.72560014300865
320,16724.0,34930483.84,36656823.82,-2438597.21,93420.0,373.9079837293942,392.38732412759583,-26.103588203810748,-18.479340398201657
321,25896.0,35006962.0,27118538.0,-5781185.31,118692.0,294.9395241465305,228.4782293667644,-48.707455515114745,66.46129477976612
322,88806.0,35018393.48,34312397.12,,90527.0,386.8281670661791,379.02942901012955,,7.798738056049558
323,34484.0,35311313.0,41879227.0,,87434.0,403.8624905643114,478.98102568794747,,-75.1185351236361
324,41047.0,35356283.7,23613412.35,-9939903.66,109311.0,323.44671350550266,216.02045859977497,-90.93232757910914,107.42625490572769
325,78611.0,35531324.0,27961319.73,-8516682.29,145994.0,243.37523459868214,191.5237594010713,-58.33583770565913,51.85147519761085
326,81974.0,35614469.0,37111942.0,4335937.83,87370.0,407.6281217809317,424.767563236809,49.627307199267484,-17.139441455877318
327,66252.0,35693594.0,35830308.0,-3411685.14,127109.0,280.81091032106303,281.88647538726605,-26.840626076831697,-1.075565066203012
328,41341.0,36391880.64,31886953.97,-2721557.27,121338.0,299.9215467536963,262.79445820765136,-22.429554385270897,37.127088546044945
329,28162.0,36399127.0,29085428.0,-1545137.86,95298.0,381.9505865810405,305.20502004239336,-16.213749081827533,76.74556653864715
330,95852.0,37615447.14,63306860.86,-280650.18,109504.0,343.50751698568087,578.1237293614845,-2.5629217197545295,-234.61621237580363
331,60156.0,37744931.8,31022210.14,-491903.28,104620.0,360.7812253871152,296.52275033454407,-4.701809214299369,64.25847505257116
332,23603.0,38051414.26,56105698.15,4481331.95,94536.0,402.50713230938476,593.4850020098163,47.40344366167386,-190.97786970043154
333,74320.0,38473280.96,55122389.97,19133063.67,107490.0,357.924280956368,512.8141219648339,177.99854563215183,-154.8898410084659
334,99308.0,38957988.65,28694534.48,-2944845.74,137234.0,283.8800053193815,209.09202151070434,-21.458572511185277,74.78798380867715
335,95878.0,39196669.11,40936206.3,,132159.0,296.58721017864843,309.7496674460309,,-13.162457267382479
336,40064.0,39353360.49,56121897.86,-1918.83,102653.0,383.362984910329,546.7146392214548,-0.01869239087021324,-163.35165431112586
337,45636.0,39691002.07,37233255.36,-6276507.5,141477.0,280.54738275479406,263.17532432833605,-44.364154597567094,17.37205842645801
338,31112.0,39705280.01,30622053.42,-4726063.8,117781.0,337.11107912142023,259.9914537998489,-40.12585900951766,77.11962532157133
339,70239.0,40067897.67,49551786.7,-9159037.15,124255.0,322.46507319624965,398.79108848738485,-73.71161844593779,-76.3260152911352
340,57601.0,40831530.21,30979764.37,,101808.0,401.06406382602546,304.29597251689455,,96.76809130913091
341,64353.0,40929119.0,32923621.0,-576660.23,115024.0,355.8311222005842,286.2326210182223,-5.013390509806649,69.59850118236193
342,78079.0,41460173.05,59142396.25,9810171.94,105899.0,391.506747466926,558.4792703424962,92.63705927345866,-166.97252287557018
343,14162.0,42211608.14,35676448.69,-4769647.33,115362.0,365.9056547216588,309.2565029212392,-41.34504715590923,56.64915180041959
344,57165.0,42411050.0,37863365.0,-9261635.02,108233.0,391.849528332394,349.83198285181044,-85.57126772795728,42.01754548058358
345,23371.0,43127168.0,40676281.0,-5128307.73,124731.0,345.76142258139515,326.11204111247406,-41.1149411934483,19.649381468921092
346,72564.0,43319182.0,46154706.49,1224227.52,127132.0,340.7417644652802,363.04554706918793,9.629578076330114,-22.303782603907734
347,63411.0,43841427.3,35806196.16,,88455.0,495.63537731049684,404.7956153976598,,90.83976191283705
348,92815.0,44046851.51,27395497.21,-12354890.24,127728.0,344.8488311881498,214.48309853751724,-96.7281272704497,130.36573265063257
349,75729.0,44235179.47,57912751.19,7409434.09,115368.0,383.4267688613827,501.9827958359337,64.22434375216697,-118.556026974551
350,48834.0,44985863.42,50824009.71,3394240.38,98573.0,456.37104907023223,515.597675935601,34.433773751432945,-59.226626865368814
351,16698.0,45301684.0,38199147.38,-1517979.46,113507.0,399.1091650735197,336.53560908137825,-13.373443576167109,62.57355599214145
352,15411.0,46009746.68,56155044.47,4158571.2,144065.0,319.36797056884046,389.7896398847742,28.865936903481067,-70.42166931593374
353,37651.0,47954634.0,37425734.0,-3617941.82,150442.0,318.75828558514246,248.77184562821552,-24.048748487789315,69.98643995692694
354,31195.0,47980740.1,59205118.65,-4227905.42,132796.0,361.3116366456821,445.8351053495587,-31.837596162535014,-84.52346870387663
355,35670.0,48085206.12,43289792.82,2420350.88,133442.0,360.34536442799117,324.40905277199084,18.13784925285892,35.93631165600033
356,25768.0,48929244.58,57938583.53,2005.97,145100.0,337.2105070985527,399.3010580978636,0.01382474155754652,-62.09055099931089
357,22013.0,49085799.0,46371400.0,2957250.22,180687.0,271.6620398811204,256.6393819145816,16.36670164427989,15.022657966538816
358,38408.0,49116665.34,60039482.23,6317313.74,127045.0,386.6084091463655,472.5843774253217,49.72500877641781,-85.9759682789562
359,99129.0,49256300.55,37855144.19,-15976640.99,153974.0,319.9001165781236,245.85413245093326,-103.76194026264174,74.04598412719031
360,38599.0,49873980.35,49411387.54,-3803967.28,151409.0,329.39904728252617,326.3437942262349,-25.12378577231208,3.055253056291292
361,16204.0,50094649.49,89426654.0,-2492656.84,118846.0,421.5089232283796,752.4582569038924,-20.973838749305823,-330.94933367551283
362,54235.0,50763996.72,58879212.87,5932308.11,96007.0,528.7530775880925,613.2804156988552,61.79037059797724,-84.52733811076268
363,72547.0,51205144.74,44699309.22,-7044744.34,133414.0,383.8063826884735,335.0421186682057,-52.80363635000825,48.764264020267774
364,96667.0,51736741.92,57226267.41,-532477.48,134469.0,384.7484693126297,425.5721944091203,-3.9598530516327184,-40.82372509649059
365,48121.0,51983771.0,62971090.0,11336832.52,110620.0,469.931034171036,569.2559211715784,102.48447405532453,-99.32488700054239
366,50274.0,52004071.79,45814454.71,-6918671.85,144524.0,359.8300060197614,317.00239897871637,-47.87213092635133,42.82760704104504
367,93689.0,52425442.0,47458058.03,-4446832.83,114249.0,458.8700294969759,415.3914522665406,-38.92229104849933,43.47857723043529
368,77263.0,52549728.11,94329280.26,53596343.52,85642.0,613.5976286168002,1101.4371483617851,625.8184479577777,-487.83951974498495
369,57129.0,52559407.0,49958703.0,-6343423.56,158592.0,331.41272573648104,315.01401710048424,-39.99838302058111,16.398708635996798
370,85736.0,52833255.37,41266848.0,-16539135.0,192341.0,274.68535242096067,214.55044946215315,-85.98860877296052,60.134902958807515
371,47342.0,54044384.0,38787697.0,-12163004.94,115691.0,467.14423766758,335.26978762392923,-105.13354487384498,131.87445004365077
372,33931.0,55416702.41,64006939.2,1045021.61,136824.0,405.0217974185815,467.8049114190493,7.63770690814477,-62.783114000467776
373,51902.0,55625036.89,56903966.62,-2226287.05,131640.0,422.55421520814343,432.26957323002125,-16.911934442418715,-9.715358021877819
374,61430.0,56178091.43,49763626.23,-11830329.41,182842.0,307.24938159722603,272.1673698056245,-64.70247213441114,35.08201179160153
375,57845.0,56389098.33,47160600.06,-4884013.82,100534.0,560.8957997294448,469.10100125330734,-48.58071717031054,91.79479847613743
376,83761.0,57371368.64,71751937.82,6096822.55,126994.0,451.76440335763897,565.0025813817975,48.00874490133392,-113.23817802415857
377,38128.0,58410739.0,71355707.0,-8100585.26,187122.0,312.15324226974917,381.3325370613824,-43.29039482262908,-69.17929479163325
378,77514.0,59043046.0,40847971.0,-5606340.68,191885.0,307.7001641608255,212.87735362326393,-29.217190921645777,94.8228105375616
379,19722.0,59055404.0,49024969.0,4371278.82,207287.0,284.89680491299504,236.5076874092442,21.088050963157364,48.38911750375084
380,77969.0,60524893.0,58819381.0,1694890.09,175655.0,344.5668668697162,334.85742506618084,9.648971506646552,9.709441803535356
381,44751.0,60784741.38,66960068.74,-8997296.89,166740.0,364.54804713925876,401.58371560513376,-53.96003892287394,-37.035668465875005
382,91450.0,60980911.78,88094557.05,9901556.2,217218.0,280.7359969247484,405.55827348562275,45.583497684353965,-124.82227656087434
383,38234.0,61416390.01,66394656.85,6921051.63,168249.0,365.0327194218093,394.621405476407,41.13576680990675,-29.5886860545977
384,71837.0,62410719.39,35066545.2,-30547269.78,240950.0,259.0193790827973,145.53453081552192,-126.77845934841254,113.48484826727537
385,44580.0,63005698.43,59951019.03,-13518890.18,174907.0,360.2239957806148,342.7594037402734,-77.29187613989149,17.464592040341415
386,63312.0,63697696.0,58699592.0,-2794252.54,151321.0,420.9441914869714,387.91438068741286,-18.465728748818737,33.02981079955856
387,67577.0,63975333.0,64695568.0,2973919.75,198382.0,322.4855732878991,326.1161194059945,14.990874928168886,-3.630546118095367
388,26539.0,64154934.0,88989988.0,9379089.11,204035.0,314.4310240890043,436.15060161246845,45.96804033621682,-121.71957752346412
389,55409.0,64402634.0,131526282.0,30080696.33,148572.0,433.47760008615353,885.2696470398191,202.46544658482082,-451.7920469536656
390,76179.0,64799800.39,56386610.27,3089884.0,166372.0,389.48741609165006,338.91887018248264,18.572139542711515,50.568545909167426
391,88582.0,65575264.58,82529442.7,8036080.89,145399.0,451.0021704413373,567.6066733608897,55.2691620300002,-116.60450291955237
392,34102.0,66448788.0,61361000.0,-17682308.21,228405.0,290.92527746765614,268.64998577088943,-77.41646728399115,22.275291696766715
393,61163.0,67496921.0,48820392.0,-25420942.91,214156.0,315.17641812510504,227.96649171631896,-118.70292174863184,87.20992640878609
394,36046.0,67756337.21,77814790.83,,139056.0,487.2593574531124,559.5931914480497,,-72.33383399493727
395,60612.0,67825946.0,69226372.0,-16511893.77,192607.0,352.1468378615523,359.4177366347017,-85.7284198912812,-7.27089877314944
396,29125.0,68420466.0,75916404.0,,130483.0,524.3630664531012,581.8106879823425,,-57.44762152924136
397,17341.0,69928875.78,82290333.81,3944039.65,141757.0,493.3010417827691,580.5027886453579,27.82253892224017,-87.20174686258878
398,47579.0,70383906.83,35832049.9,-24844080.41,154960.0,454.2069361770779,231.23418882292202,-160.3257641326794,222.9727473541559
399,99248.0,70770129.0,57016568.0,-24919104.44,212035.0,333.7662602872167,268.9016813261961,-117.52354299997643,64.86457896102058
400,32225.0,70946387.0,76292134.0,856571.75,167472.0,423.63133538740806,455.5515787713767,5.114716191363333,-31.920243383968625
401,91237.0,71467522.0,55171149.0,-15553342.32,189265.0,377.60559004570314,291.50212136422476,-82.17759395556494,86.10346868147838
402,36247.0,71999367.0,88281556.0,3930303.89,169481.0,424.82264678636545,520.8935278880818,23.190233064473304,-96.0708811017164
403,85804.0,72185965.0,75936508.0,-7611069.39,202446.0,356.5689862975806,375.09512660166166,-37.59555333274058,-18.526140304081082
404,10207.0,72803015.0,76863811.74,-2023576.08,215594.0,337.6857194541592,356.5211079158047,-9.386050075605073,-18.835388461645493
405,27357.0,73112102.12,67802664.04,1792502.93,170681.0,428.355248211576,397.2478719951254,10.50206484611644,31.107376216450575
406,40308.0,73541649.54,85930415.61,14829547.64,163568.0,449.6090282940429,525.3497970874498,90.6628902963905,-75.74076879340691
407,30613.0,73674052.39,56146377.61,-10432560.76,208756.0,352.9194484948936,268.9569526624384,-49.97490256567476,83.96249583245515
408,97560.0,75960581.7,92861603.89,6982868.71,180601.0,420.5988986771945,514.1810061406084,38.66461819148288,-93.58210746341388
409,29241.0,77199778.0,78396996.0,5900733.25,274816.0,280.914422741034,285.27085759198883,21.47157825599674,-4.356434850954827
410,67129.0,78325737.4,55555485.78,-13600470.61,213297.0,367.2144352710071,260.46069930660065,-63.76306563149036,106.75373596440647
411,40025.0,78456145.0,97466924.0,6391520.32,203893.0,384.79077261112445,478.02977051688873,31.347423991995804,-93.23899790576428
412,65441.0,79054583.0,57362792.41,-32866201.1,356225.0,221.9231749596463,161.02966498701662,-92.26247764755422,60.89350997262969
413,91069.0,80188268.15,100808441.7,-745863.3,176948.0,453.17419891719607,569.7065900716594,-4.215155299862107,-116.53239115446337
414,37833.0,80662042.0,93413220.4,12470418.63,216904.0,371.8789971600339,430.6661951831225,57.49280156198134,-58.78719802308859
415,11177.0,83008935.81,59814247.47,-30691628.34,223383.0,371.59916291750045,267.7654408347994,-137.39464659351876,103.83372208270106
416,79475.0,84411697.33,76242300.81,2548765.78,188376.0,448.10218568182785,404.734683876927,13.530204378477087,43.367501804900826
417,84481.0,85278716.0,80939920.07,-8236558.77,277467.0,307.34723768952705,291.71007748669206,-29.684822951918605,15.637160202834991
418,38344.0,86269350.0,83903892.0,11418310.79,116214.0,742.3318188858485,721.9774898032939,98.25245486774398,20.354329082554614
419,56503.0,86352286.73,77817714.88,-11167504.61,219946.0,392.60676134142017,353.80372855155355,-50.77384726250989,38.80303278986662
420,97879.0,86666275.0,105268457.0,10483559.33,148133.0,585.0571783464859,710.6347471528964,70.77126183902304,-125.57756880641045
421,36373.0,86717709.36,135265407.2,33816665.08,182766.0,474.4739686812646,740.1015900112711,185.0271116071917,-265.62762133000655
422,24872.0,86748330.08,72354210.28,-14547161.39,258853.0,335.1258439345884,279.5185309036403,-56.198542763653506,55.60731303094809
423,93091.0,87331622.0,87114965.56,-3779277.3,295687.0,295.35157785090314,294.6188556142137,-12.781344124023038,0.7327222366894262
424,77606.0,87727564.0,79753862.0,-4722553.93,184270.0,476.08164107016876,432.8098008357302,-25.62844700710913,43.27184023443857
425,87416.0,88339949.0,113442455.0,-1715699.95,203673.0,433.734216120939,556.9832771157689,-8.423796723178821,-123.24906099482996
426,74483.0,90190870.0,70533385.0,-20562221.68,277514.0,324.99574796226494,254.16153779629136,-74.09435805040467,70.83421016597359
427,27833.0,91945285.89,28330339.32,-61352776.51,362407.0,253.70725700662516,78.17271553805529,-169.29247092357488,175.53454146856987
428,46275.0,92558175.44,75357602.94,-19477061.31,344406.0,268.7472791995494,218.80455897980872,-56.552619031027334,49.942720219740664
429,78463.0,94484110.77,187327999.3,19685102.97,273751.0,345.1461757947916,684.3006940613916,71.90878926469675,-339.1545182666
430,39924.0,94501412.12,139375944.9,37956637.0,187422.0,504.21728569751684,743.6477302557864,202.51964550586376,-239.43044455826958
431,67243.0,97491963.0,88410665.0,-9974637.2,216688.0,449.91860647567006,408.00904987816585,-46.032254670309385,41.909556597504206
432,94084.0,97591741.46,113987929.2,18670711.32,248712.0,392.3885516581427,458.31294509311977,75.06960387918556,-65.92439343497705
433,48963.0,98100479.05,126432931.6,9062010.42,238885.0,410.65985327668125,529.2627481842727,37.934614647215184,-118.60289490759146
434,43070.0,99132164.92,124276058.4,-3573506.68,237778.0,416.9105843265567,522.6558319104375,-15.028752365651995,-105.74524758388083
435,48396.0,99697787.66,95569087.51,-5023772.82,254456.0,391.80757246832457,375.58197688401924,-19.74318868488069,16.225595584305324
436,75841.0,99773329.42,98737830.23,17279612.16,223111.0,447.19144022482084,442.5502562849882,77.44849944646387,4.641183939832615
437,84670.0,99789965.0,110544386.0,1171732.92,205276.0,486.1258257175705,538.5158810576979,5.70808530953448,-52.39005534012745
438,33380.0,100285626.4,40778856.15,-38452436.14,306002.0,327.7286632113516,133.26336478192954,-125.66073470108039,194.46529842942206
439,18350.0,101291469.0,136715595.7,16511893.78,299732.0,337.9401231767045,456.12612500500444,55.08885864705804,-118.18600182829994
440,43802.0,101678483.8,152925774.8,26478561.73,220073.0,462.02161918999604,694.8865821795496,120.31717534636235,-232.86496298955353
441,59025.0,102461360.6,118798880.5,367444.85,264556.0,387.29554650055184,449.05003288528707,1.388911421400384,-61.75448638473523
442,60536.0,102585338.0,109001581.0,-4206700.98,282010.0,363.76489486188433,386.5167228112478,-14.916850395376052,-22.751827949363474
443,71287.0,103553369.0,116478163.0,3959354.51,332025.0,311.8842526918154,350.8114238385664,11.924868639409683,-38.92717114675099
444,54192.0,104064767.5,93856037.79,-15288511.46,302623.0,343.87593639611003,310.14178628194156,-50.51999173889625,33.73415011416847
445,57173.0,104992337.0,121102498.0,3104066.63,305578.0,343.58604677038267,396.3063374981183,10.158017363815457,-52.72029072773563
446,85629.0,106889163.9,113798385.4,,174601.0,612.1910178063127,651.762506514854,,-39.57148870854121
447,61836.0,109508323.2,71522097.0,-29664686.35,363623.0,301.1589563916474,196.69299521757424,-81.58088556004434,104.46596117407316
448,20069.0,113446077.7,121328677.1,-27966031.41,377890.0,300.2092611606552,321.0687689539284,-74.00574614305751,-20.859507793273167
449,83978.0,113626086.8,108891922.4,-7286899.98,294890.0,385.3168530638543,369.26285191088203,-24.710569975245008,16.054001152972262
450,50221.0,114688709.6,85007762.76,-27121632.72,275451.0,416.36701119255326,308.613011969461,-98.46264025180521,107.75399922309225
451,49375.0,115375928.0,117857758.0,1238103.55,336710.0,342.6566719135161,350.02749547088,3.677062011820261,-7.370823557363906
452,73836.0,115629307.0,109150932.7,-11418310.77,139893.0,826.5553458714875,780.2458500425325,-81.62174497651776,46.30949582895494
453,70619.0,120222071.1,161371093.0,7301644.58,314319.0,382.48426312122393,513.3991040948845,23.230045208848335,-130.91484097366055
454,22444.0,120501551.9,135014690.8,2695562.98,293115.0,411.10673933439097,460.62020299199975,9.196264196646368,-49.51346365760878
455,79763.0,123126850.0,161305248.2,-11963347.32,334517.0,368.07352092718753,482.20344018390693,-35.76304737875803,-114.1299192567194
456,82569.0,123207107.1,110084940.9,,430308.0,286.3230688251206,255.8282460470175,,30.49482277810307
457,96601.0,125142353.1,156932333.4,35950670.67,276448.0,452.67953864741287,567.6739690647066,130.0449656716634,-114.99443041729376
458,83198.0,127153733.8,130694505.8,13434434.68,392267.0,324.15098338631594,333.1774169124601,34.24818982988628,-9.02643352614416
459,19898.0,127267834.0,123194512.0,-5705014.67,345768.0,368.07291015941325,356.29240415538743,-16.499544983919854,11.780506004025824
460,10191.0,128580316.0,201954105.8,13846054.57,299362.0,429.5144874767004,674.6150339722477,46.25187755961011,-245.1005464955473
461,82120.0,129383773.0,127426655.2,1781992.58,383931.0,336.9974630858149,331.89988617746417,4.641439685776872,5.097576908350732
462,92499.0,131730201.0,122381020.0,5351707.64,324858.0,405.50086807158823,376.72158296855855,16.47399060512593,28.77928510302968
463,56184.0,132150829.0,128120377.0,8841541.49,301003.0,439.0349232399677,425.6448507157736,29.373599233230234,13.390072524194125
464,15287.0,132647006.0,132308391.0,6027710.92,333572.0,397.6562960919981,396.6411779166117,18.070194500737472,1.0151181753864194
465,70525.0,134121060.4,193390442.4,2856187.95,396976.0,337.85684877675226,487.1590282535972,7.19486303957922,-149.30217947684497
466,78124.0,135032997.9,139077347.2,27204905.43,310171.0,435.3501710346873,448.38926656586204,87.70937782706959,-13.039095531174723
467,18167.0,135621047.0,141993410.0,-31798539.87,622659.0,217.80950247246085,228.04361616872157,-51.06894764228896,-10.23411369626072
468,76680.0,136955596.5,107135236.3,-22957774.05,381552.0,358.94346380047807,280.7880349205351,-60.16945016668764,78.15542887994297
469,62033.0,139260916.2,145882653.9,-457849.1,360843.0,385.932153873014,404.28289837962774,-1.26883187425002,-18.35074450661375
470,53789.0,139777767.0,128350976.0,-35510815.31,413276.0,338.21893117432415,310.5696338524376,-85.9251815009824,27.649297321886536
471,33670.0,140820333.2,148106488.9,9941477.55,362361.0,388.6188999368033,408.72634996591796,27.435285668159654,-20.10745002911466
472,26420.0,142709646.3,238892350.5,79007342.63,250546.0,569.5945906140988,953.4869864216552,315.3406665043545,-383.89239580755634
473,44965.0,143009162.6,102535993.5,-32450558.97,421778.0,339.0626410101997,243.1041768418457,-76.93753341805404,95.95846416835397
474,96751.0,143124816.2,139348488.0,-454944.09,382940.0,373.7525883950488,363.8911787747428,-1.1880296913354573,9.861409620306006
475,26002.0,143125602.0,217509208.0,2728291.54,442788.0,323.2373099541993,491.226519237197,6.161620323947352,-167.9892092829977
476,82483.0,143377159.5,163481023.8,-19781114.37,348875.0,410.9700021497671,468.5948371193121,-56.699718724471516,-57.62483496954502
477,90296.0,144825293.0,145144714.0,-29417473.49,463323.0,312.5795460186522,313.2689592357815,-63.492365995212836,-0.6894132171292995
478,89942.0,145327081.0,155618578.0,-16261579.31,431250.0,336.9903327536232,360.85467362318843,-37.7080099942029,-23.86434086956524
479,90714.0,146174600.2,134541654.3,-15087320.89,391975.0,372.9181713119459,343.2403961987372,-38.49051824733721,29.677775113208725
480,50305.0,147326961.0,148065533.0,8404038.14,428302.0,343.9791572301787,345.7035759814337,19.621757871782062,-1.724418751254973
481,68259.0,150890234.9,165069135.7,-10457177.89,409511.0,368.46442439885624,403.0884047070774,-25.53576800134795,-34.62398030822118
482,70194.0,152485135.2,230087842.0,49750020.05,323186.0,471.8185045144282,711.9362905571405,153.9361855092733,-240.11778604271234
483,94248.0,155071646.7,176573466.6,14625747.47,474810.0,326.5972635369937,371.8823668414734,30.80336865272425,-45.28510330447972
484,99663.0,157523774.4,170119783.1,-3220691.27,483242.0,325.9728550084637,352.0384881694886,-6.6647585888643786,-26.06563316102489
485,20507.0,162154869.0,236325046.0,48470286.14,410914.0,394.6199667083623,575.1204534282112,117.95725173637307,-180.50048671984894
486,16348.0,162839066.1,162168216.6,-4607851.23,689079.0,236.31407443848963,235.3405293152164,-6.686970913349558,0.973545123273226
487,69443.0,165680680.4,168842762.7,-11876109.92,428878.0,386.311912478607,393.6848304179743,-27.691114769235075,-7.372917939367312
488,33709.0,167251940.0,185011072.0,-3929579.78,552745.0,302.58426580068567,334.7132439008946,-7.109209092800477,-32.12897810020894
489,99110.0,169810875.1,280252072.4,65553512.41,328744.0,516.5444087192466,852.4933455819726,199.4059584661621,-335.948936862726
490,55957.0,177443910.0,186950728.0,-6653749.71,430439.0,412.23938815953017,434.3257186267973,-15.458054939259686,-22.086330467267146
491,27811.0,178637637.0,214467979.0,-25030909.74,581185.0,307.3679413611845,369.01843474969246,-43.06874702547381,-61.65049338850798
492,20129.0,179542056.0,213806409.0,1925800.26,440156.0,407.9055062296095,485.75143585456067,4.375267541508011,-77.84592962495117
493,38166.0,179557227.0,209916524.0,-8972947.64,332132.0,540.6200757530139,632.0273987450772,-27.016209338455795,-91.40732299206331
494,18973.0,180042572.3,176259533.9,-10630845.15,473825.0,379.97693726586823,371.9928959003852,-22.436226771487366,7.984041365483051
495,65847.0,182210405.4,197333022.2,-13675777.86,499608.0,364.70674088485373,394.9757053529967,-27.373016164673103,-30.268964468142997
496,95865.0,183216122.4,154780811.4,-13319421.75,538785.0,340.05423759013337,287.27750661209944,-24.72121857512737,52.776730978033925
497,29418.0,183790764.4,141268908.9,-38502143.79,618327.0,297.23878206838776,228.46957823287678,-62.268255777282896,68.76920383551098
498,32673.0,185523115.2,227329575.8,23973511.28,568737.0,326.2019443081776,399.7094892718427,42.15219210285246,-73.50754496366511
499,45127.0,185914936.0,217985745.0,13226705.35,441483.0,421.1145978440846,493.75795897010755,29.95971611590933,-72.64336112602297
500,16049.0,187345850.0,194070737.8,4425402.77,447772.0,418.39563438535686,433.4141880242624,9.88316100604772,-15.01855363890553
501,18628.0,187980194.5,148120335.6,-19679828.24,524977.0,358.07320034972963,282.14633326793364,-37.48702941271713,75.92686708179599
502,38498.0,188178972.0,161015713.0,-11353357.47,526619.0,357.3341865751141,305.7537099876761,-21.55895907667593,51.580476587438
503,85654.0,188789000.0,150979000.0,-55107410.5,667739.0,282.7287308364496,226.10481041245157,-82.52836886867473,56.623920423998015
504,37160.0,189953360.2,176708427.7,5450054.61,461658.0,411.4590458737853,382.76912281385785,11.805394057938994,28.68992305992748
505,45532.0,189994704.6,195001710.1,21010173.45,527754.0,360.0061858365829,369.49357105772765,39.81054326447549,-9.487385221144734
506,16064.0,190445438.3,139200562.5,,441046.0,431.8040256571877,315.61461276148066,,116.18941289570705
507,15438.0,193428464.7,199607881.8,-14085301.0,511508.0,378.1533518537344,390.23413475449064,-27.53681467347529,-12.080782900756219
508,94815.0,193570640.1,205709363.6,-25322894.3,515079.0,375.8076724152994,399.37439421913916,-49.16312701546753,-23.566721803839755
509,11269.0,196967953.0,219853610.0,8489.31,360037.0,547.0769754219705,610.6417118240626,0.023578993270136125,-63.56473640209208
510,80473.0,201069020.1,181304314.1,-30666000.99,594218.0,338.37584876257534,305.11414009673217,-51.60732423117442,33.26170866584317
511,64844.0,202395529.6,194599036.8,-31760032.8,577236.0,350.6287369464136,337.1221420701412,-55.02088019458246,13.506594876272402
512,87718.0,203678116.0,210651995.0,24185349.06,496278.0,410.4113339700732,424.4636977661714,48.733470071210085,-14.052363796098177
513,12028.0,206541369.6,195031076.9,-39102743.29,684153.0,301.8935378489899,285.06938784160855,-57.1549686839055,16.824150007381377
514,38499.0,211229814.7,201520425.3,-6169146.2,459815.0,459.38,438.2641394908822,-13.416583191065973,21.115860509117795
515,77552.0,212195171.4,213750194.7,-34109342.06,676015.0,313.8912175025702,316.1914967863139,-50.45648700102809,-2.3002792837436914
516,18558.0,215666455.0,273525098.0,31581487.09,574755.0,375.2319771032875,475.89859679341635,54.94773788831763,-100.66661969012887
517,99969.0,223050403.0,272026371.0,28217818.37,507466.0,439.5376301072387,536.0484663011906,55.6053378354412,-96.51083619395189
518,62141.0,223290186.6,250007555.2,-3996497.96,645597.0,345.8662084860989,387.25018115016024,-6.190391157331896,-41.38397266406133
519,11721.0,225227066.0,198347078.0,-14760.32,718574.0,313.43614714698833,276.0287430382953,-0.020541127288212488,37.407404108693015
520,98971.0,232911774.6,236793828.3,2463235.36,718276.0,324.26501038597974,329.66969284787467,3.429371662146584,-5.404682461894936
521,30751.0,240394690.0,259904231.6,-5337903.73,633417.0,379.52042651207654,410.32089697624156,-8.427155775736995,-30.800470464165016
522,95185.0,243102908.0,229023660.0,-48146445.67,760579.0,319.6287407356764,301.117517049511,-63.302360004680644,18.51122368616541
523,31609.0,244714245.0,328272799.0,74118152.98,496254.0,493.1229672707928,661.5015677455497,149.3552756854353,-168.37860047475687
524,18126.0,247229762.0,108535836.0,-106521339.3,792947.0,311.78598569639587,136.87653273169582,-134.33601400850245,174.90945296470005
525,31274.0,249405995.0,294749497.0,2324973.19,499129.0,499.6824368049142,590.5276932416269,4.658060721777336,-90.84525643671276
526,25303.0,250931437.0,176484919.6,-72347372.76,672732.0,373.00356902897437,262.34060457953535,-107.54263623552916,110.66296444943902
527,34762.0,254149725.1,284157223.9,16722536.07,723050.0,351.49675001728787,392.99802766060435,23.12777272664408,-41.501277643316485
528,63141.0,254400868.6,434295724.0,75959121.33,825944.0,308.0122485301667,525.817396821092,91.96643032699554,-217.80514829092527
529,39424.0,256991904.0,338079047.2,33462328.92,652354.0,393.9454713238518,518.2447677181408,51.29474015641814,-124.299296394289
530,37755.0,257424034.0,366576845.0,34870822.7,650019.0,396.02539925756014,563.9478922923792,53.64585142895824,-167.922493034819
531,33653.0,269816122.0,315546943.0,5309414.63,650462.0,414.8068941767544,485.1120326783117,8.16252852587853,-70.30513850155734
532,76962.0,272887365.9,278027677.8,-1673116.38,610498.0,446.99141667949766,455.41128357504857,-2.740576349144469,-8.41986689555091
533,52697.0,278013094.0,309518181.0,-20854745.86,708187.0,392.5701742618828,437.0571346268712,-29.448077781715845,-44.48696036498836
534,86545.0,281630564.5,310504939.2,24193391.03,638612.0,441.004184857159,486.2184537716172,37.88433513620164,-45.214268914458216
535,70893.0,286172536.5,170268481.5,-76682881.13,909425.0,314.6741474008302,187.22652390246586,-84.32018157627071,127.44762349836432
536,61589.0,286519235.8,305279675.4,11963363.34,849414.0,337.31400212381715,359.4003341126941,14.08425495694679,-22.086331988876964
537,41304.0,287761626.9,388035590.7,,786805.0,365.7343648044941,493.17885715011977,,-127.44449234562569
538,74289.0,289943882.2,331945630.2,-44218095.76,724618.0,400.1334250598246,458.0974116016991,-61.022629523417855,-57.963986541874476
539,27248.0,290420274.0,265216613.0,-64443832.93,1006534.0,288.53498639886976,263.494937081112,-64.02549037588398,25.040049317757735
540,42690.0,290846328.0,339128386.0,,539291.0,539.3124083287131,628.8411748017304,,-89.5287664730173
541,29678.0,298157742.0,346867208.0,13703605.42,872585.0,341.6947827432285,397.5168126887352,15.704608055375694,-55.8220299455067
542,91762.0,312164428.0,442082699.0,36425250.15,632759.0,493.33858230384715,698.6588875069339,57.56575591971035,-205.32030520308672
543,29698.0,328338278.0,317862401.0,-34476293.74,934102.0,351.5015255293319,340.2866078865049,-36.90848937268093,11.214917642827004
544,59763.0,336200238.0,289964646.0,,1173969.0,286.3791445941077,246.99514723131531,,39.38399736279237
545,29276.0,336684023.9,288594174.3,23234667.9,906565.0,371.3843176164974,318.338094124525,25.62934582738138,53.0462234919724
546,19636.0,337103824.0,287937814.0,-46288576.05,830256.0,406.0239540575437,346.80606222659037,-55.75217288402613,59.217891830953306
547,91716.0,347839204.3,383004577.2,2187611.73,983046.0,353.8381767485957,389.6100255735744,2.22534014684969,-35.77184882497869
548,82824.0,352928824.6,302397410.9,-49061684.16,1018921.0,346.3750620509343,296.78199870254906,-48.15062616238158,49.593063348385215
549,80519.0,358456700.6,390195765.3,36682245.97,734880.0,487.77582816242113,530.9652804539517,49.91596719192249,-43.18945229153053
550,80627.0,369339159.2,371252404.8,7611488.99,1094601.0,337.4189857308736,339.16687889011615,6.95366529904504,-1.747893159242551
551,87269.0,370760496.5,420520351.5,43292191.96,879410.0,421.6014106048373,478.18463685880306,49.22867827293299,-56.583226253965734
552,17575.0,394474929.9,395473402.1,23453648.5,936386.0,421.273844226633,422.3401482935456,25.04698756709306,-1.0663040669126076
553,56707.0,399049035.0,440670296.7,-36194842.92,1217857.0,327.66493520996306,361.8407552775079,-29.72010910969022,-34.17582006754486
554,21032.0,402547882.0,378221551.0,-59023683.88,1287943.0,312.55100730389466,293.6632684831549,-45.82786961845361,18.88773882073974
555,32753.0,406461787.7,332851974.2,-2324559.37,1093488.0,371.7112466712026,304.3947205639202,-2.1258206491520713,67.31652610728241
556,16322.0,409160383.5,470210509.0,-5211297.35,1322261.0,309.4399543660442,355.6109640986159,-3.941201737024687,-46.17100973257169
557,45786.0,416288416.0,213949014.0,-125970565.3,1338209.0,311.07877469065,159.87712980558342,-94.13370056545726,151.20164488506657
558,21663.0,428301633.3,250002700.6,-160888837.2,1270638.0,337.0760462854094,196.75367854573844,-126.62051441874081,140.32236773967097
559,72160.0,442903170.0,439553282.0,18333352.61,1261457.0,351.10445302535084,348.44888252235313,14.533474077990768,2.655570502997705
560,49831.0,454395716.0,519514520.0,48645541.56,1101801.0,412.4117839791396,471.51393037399674,44.15093248236297,-59.10214639485713
561,97176.0,461204220.0,554404207.0,102587361.7,1035653.0,445.32697727906935,535.3184966393184,99.05572783548158,-89.99151936024901
562,44240.0,462009094.1,493023312.0,-4108462.62,1195467.0,386.4674592439608,412.4106411971221,-3.4367009879821024,-25.943181953161343
563,85947.0,472330276.7,605952712.2,36327886.59,1348917.0,350.15518130470593,449.21423052715625,26.931150389534718,-99.05904922245031
564,68398.0,474737313.1,609487747.2,93698886.73,1050397.0,451.95989049854484,580.2451332210584,89.2033076351132,-128.28524272251354
565,36239.0,478743071.9,425408047.3,6598201.98,1383489.0,346.0403891176583,307.48928780785394,4.7692478798168985,38.55110130980438
566,49532.0,479156919.0,558511625.0,4289951.73,1227501.0,390.35155083376713,454.9989164978277,3.4948661793350886,-64.64736566406054
567,68781.0,509597215.4,702984108.0,22409549.17,1849312.0,275.56043296101467,380.1327780277206,12.11777632438442,-104.5723450667059
568,98185.0,525672869.2,443706331.6,-58286413.44,1508670.0,348.4346273207527,294.1042982229381,-38.6343026904492,54.33032909781463
569,49316.0,543956372.0,745732721.0,109756214.5,1239218.0,438.95131607190984,601.7768633121856,88.56893177794383,-162.82554724027574
570,49046.0,551320906.2,520906806.4,-26403372.35,1510064.0,365.09770857394125,344.95677428241453,-17.48493596960129,20.14093429152672
571,53901.0,566217459.2,551785277.1,29716531.05,1672386.0,338.5686433634341,329.93894776684334,17.768942726140974,8.62969559659075
572,33871.0,573518907.0,502166813.0,-53397058.27,1592335.0,360.1747791764924,315.36505383603327,-33.533809324043,44.809725340459124
573,28137.0,595957605.8,620150404.6,-9848840.41,1953448.0,305.0798412857675,317.46450614503175,-5.04177250175075,-12.384664859264262
574,15560.0,609751133.1,678988028.2,117279775.3,1363121.0,447.31988803635187,498.1128074470279,86.03768506244127,-50.79291941067601
575,61671.0,620268164.7,577451535.6,-89736583.12,1502872.0,412.72188496425514,384.23201417020215,-59.71006387769551,28.48987079405299
576,26065.0,640755819.4,640628072.5,-13226650.55,1645277.0,389.4516360466961,389.37399143123014,-8.039163344531042,0.07764461546594248
577,87571.0,710450871.0,793783820.4,-3948818.13,2028674.0,350.20455282613176,391.2820987502181,-1.9465020648955917,-41.07754592408634
578,67138.0,732748701.6,608224981.5,-53862013.99,2083374.0,351.71251133977864,291.9422924064522,-25.8532620595246,59.77021893332642
579,54332.0,750098351.7,697315803.7,-54829193.06,1649845.0,454.6477709724247,422.65534259278905,-33.23293585761087,31.99242837963567
580,88380.0,841526146.6,857737862.5,22279438.04,2325167.0,361.9207336935369,368.8930139211506,9.581865749857966,-6.972280227613737
581,46944.0,846364917.0,973600832.0,24939398.79,2156818.0,392.4136932277086,451.40611400683787,11.563052047043376,-58.99242077912925
582,57451.0,866170700.0,721852379.9,-112203006.2,2554014.0,339.14093658061387,282.6344647680083,-43.93202472656767,56.50647181260558
583,54172.0,868088165.0,664080390.0,-252569063.1,2589371.0,335.25059367699725,256.4639790899025,-97.54070123593722,78.78661458709473
584,93332.0,895686097.9,1304791602.0,143941804.7,2245359.0,398.90551929557813,581.1060066563966,64.10636548543016,-182.2004873608185
585,14002.0,983115944.0,1143858370.0,40053163.35,2648394.0,371.21211723029126,431.9064195131087,15.123566716281642,-60.69430228281743
586,35783.0,1022259090.0,1117504369.0,-1588085.51,2637265.0,387.62092167453784,423.7360936424667,-0.602171382094708,-36.11517196792886
587,30252.0,1038344661.0,1055850578.0,-6728057.44,2717429.0,382.1055346800229,388.5476227713769,-2.4758907923629283,-6.44208809135398
588,75293.0,1119572863.0,1346911505.0,-1661548.73,3252818.0,344.18552252231757,414.0752741161663,-0.5108028577067638,-69.88975159384876
589,91661.0,1150123086.0,966427849.0,-84325185.2,2466929.0,466.2165331876191,391.75341041432483,-34.18225056335225,74.46312277329429
590,36096.0,1823781516.0,1870843246.0,36348043.52,4887859.0,373.12482131747254,382.753112559098,7.436393627557588,-9.628291241625448
591,11512.0,2240222009.0,2208536078.0,150165052.9,5019015.0,446.3469443705588,440.03376718340155,29.919227756840737,6.313177187157237
592,33602.0,2648723458.0,2656789701.0,59463978.57,7787815.0,340.11124532362413,341.1469970717075,7.635515041125142,-1.0357517480833849
593,16842.0,2855099437.0,3072017634.0,464434259.9,7012969.0,407.1170765192317,438.04808405683815,66.22505530824391,-30.931007537606433
594,40513.0,2899936689.0,2664433592.0,-182807948.2,7386281.0,392.61120569336583,360.72735277739906,-24.749660647895737,31.88385291596677
595,27603.0,2934404826.0,2952584864.0,49496966.88,7425788.0,395.16409921748374,397.6123293581772,6.665550764444124,-2.448230140693454
596,70285.0,3331546180.0,3407583852.0,265442825.1,8342490.0,399.3467394027443,408.46124502396765,31.818177198893856,-9.114505621223373
